timestamp,sentiment_index,momentum_component,community_component,news_component,btc_price,btc_change_24h,eth_price,eth_change_24h,top_gainer,top_gainer_pct,top_loser,top_loser_pct
2026-09-24T18:38:30.612905+00:00,20.44,8.28,50.65,5.53,84279,0.18,2680.39,0.77,LINK,7.93,RAIN,-1.55
2026-09-24T18:39:29.075558+00:00,20.35,8.1,50.65,5.53,84280,0.17,2680.92,0.8,LINK,7.93,RAIN,-1.57
2026-09-24T18:41:54.839612+00:00,21.54,10.47,50.65,5.53,84416,0.34,2685.72,1.0,LINK,8.06,RAIN,-1.45
2026-09-24T18:42:28.965234+00:00,21.54,10.47,50.65,5.53,84416,0.34,2685.72,1.0,LINK,8.06,RAIN,-1.45
2026-09-24T18:42:57.165439+00:00,21.32,10.04,50.65,5.53,84393,0.31,2685.14,0.98,LINK,8.24,RAIN,-1.49
2026-09-24T18:43:26.386299+00:00,21.32,10.04,50.65,5.53,84393,0.31,2685.14,0.98,LINK,8.24,RAIN,-1.49
2026-09-24T18:44:25.808255+00:00,20.49,8.37,50.65,5.53,84383,0.21,2686.03,0.85,LINK,8.31,RAIN,-1.58
2026-09-24T18:47:59.510169+00:00,20.65,8.69,50.65,5.53,84406,0.23,2687.12,0.88,LINK,8.39,RAIN,-1.45
2026-09-24T18:51:02.919025+00:00,19.95,7.3,50.65,5.53,84377,0.13,2686.64,0.76,LINK,8.83,RAIN,-1.62
2026-09-24T18:54:04.161697+00:00,20.05,7.45,50.71,5.53,84436,0.13,2689.62,0.77,LINK,9.53,RAIN,-1.67
2026-09-24T18:57:03.171083+00:00,20.0,7.36,50.71,5.53,84401,0.1,2689.69,0.79,LINK,9.78,RAIN,-1.56
2026-09-24T19:00:03.660015+00:00,20.65,8.67,50.71,5.53,84478,0.19,2692.36,0.88,LINK,10.12,RAIN,-1.54
2026-09-24T19:03:03.559294+00:00,20.22,7.81,50.71,5.53,84436,0.15,2689.06,0.77,LINK,9.39,RAIN,-1.62
2026-09-24T19:06:02.508570+00:00,19.65,6.66,50.71,5.53,84332,0.06,2684.97,0.68,LINK,9.24,RAIN,-1.75
2026-09-24T19:09:02.455231+00:00,19.54,6.44,50.71,5.53,84321,0.04,2683.82,0.66,LINK,8.88,RAIN,-1.75
2026-09-24T19:12:04.137778+00:00,19.8,7.42,49.94,5.53,84417,0.12,2686.49,0.76,LINK,8.76,RAIN,-1.79
2026-09-24T19:15:03.383674+00:00,19.95,7.73,49.94,5.53,84499,0.17,2688.87,0.79,LINK,8.43,RAIN,-1.69
2026-09-24T19:18:11.268348+00:00,20.56,8.94,49.94,5.53,84544,0.25,2690.11,0.88,LINK,8.46,RAIN,-1.57
2026-09-24T19:21:02.692347+00:00,20.56,8.93,49.94,5.53,84573,0.25,2692.95,0.88,LINK,8.51,RAIN,-1.54
2026-09-24T19:24:02.340358+00:00,19.97,7.76,49.94,5.53,84563,0.19,2694.6,0.82,LINK,7.85,RAIN,-1.55
2026-09-24T19:27:03.580449+00:00,19.95,7.72,49.94,5.53,84589,0.2,2693.6,0.76,LINK,7.66,RAIN,-1.68
2026-09-24T19:30:05.062173+00:00,19.53,7.86,48.32,5.53,84603,0.21,2695.27,0.79,LINK,7.44,RAIN,-1.57
2026-09-24T19:33:02.713082+00:00,19.58,7.97,48.32,5.53,84563,0.2,2694.83,0.82,LINK,7.33,RAIN,-1.7
2026-09-24T19:36:02.353673+00:00,19.22,7.23,48.32,5.53,84571,0.13,2695.58,0.77,LINK,7.83,RAIN,-1.72
2026-09-24T19:39:02.982316+00:00,18.96,6.71,48.32,5.53,84556,0.11,2694.25,0.69,LINK,7.78,RAIN,-1.86
2026-09-24T19:42:02.708949+00:00,18.58,5.96,48.32,5.53,84497,0.07,2692.03,0.64,LINK,7.4,RAIN,-1.89
2026-09-24T19:45:04.182588+00:00,18.38,5.56,48.32,5.53,84435,-0.01,2694.19,0.74,LINK,7.41,RAIN,-2.68
2026-09-24T19:48:04.121489+00:00,17.95,5.14,47.37,5.87,84443,-0.04,2695.65,0.72,LINK,7.21,RAIN,-1.82
2026-09-24T19:51:03.011081+00:00,17.72,4.66,47.37,5.87,84425,-0.09,2696.54,0.71,LINK,7.4,RAIN,-1.51
2026-09-24T19:54:02.587020+00:00,18.21,5.65,47.37,5.87,84524,0.0,2699.24,0.79,LINK,7.74,RAIN,-1.4
2026-09-24T19:57:02.317425+00:00,18.41,6.04,47.37,5.87,84509,0.03,2697.73,0.79,LINK,7.96,RAIN,-1.39
2026-09-24T20:00:03.584173+00:00,17.56,4.35,47.37,5.87,84381,-0.12,2694.78,0.64,LINK,7.82,RAIN,-1.61
2026-09-24T20:03:03.203414+00:00,17.78,4.8,47.37,5.87,84349,-0.11,2694.36,0.71,LINK,7.94,RAIN,-1.32
2026-09-24T20:06:03.854161+00:00,19.11,7.2,47.79,5.87,84388,0.06,2694.52,0.83,LINK,8.05,RAIN,-1.34
2026-09-24T20:09:02.720438+00:00,17.67,4.31,47.79,5.87,84294,-0.13,2691.31,0.59,LINK,7.52,RAIN,-1.41
2026-09-24T20:12:03.464013+00:00,18.79,6.56,47.79,5.87,84378,0.04,2693.26,0.7,LINK,7.94,RAIN,-1.5
2026-09-24T20:15:03.556513+00:00,18.49,5.97,47.79,5.87,84346,-0.01,2691.85,0.69,LINK,7.71,RAIN,-1.45
2026-09-24T20:18:10.460938+00:00,17.35,3.68,47.79,5.87,84243,-0.16,2688.14,0.5,LINK,7.3,RAIN,-1.46
2026-09-24T20:21:03.089314+00:00,17.87,4.71,47.79,5.87,84281,-0.1,2688.96,0.55,LINK,7.68,RAIN,-1.63
2026-09-24T20:24:03.763699+00:00,18.24,4.66,49.63,5.1,84231,-0.14,2687.42,0.53,LINK,7.46,RAIN,-1.6
2026-09-24T20:27:03.091835+00:00,18.26,4.69,49.63,5.1,84171,-0.1,2682.88,0.49,LINK,7.3,RAIN,-1.57
2026-09-24T20:30:05.439374+00:00,18.52,5.22,49.63,5.1,84244,-0.08,2687.14,0.55,LINK,7.38,RAIN,-1.36
2026-09-24T20:33:03.194372+00:00,18.29,4.77,49.63,5.1,84204,-0.13,2685.82,0.55,LINK,7.34,RAIN,-1.35
2026-09-24T20:36:02.191633+00:00,17.85,3.88,49.63,5.1,84199,-0.15,2683.8,0.41,LINK,6.98,RAIN,-1.58
2026-09-24T20:39:03.180191+00:00,18.27,4.72,49.63,5.1,84262,-0.09,2684.85,0.48,LINK,7.03,RAIN,-1.5
2026-09-24T20:42:03.303023+00:00,18.38,4.59,49.72,5.87,84324,-0.08,2686.83,0.43,LINK,6.97,RAIN,-1.45
2026-09-24T20:45:04.106550+00:00,18.84,5.49,49.72,5.87,84379,-0.02,2688.1,0.47,LINK,6.93,RAIN,-1.48
2026-09-24T20:48:02.975601+00:00,18.73,5.28,49.72,5.87,84372,-0.01,2687.28,0.46,LINK,6.92,RAIN,-1.39
2026-09-24T20:51:03.098000+00:00,19.57,6.97,49.72,5.87,84394,0.09,2688.59,0.58,LINK,7.37,RAIN,-1.31
2026-09-24T20:54:02.829872+00:00,20.45,8.72,49.72,5.87,84436,0.21,2688.93,0.65,LINK,7.67,RAIN,-1.25
2026-09-24T20:57:02.617018+00:00,19.93,7.68,49.72,5.87,84381,0.15,2687.24,0.57,LINK,7.65,RAIN,-1.35
2026-09-24T21:00:05.349026+00:00,19.24,6.88,48.76,5.87,84278,0.07,2685.14,0.56,LINK,7.64,RAIN,-1.35
2026-09-24T21:03:03.056685+00:00,19.65,7.69,48.76,5.87,84361,0.12,2687.94,0.65,LINK,7.77,RAIN,-1.28
2026-09-24T21:06:02.997443+00:00,19.22,6.84,48.76,5.87,84334,0.06,2687.39,0.57,LINK,7.96,RAIN,-1.07
2026-09-24T21:09:02.677961+00:00,18.99,6.39,48.76,5.87,84300,0.03,2685.42,0.54,LINK,7.74,RAIN,-1.27
2026-09-24T21:12:02.319279+00:00,18.78,5.95,48.76,5.87,84341,0.01,2686.05,0.51,LINK,7.64,RAIN,-1.26
2026-09-24T21:15:02.772530+00:00,18.68,5.75,48.76,5.87,84337,-0.01,2686.13,0.5,LINK,7.41,RAIN,-1.28
2026-09-24T21:18:08.286563+00:00,18.71,6.18,48.15,5.87,84316,0.02,2686.13,0.57,LINK,7.47,RAIN,-1.22
2026-09-24T21:21:02.350622+00:00,19.11,6.99,48.15,5.87,84375,0.06,2687.86,0.6,LINK,7.83,RAIN,-1.16
2026-09-24T21:24:02.705792+00:00,19.27,7.31,48.15,5.87,84413,0.08,2689.16,0.62,LINK,8.16,RAIN,-1.23
2026-09-24T21:27:02.896410+00:00,18.94,6.63,48.15,5.87,84397,0.03,2688.99,0.57,LINK,8.01,RAIN,-1.21
2026-09-24T21:30:03.215197+00:00,18.76,6.28,48.15,5.87,84407,0.01,2688.87,0.55,LINK,7.94,RAIN,-1.22
2026-09-24T21:33:03.618041+00:00,18.52,5.81,48.15,5.87,84405,-0.01,2688.4,0.5,LINK,7.7,RAIN,-1.23
2026-09-24T21:36:03.576160+00:00,18.92,6.17,48.87,5.87,84458,0.01,2690.75,0.54,LINK,7.92,RAIN,-1.23
2026-09-24T21:39:02.244326+00:00,18.87,6.06,48.87,5.87,84476,0.0,2691.87,0.56,LINK,7.85,RAIN,-1.15
2026-09-24T21:42:02.839362+00:00,18.18,4.68,48.87,5.87,84422,-0.07,2689.48,0.48,LINK,7.9,FIGR_HELOC,-1.42
2026-09-24T21:45:03.985482+00:00,18.09,4.51,48.87,5.87,84454,-0.07,2689.69,0.43,LINK,7.69,FIGR_HELOC,-1.42
2026-09-24T21:48:02.545475+00:00,18.13,4.59,48.87,5.87,84465,-0.06,2690.12,0.41,LINK,7.78,FIGR_HELOC,-1.42
2026-09-24T21:51:03.089595+00:00,18.37,5.08,48.87,5.87,84432,-0.03,2689.52,0.43,LINK,7.88,FIGR_HELOC,-1.42
2026-09-24T21:54:03.817166+00:00,18.55,4.74,50.02,5.87,84405,-0.06,2688.54,0.4,LINK,7.89,FIGR_HELOC,-1.42
2026-09-24T21:57:02.477124+00:00,18.72,5.09,50.02,5.87,84401,-0.04,2689.03,0.42,LINK,8.03,RAIN,-1.67
2026-09-24T22:00:20.352722+00:00,18.35,4.34,50.02,5.87,84358,-0.09,2687.26,0.36,LINK,8.14,RAIN,-1.68
2026-09-24T22:03:04.155015+00:00,17.39,2.42,50.02,5.87,84297,-0.18,2685.25,0.27,LINK,7.82,RAIN,-1.59
2026-09-24T22:06:03.217852+00:00,18.03,3.7,50.02,5.87,84278,-0.08,2685.34,0.32,LINK,7.76,RAIN,-1.72
2026-09-24T22:09:02.795466+00:00,15.88,-0.6,50.02,5.87,84276,-0.32,2683.85,-0.32,LINK,7.07,RAIN,-1.97
2026-09-24T22:12:03.487832+00:00,15.07,-1.69,49.13,5.87,84313,-0.38,2684.67,-0.39,LINK,6.78,HYPE,-1.96
2026-09-24T22:15:03.780613+00:00,15.65,-0.53,49.13,5.87,84313,-0.32,2684.4,-0.2,LINK,7.22,RAIN,-1.96
2026-09-24T22:18:09.872500+00:00,15.8,-0.22,49.13,5.87,84308,-0.3,2685.25,-0.16,LINK,7.26,RAIN,-1.94
2026-09-24T22:21:02.990380+00:00,14.52,-2.79,49.13,5.87,84031,-0.51,2678.37,-0.33,LINK,6.97,RAIN,-1.99
2026-09-24T22:24:02.307958+00:00,14.07,-3.69,49.13,5.87,84027,-0.59,2677.51,-0.41,LINK,6.94,RAIN,-2.01
2026-09-24T22:27:05.262815+00:00,15.33,-1.57,49.8,5.87,84060,-0.45,2677.93,-0.29,LINK,7.36,RAIN,-2.03
2026-09-24T22:30:09.993298+00:00,15.56,-1.11,49.8,5.87,84134,-0.42,2680.61,-0.25,LINK,7.45,RAIN,-2.04
2026-09-24T22:33:02.391599+00:00,16.21,0.2,49.8,5.87,84120,-0.34,2679.74,-0.16,LINK,7.55,RAIN,-2.08
2026-09-24T22:36:02.210786+00:00,16.68,1.13,49.8,5.87,84158,-0.3,2681.91,-0.04,LINK,7.86,RAIN,-1.84
2026-09-24T22:39:02.990116+00:00,16.32,0.42,49.8,5.87,84130,-0.35,2681.9,-0.07,LINK,7.71,RAIN,-1.92
2026-09-24T22:42:02.701978+00:00,15.72,-0.79,49.8,5.87,84102,-0.44,2680.58,-0.12,LINK,7.26,RAIN,-1.87
2026-09-24T22:45:05.669422+00:00,15.47,-1.37,49.95,5.87,84099,-0.48,2680.58,-0.19,LINK,7.03,RAIN,-1.9
2026-09-24T22:48:02.461822+00:00,14.88,-2.55,49.95,5.87,84122,-0.53,2680.81,-0.36,LINK,6.82,RAIN,-1.96
2026-09-24T22:51:02.408280+00:00,15.13,-2.05,49.95,5.87,84205,-0.47,2683.39,-0.36,LINK,6.92,RAIN,-2.06
2026-09-24T22:54:02.913320+00:00,15.56,-1.2,49.95,5.87,84212,-0.43,2684.06,-0.27,LINK,7.02,RAIN,-1.94
2026-09-24T22:57:02.337026+00:00,15.64,-1.04,49.95,5.87,84225,-0.41,2684.12,-0.26,LINK,6.98,HYPE,-1.78
2026-09-24T23:00:03.660528+00:00,15.81,-0.71,49.95,5.87,84219,-0.39,2683.52,-0.24,LINK,6.89,HYPE,-1.85
2026-09-24T23:03:05.065271+00:00,16.52,1.04,49.43,5.87,84253,-0.28,2684.56,-0.09,LINK,7.12,RAIN,-1.71
2026-09-24T23:06:02.848886+00:00,16.35,0.69,49.43,5.87,84286,-0.31,2686.17,-0.11,LINK,7.22,HYPE,-1.94
2026-09-24T23:09:02.527293+00:00,16.9,1.8,49.43,5.87,84326,-0.23,2687.6,-0.01,LINK,7.17,HYPE,-1.91
2026-09-24T23:12:02.215634+00:00,16.78,1.55,49.43,5.87,84318,-0.24,2687.35,0.01,LINK,7.19,HYPE,-2.01
2026-09-24T23:15:03.294271+00:00,16.49,0.97,49.43,5.87,84341,-0.27,2687.97,-0.04,LINK,6.81,HYPE,-2.05
2026-09-24T23:18:10.433581+00:00,16.44,1.05,49.13,5.87,84266,-0.25,2684.72,-0.06,LINK,6.83,HYPE,-2.1
2026-09-24T23:21:02.560503+00:00,16.98,2.13,49.13,5.87,84308,-0.17,2686.86,0.05,LINK,6.92,HYPE,-2.04
2026-09-24T23:24:02.782825+00:00,17.52,3.22,49.13,5.87,84344,-0.11,2688.1,0.12,LINK,7.06,HYPE,-1.88
2026-09-24T23:27:03.157331+00:00,17.6,3.37,49.13,5.87,84358,-0.1,2688.99,0.15,LINK,7.09,HYPE,-1.86
2026-09-24T23:30:03.263978+00:00,17.77,3.72,49.13,5.87,84385,-0.1,2690.7,0.25,LINK,7.22,HYPE,-2.02
2026-09-24T23:33:02.425669+00:00,18.05,4.27,49.13,5.87,84410,-0.06,2692.25,0.3,LINK,7.26,HYPE,-1.95
2026-09-24T23:36:03.849687+00:00,17.47,3.95,47.73,5.87,84414,-0.08,2691.48,0.25,LINK,7.31,HYPE,-2.01
2026-09-24T23:39:02.472385+00:00,17.71,4.43,47.73,5.87,84422,-0.06,2690.96,0.29,LINK,7.41,HYPE,-1.87
2026-09-24T23:42:03.080088+00:00,17.79,4.6,47.73,5.87,84426,-0.05,2690.85,0.33,LINK,7.35,HYPE,-1.94
2026-09-24T23:45:03.857236+00:00,17.84,4.69,47.73,5.87,84423,-0.04,2691.23,0.35,LINK,7.23,HYPE,-1.89
2026-09-24T23:48:02.229020+00:00,17.56,4.13,47.73,5.87,84386,-0.04,2689.37,0.28,LINK,7.03,HYPE,-2.03
2026-09-24T23:51:03.353343+00:00,17.55,4.11,47.73,5.87,84385,-0.03,2689.44,0.22,LINK,6.98,HYPE,-1.86
2026-09-24T23:54:04.188240+00:00,17.86,4.5,48.11,5.87,84390,0.03,2689.4,0.22,XLM,6.93,HYPE,-1.95
2026-09-24T23:57:02.722370+00:00,17.57,3.93,48.11,5.87,84385,-0.02,2688.3,0.14,LINK,6.92,HYPE,-2.03
2026-09-25T00:00:04.481986+00:00,17.52,3.83,48.11,5.87,84381,-0.0,2687.29,0.1,XLM,7.09,HYPE,-2.0
2026-09-25T00:03:03.396215+00:00,17.24,3.27,48.11,5.87,84379,-0.05,2687.16,0.08,XLM,7.49,HYPE,-2.14
2026-09-25T00:06:03.089918+00:00,17.23,3.24,48.11,5.87,84432,-0.03,2688.35,0.03,XLM,8.04,HYPE,-2.25
2026-09-25T00:09:02.889308+00:00,18.52,5.83,48.11,5.87,84472,0.11,2690.15,0.16,XLM,9.0,HYPE,-2.02
2026-09-25T00:12:03.699890+00:00,20.02,9.19,47.51,5.87,84650,0.37,2694.85,0.4,XLM,8.92,HYPE,-1.69
2026-09-25T00:15:03.794088+00:00,19.56,8.27,47.51,5.87,84622,0.32,2694.02,0.32,XLM,8.54,HYPE,-1.83
2026-09-25T00:18:07.174228+00:00,19.11,7.37,47.51,5.87,84597,0.26,2693.63,0.22,XLM,9.15,HYPE,-2.22
2026-09-25T00:21:02.615543+00:00,18.26,5.66,47.51,5.87,84556,0.16,2691.68,0.08,XLM,8.94,HYPE,-2.45
2026-09-25T00:24:06.380767+00:00,18.98,7.12,47.51,5.87,84555,0.25,2690.8,0.16,XLM,10.06,HYPE,-2.34
2026-09-25T00:27:03.361731+00:00,18.71,6.56,47.51,5.87,84599,0.24,2691.74,0.1,XLM,10.09,HYPE,-2.44
2026-09-25T00:30:05.479173+00:00,19.03,7.16,47.59,5.87,84583,0.3,2690.95,0.14,XLM,10.46,HYPE,-2.56
2026-09-25T00:33:02.331720+00:00,18.25,5.6,47.59,5.87,84589,0.2,2689.45,-0.05,XLM,10.22,HYPE,-2.65
2026-09-25T00:36:02.349785+00:00,19.02,7.13,47.59,5.87,84571,0.3,2689.55,0.11,XLM,10.15,HYPE,-2.5
2026-09-25T00:39:02.866210+00:00,19.39,7.89,47.59,5.87,84576,0.34,2689.94,0.21,XLM,10.05,HYPE,-2.47
2026-09-25T00:42:02.401856+00:00,19.4,7.91,47.59,5.87,84575,0.34,2690.4,0.22,XLM,9.76,HYPE,-2.57
2026-09-25T00:45:03.601713+00:00,19.67,8.43,47.59,5.87,84637,0.36,2692.43,0.28,XLM,10.2,HYPE,-2.5
2026-09-25T00:48:04.155929+00:00,19.01,7.4,47.12,5.87,84582,0.3,2689.79,0.23,XLM,10.08,HYPE,-2.8
2026-09-25T00:51:02.833737+00:00,19.31,8.0,47.12,5.87,84579,0.34,2689.06,0.26,XLM,10.08,HYPE,-2.59
2026-09-25T00:54:02.372270+00:00,19.78,8.95,47.12,5.87,84605,0.41,2690.02,0.33,XLM,9.87,HYPE,-2.4
2026-09-25T00:57:03.036109+00:00,19.59,8.56,47.12,5.87,84626,0.41,2690.23,0.29,XLM,9.55,HYPE,-2.69
2026-09-25T01:00:03.259675+00:00,19.02,7.43,47.12,5.87,84609,0.31,2690.14,0.26,XLM,9.24,HYPE,-2.89
2026-09-25T01:03:03.280634+00:00,19.2,7.79,47.12,5.87,84563,0.34,2689.01,0.28,XLM,9.46,HYPE,-2.86
2026-09-25T01:06:03.848862+00:00,20.23,9.93,46.96,5.87,84647,0.47,2693.44,0.48,XLM,9.62,HYPE,-2.66
2026-09-25T01:09:02.955594+00:00,20.28,10.03,46.96,5.87,84649,0.47,2694.51,0.49,XLM,9.71,HYPE,-2.42
2026-09-25T01:12:02.435549+00:00,20.7,10.88,46.96,5.87,84693,0.53,2696.42,0.56,XLM,9.61,HYPE,-2.06
2026-09-25T01:15:03.755621+00:00,20.49,10.47,46.96,5.87,84732,0.51,2696.18,0.45,XLM,9.78,HYPE,-1.93
2026-09-25T01:18:08.464376+00:00,21.2,11.87,46.96,5.87,84694,0.59,2694.99,0.54,XLM,10.06,RAIN,-1.65
2026-09-25T01:21:02.288424+00:00,20.74,10.95,46.96,5.87,84668,0.51,2694.29,0.51,XLM,10.14,HYPE,-1.73
2026-09-25T01:24:04.293368+00:00,20.59,10.49,47.25,5.87,84628,0.48,2693.09,0.47,XLM,9.88,HYPE,-1.84
2026-09-25T01:27:03.658273+00:00,20.03,9.35,47.25,5.87,84577,0.4,2691.35,0.38,LINK,9.27,HYPE,-1.96
2026-09-25T01:30:03.671844+00:00,19.44,8.18,47.25,5.87,84532,0.32,2689.35,0.25,LINK,9.11,HYPE,-2.04
2026-09-25T01:33:03.045043+00:00,18.45,6.19,47.25,5.87,84392,0.2,2683.99,0.04,LINK,8.86,HYPE,-2.23
2026-09-25T01:36:02.371221+00:00,17.19,3.67,47.25,5.87,84421,0.04,2684.33,-0.19,LINK,8.5,HYPE,-2.51
2026-09-25T01:39:02.819845+00:00,17.2,3.7,47.25,5.87,84367,0.02,2683.22,-0.16,XLM,8.08,HYPE,-2.37
2026-09-25T01:42:03.305002+00:00,17.6,5.7,45.25,5.87,84423,0.15,2684.53,0.0,XLM,8.7,HYPE,-2.33
2026-09-25T01:45:03.558620+00:00,19.07,8.64,45.25,5.87,84477,0.36,2685.47,0.23,XLM,9.29,HYPE,-2.1
2026-09-25T01:48:02.451755+00:00,19.39,9.28,45.25,5.87,84461,0.41,2685.8,0.28,XLM,9.57,HYPE,-1.58
2026-09-25T01:51:03.016371+00:00,20.19,10.88,45.25,5.87,84498,0.52,2686.91,0.45,XLM,9.84,RAIN,-1.41
2026-09-25T01:54:02.509392+00:00,20.36,11.22,45.25,5.87,84549,0.55,2688.19,0.46,XLM,10.1,RAIN,-1.3
2026-09-25T01:57:03.080691+00:00,19.63,9.77,45.25,5.87,84531,0.44,2687.53,0.41,XLM,9.73,RAIN,-1.39
2026-09-25T02:00:05.738317+00:00,19.82,10.57,44.53,5.87,84528,0.5,2687.61,0.46,XLM,9.95,RAIN,-1.36
2026-09-25T02:03:02.763800+00:00,20.7,12.34,44.53,5.87,84565,0.63,2688.41,0.57,XLM,10.1,RAIN,-1.31
2026-09-25T02:06:02.474013+00:00,22.81,16.56,44.53,5.87,84693,0.9,2694.05,0.91,XLM,11.05,RAIN,-1.22
2026-09-25T02:09:02.980392+00:00,24.1,19.14,44.53,5.87,84822,1.1,2697.17,1.05,XLM,11.89,RAIN,-1.21
2026-09-25T02:12:02.536204+00:00,24.48,19.89,44.53,5.87,84773,1.18,2696.4,1.08,XLM,12.13,RAIN,-1.2
2026-09-25T02:15:03.372873+00:00,23.66,18.26,44.53,5.87,84814,1.09,2696.37,0.92,XLM,11.44,RAIN,-1.41
2026-09-25T02:18:08.277534+00:00,23.46,15.59,46.19,9.05,84845,0.91,2698.25,0.71,XLM,10.72,RAIN,-1.46
2026-09-25T02:21:02.744278+00:00,22.05,12.76,46.19,9.05,84816,0.71,2696.87,0.51,XLM,10.23,RAIN,-1.5
2026-09-25T02:24:03.300113+00:00,23.01,14.69,46.19,9.05,84792,0.85,2696.69,0.73,XLM,10.04,RAIN,-1.4
2026-09-25T02:27:03.500031+00:00,22.69,14.04,46.19,9.05,84773,0.81,2695.33,0.66,XLM,10.22,LEO,-1.64
2026-09-25T02:30:03.556790+00:00,22.05,12.77,46.19,9.05,84726,0.73,2692.47,0.53,XLM,10.36,LEO,-1.76
2026-09-25T02:33:03.074303+00:00,21.38,11.43,46.19,9.05,84654,0.62,2690.5,0.46,XLM,10.24,RAIN,-1.63
2026-09-25T02:36:03.742556+00:00,20.86,10.16,46.58,9.05,84681,0.53,2691.67,0.41,XLM,10.07,RAIN,-1.69
2026-09-25T02:39:02.252739+00:00,19.32,7.07,46.58,9.05,84559,0.34,2686.91,0.16,XLM,9.38,LEO,-1.79
2026-09-25T02:42:02.841883+00:00,18.59,5.6,46.58,9.05,84443,0.24,2682.83,0.09,XLM,9.04,RAIN,-1.81
2026-09-25T02:45:03.901720+00:00,17.8,4.04,46.58,9.05,84433,0.15,2682.56,-0.05,XLM,8.34,RAIN,-2.03
2026-09-25T02:48:02.740196+00:00,17.59,3.62,46.58,9.05,84444,0.13,2682.56,-0.11,XLM,8.48,RAIN,-1.68
2026-09-25T02:51:03.009404+00:00,16.62,1.67,46.58,9.05,84290,-0.01,2678.21,-0.23,XLM,8.12,RAIN,-1.72
2026-09-25T02:54:03.482616+00:00,16.14,0.45,47.02,9.05,84250,-0.1,2676.41,-0.34,XLM,7.97,RAIN,-1.86
2026-09-25T02:57:03.022010+00:00,15.94,0.05,47.02,9.05,84217,-0.15,2675.8,-0.36,XLM,8.22,RAIN,-1.8
2026-09-25T03:00:03.097786+00:00,15.93,0.02,47.02,9.05,84218,-0.15,2675.68,-0.37,XLM,8.5,RAIN,-1.95
2026-09-25T03:03:03.669477+00:00,15.29,-1.25,47.02,9.05,84199,-0.22,2674.37,-0.48,XLM,8.18,RAIN,-2.04
2026-09-25T03:06:02.848383+00:00,14.76,-2.31,47.02,9.05,84170,-0.31,2673.8,-0.52,XLM,8.05,RAIN,-2.11
2026-09-25T03:09:02.652673+00:00,16.3,0.76,47.02,9.05,84265,-0.12,2676.67,-0.27,XLM,9.03,RAIN,-1.88
2026-09-25T03:12:03.608911+00:00,17.01,2.22,46.98,9.05,84285,-0.02,2677.73,-0.16,XLM,9.22,RAIN,-1.75
2026-09-25T03:15:03.076312+00:00,17.28,2.75,46.98,9.05,84271,0.02,2677.85,-0.1,XLM,9.26,RAIN,-1.66
2026-09-25T03:18:05.956464+00:00,17.22,2.63,46.98,9.05,84287,0.03,2678.02,-0.19,XLM,9.37,RAIN,-1.8
2026-09-25T03:21:03.189162+00:00,16.99,2.16,46.98,9.05,84233,0.01,2676.3,-0.22,XLM,9.04,RAIN,-1.87
2026-09-25T03:24:02.202175+00:00,17.45,3.08,46.98,9.05,84220,0.07,2676.34,-0.14,XLM,8.96,RAIN,-1.84
2026-09-25T03:27:05.303324+00:00,19.06,4.64,48.72,10.64,84208,0.19,2675.62,-0.02,XLM,9.21,RAIN,-1.76
2026-09-25T03:30:09.959312+00:00,19.22,4.96,48.72,10.64,84206,0.21,2675.54,0.02,XLM,8.53,RAIN,-1.69
2026-09-25T03:33:03.269869+00:00,18.61,3.74,48.72,10.64,84097,0.1,2674.29,-0.03,XLM,8.24,RAIN,-1.81
2026-09-25T03:36:02.921900+00:00,19.48,5.46,48.72,10.64,84169,0.22,2676.01,0.05,XLM,8.59,RAIN,-1.61
2026-09-25T03:39:02.495343+00:00,20.03,6.56,48.72,10.64,84199,0.32,2676.05,0.09,XLM,8.79,RAIN,-1.7
2026-09-25T03:42:03.091972+00:00,20.59,7.69,48.72,10.64,84281,0.4,2678.56,0.15,XLM,9.01,RAIN,-1.6
2026-09-25T03:45:04.533476+00:00,20.55,7.36,49.12,10.64,84289,0.37,2679.27,0.14,XLM,8.72,RAIN,-1.63
2026-09-25T03:48:02.522594+00:00,19.54,5.34,49.12,10.64,84188,0.23,2676.06,0.02,XLM,8.44,RAIN,-1.67
2026-09-25T03:51:02.687351+00:00,19.95,6.17,49.12,10.64,84178,0.29,2676.37,0.07,LINK,8.91,RAIN,-1.84
2026-09-25T03:54:02.157572+00:00,20.28,6.82,49.12,10.64,84199,0.35,2677.03,0.07,LINK,9.13,RAIN,-1.77
2026-09-25T03:57:02.702150+00:00,20.46,7.19,49.12,10.64,84166,0.37,2676.09,0.07,LINK,9.26,RAIN,-1.86
2026-09-25T04:00:02.979955+00:00,20.54,7.35,49.12,10.64,84193,0.37,2677.57,0.09,LINK,9.28,RAIN,-1.77
2026-09-25T04:03:04.472663+00:00,21.13,7.58,49.36,12.65,84203,0.38,2677.94,0.15,LINK,9.24,RAIN,-1.81
2026-09-25T04:06:02.721282+00:00,21.06,7.45,49.36,12.65,84155,0.37,2676.01,0.13,XLM,10.09,RAIN,-1.77
2026-09-25T04:09:03.309883+00:00,20.9,7.12,49.36,12.65,84156,0.34,2676.27,0.12,XLM,10.12,RAIN,-1.83
2026-09-25T04:12:02.762886+00:00,21.28,7.88,49.36,12.65,84185,0.38,2677.78,0.17,XLM,10.16,RAIN,-1.75
2026-09-25T04:15:03.668858+00:00,20.74,6.81,49.36,12.65,84081,0.3,2675.35,0.11,XLM,10.13,LEO,-1.89
2026-09-25T04:18:07.962548+00:00,20.5,6.28,49.44,12.65,84074,0.29,2672.97,0.03,XLM,10.03,LEO,-1.89
2026-09-25T04:21:02.702857+00:00,20.85,6.97,49.44,12.65,84112,0.33,2674.61,0.11,XLM,10.17,LEO,-1.89
2026-09-25T04:24:02.744929+00:00,20.7,6.68,49.44,12.65,84098,0.31,2674.7,0.08,XLM,10.02,RAIN,-1.75
2026-09-25T04:27:03.076464+00:00,20.54,6.36,49.44,12.65,84092,0.28,2674.97,0.06,XLM,9.98,RAIN,-1.76
2026-09-25T04:30:03.560389+00:00,20.15,5.58,49.44,12.65,84093,0.24,2675.34,-0.03,XLM,9.98,LEO,-2.07
2026-09-25T04:33:03.122279+00:00,20.32,5.92,49.44,12.65,84114,0.28,2676.15,-0.0,XLM,9.94,RAIN,-1.91
2026-09-25T04:36:04.106921+00:00,20.71,6.18,50.28,12.65,84133,0.28,2677.29,0.03,XLM,10.13,RAIN,-1.94
2026-09-25T04:39:02.632235+00:00,21.35,7.47,50.28,12.65,84170,0.37,2679.45,0.15,XLM,10.57,RAIN,-1.86
2026-09-25T04:42:02.468830+00:00,21.83,8.43,50.28,12.65,84198,0.41,2682.15,0.29,XLM,10.65,LEO,-1.92
2026-09-25T04:45:03.162590+00:00,22.14,9.05,50.28,12.65,84251,0.46,2683.66,0.31,XLM,10.77,LEO,-2.41
2026-09-25T04:48:02.539226+00:00,22.47,9.71,50.28,12.65,84257,0.53,2683.45,0.37,XLM,10.33,LEO,-2.33
2026-09-25T04:51:02.897009+00:00,21.94,8.65,50.28,12.65,84206,0.5,2680.64,0.23,XLM,9.67,LEO,-2.29
2026-09-25T04:54:03.217819+00:00,21.43,7.12,51.11,12.65,84172,0.4,2679.54,0.09,XLM,9.34,LEO,-2.28
2026-09-25T04:57:02.936532+00:00,20.53,5.32,51.11,12.65,84162,0.26,2680.17,-0.02,XLM,9.17,LEO,-2.44
2026-09-25T05:00:03.657837+00:00,20.03,4.33,51.11,12.65,84192,0.2,2679.52,-0.07,XLM,8.8,LEO,-2.39
2026-09-25T05:03:03.465994+00:00,19.44,3.15,51.11,12.65,84181,0.13,2679.69,-0.15,XLM,8.5,LEO,-2.39
2026-09-25T05:06:02.709421+00:00,18.38,1.02,51.11,12.65,84216,-0.0,2680.98,-0.37,XLM,8.26,LEO,-2.26
2026-09-25T05:09:03.202141+00:00,17.0,-1.72,51.11,12.65,84183,-0.16,2679.53,-0.66,XLM,8.07,LEO,-2.27
2026-09-25T05:12:03.928191+00:00,17.5,-1.16,51.82,12.65,84198,-0.13,2678.98,-0.63,XLM,8.24,LEO,-2.33
2026-09-25T05:15:04.663902+00:00,18.14,0.12,51.82,12.65,84172,-0.03,2678.56,-0.52,XLM,8.3,LEO,-2.36
2026-09-25T05:18:08.392896+00:00,18.58,1.01,51.82,12.65,84169,0.03,2678.81,-0.42,XLM,8.43,LEO,-2.36
2026-09-25T05:21:02.414413+00:00,18.42,0.69,51.82,12.65,84197,0.02,2678.68,-0.45,XLM,8.2,LEO,-2.35
2026-09-25T05:24:02.343955+00:00,18.37,0.59,51.82,12.65,84167,0.0,2677.84,-0.52,XLM,8.02,LEO,-2.42
2026-09-25T05:27:03.683809+00:00,17.91,-0.33,51.82,12.65,84140,-0.08,2677.35,-0.57,XLM,7.88,LEO,-2.33
2026-09-25T05:30:17.747080+00:00,18.2,0.75,50.98,12.65,84167,0.0,2678.76,-0.49,XLM,7.83,LEO,-2.36
2026-09-25T05:33:02.671394+00:00,18.18,0.71,50.98,12.65,84147,-0.0,2678.49,-0.47,XLM,7.78,LEO,-2.33
2026-09-25T05:36:02.233022+00:00,18.53,1.4,50.98,12.65,84110,0.05,2676.79,-0.42,LINK,7.74,LEO,-2.34
2026-09-25T05:39:02.765857+00:00,18.76,1.87,50.98,12.65,84187,0.1,2678.26,-0.4,LINK,7.83,LEO,-2.46
2026-09-25T05:42:02.401959+00:00,19.1,2.55,50.98,12.65,84293,0.14,2682.87,-0.35,LINK,8.04,LEO,-2.39
2026-09-25T05:45:03.489931+00:00,18.72,1.79,50.98,12.65,84262,0.09,2681.65,-0.37,LINK,7.83,LEO,-2.17
2026-09-25T05:48:03.289895+00:00,18.04,1.64,48.96,12.65,84269,0.07,2681.68,-0.37,LINK,7.83,LEO,-2.17
2026-09-25T05:51:02.880868+00:00,18.53,2.62,48.96,12.65,84254,0.12,2681.2,-0.25,LINK,8.32,LEO,-1.86
2026-09-25T05:54:02.472955+00:00,18.52,2.59,48.96,12.65,84247,0.12,2681.15,-0.24,LINK,8.49,LEO,-1.84
2026-09-25T05:57:03.080859+00:00,18.68,2.92,48.96,12.65,84227,0.13,2681.35,-0.21,LINK,8.6,RAIN,-1.81
2026-09-25T06:00:04.158436+00:00,19.25,4.07,48.96,12.65,84198,0.22,2680.17,-0.16,LINK,8.78,LEO,-1.76
2026-09-25T06:03:02.767892+00:00,19.61,4.79,48.96,12.65,84159,0.27,2679.07,-0.08,LINK,8.76,LEO,-1.84
2026-09-25T06:06:03.505320+00:00,19.31,4.08,49.13,12.65,84179,0.22,2679.25,-0.18,LINK,8.62,RAIN,-1.86
2026-09-25T06:09:03.122454+00:00,18.62,2.71,49.13,12.65,84198,0.13,2678.42,-0.34,LINK,8.32,RAIN,-1.98
2026-09-25T06:12:02.773872+00:00,17.73,0.92,49.13,12.65,84072,-0.03,2675.95,-0.44,XLM,8.35,RAIN,-1.99
2026-09-25T06:15:03.789007+00:00,16.97,-0.59,49.13,12.65,84009,-0.13,2673.73,-0.53,XLM,8.17,RAIN,-2.07
2026-09-25T06:18:07.268287+00:00,17.37,0.19,49.13,12.65,84079,-0.07,2673.92,-0.5,XLM,8.35,RAIN,-2.07
2026-09-25T06:21:02.504795+00:00,17.94,1.33,49.13,12.65,84099,-0.01,2675.93,-0.38,XLM,8.58,RAIN,-1.93
2026-09-25T06:24:03.431346+00:00,19.31,3.92,49.38,12.65,84245,0.17,2681.94,-0.17,XLM,8.81,RAIN,-1.65
2026-09-25T06:27:03.788687+00:00,18.74,2.78,49.38,12.65,84207,0.1,2680.43,-0.25,XLM,8.3,RAIN,-1.78
2026-09-25T06:30:02.857329+00:00,17.8,0.91,49.38,12.65,84108,-0.04,2677.0,-0.38,LINK,7.86,RAIN,-1.86
2026-09-25T06:33:03.274726+00:00,17.42,0.15,49.38,12.65,84095,-0.11,2676.66,-0.41,LINK,7.87,RAIN,-1.84
2026-09-25T06:36:03.051795+00:00,16.98,-0.72,49.38,12.65,84034,-0.17,2674.71,-0.49,LINK,7.72,RAIN,-1.92
2026-09-25T06:39:02.569781+00:00,16.81,-1.06,49.38,12.65,84013,-0.19,2673.45,-0.56,LINK,7.62,RAIN,-1.96
2026-09-25T06:42:03.380875+00:00,16.53,-1.82,49.71,12.65,83970,-0.24,2672.3,-0.6,LINK,7.56,RAIN,-2.02
2026-09-25T06:45:09.865665+00:00,16.63,-1.62,49.71,12.65,83994,-0.22,2672.26,-0.63,LINK,7.79,LEO,-2.07
2026-09-25T06:48:02.239023+00:00,17.64,0.39,49.71,12.65,84029,-0.08,2674.07,-0.48,LINK,8.21,LEO,-2.07
2026-09-25T06:51:03.003615+00:00,17.25,-0.39,49.71,12.65,84015,-0.14,2673.28,-0.53,LINK,7.95,LEO,-1.99
2026-09-25T06:54:02.405378+00:00,17.5,0.11,49.71,12.65,84014,-0.12,2673.47,-0.46,LINK,7.72,LEO,-2.0
2026-09-25T06:57:04.642907+00:00,17.24,0.59,47.15,13.99,84031,-0.09,2674.46,-0.42,LINK,7.88,RAIN,-2.12
2026-09-25T07:00:02.874318+00:00,17.08,0.27,47.15,13.99,84038,-0.11,2674.45,-0.46,LINK,7.85,RAIN,-2.16
2026-09-25T07:03:04.158167+00:00,18.06,2.24,47.15,13.99,84042,0.02,2674.81,-0.32,LINK,8.05,RAIN,-2.16
2026-09-25T07:06:02.597732+00:00,18.27,2.65,47.15,13.99,84030,0.05,2674.52,-0.28,LINK,8.17,RAIN,-2.2
2026-09-25T07:09:02.269601+00:00,17.8,1.71,47.15,13.99,83991,-0.03,2673.64,-0.34,LINK,8.1,RAIN,-2.06
2026-09-25T07:12:02.866635+00:00,16.06,-1.77,47.15,13.99,83873,-0.3,2671.21,-0.51,LINK,7.8,RAIN,-2.14
2026-09-25T07:15:09.430480+00:00,16.4,-0.63,47.28,12.65,83866,-0.23,2671.8,-0.42,LINK,8.16,LEO,-2.23
2026-09-25T07:18:06.559009+00:00,15.68,-2.07,47.28,12.65,83816,-0.35,2671.34,-0.5,LINK,8.11,RAIN,-2.23
2026-09-25T07:21:02.105520+00:00,16.15,-1.13,47.28,12.65,83876,-0.29,2673.61,-0.43,LINK,8.45,LEO,-2.14
2026-09-25T07:24:02.586660+00:00,16.46,-0.51,47.28,12.65,83930,-0.25,2675.09,-0.42,LINK,8.73,RAIN,-2.18
2026-09-25T07:27:02.874238+00:00,16.41,-0.61,47.28,12.65,83971,-0.27,2676.12,-0.43,LINK,8.76,RAIN,-2.17
2026-09-25T07:30:03.771201+00:00,15.89,-1.65,47.28,12.65,83998,-0.34,2676.73,-0.46,LINK,8.55,RAIN,-2.12
2026-09-25T07:33:03.774370+00:00,14.25,-3.21,46.26,9.88,84023,-0.46,2678.65,-0.54,LINK,8.34,RAIN,-2.15
2026-09-25T07:36:02.365750+00:00,12.99,-5.73,46.26,9.88,83963,-0.63,2676.28,-0.74,LINK,7.86,RAIN,-2.15
2026-09-25T07:39:02.353208+00:00,12.12,-7.47,46.26,9.88,83841,-0.71,2670.27,-0.96,LINK,7.54,HYPE,-2.35
2026-09-25T07:42:02.986118+00:00,12.08,-7.55,46.26,9.88,83837,-0.71,2669.88,-0.98,LINK,7.47,RAIN,-2.2
2026-09-25T07:45:04.362382+00:00,12.3,-7.11,46.26,9.88,83810,-0.67,2667.52,-0.97,LINK,7.47,RAIN,-2.28
2026-09-25T07:48:02.877221+00:00,12.54,-6.62,46.26,9.88,83873,-0.63,2669.24,-0.98,LINK,7.52,RAIN,-2.1
2026-09-25T07:51:03.231886+00:00,13.65,-5.91,48.76,9.88,83936,-0.58,2670.16,-0.95,LINK,7.76,RAIN,-2.13
2026-09-25T07:54:02.727953+00:00,13.7,-5.81,48.76,9.88,83996,-0.58,2671.46,-0.94,LINK,7.84,RAIN,-2.16
2026-09-25T07:57:02.218870+00:00,13.13,-6.95,48.76,9.88,83994,-0.68,2671.36,-1.0,LINK,7.81,RAIN,-2.23
2026-09-25T08:00:15.607647+00:00,13.98,-5.25,48.76,9.88,84024,-0.57,2671.13,-0.85,LINK,8.01,LEO,-2.05
2026-09-25T08:03:03.377883+00:00,13.83,-5.55,48.76,9.88,84026,-0.61,2672.27,-0.82,LINK,8.0,RAIN,-2.21
2026-09-25T08:06:03.030728+00:00,14.72,-3.78,48.76,9.88,84118,-0.52,2675.17,-0.61,LINK,8.51,LEO,-2.03
2026-09-25T08:09:03.386151+00:00,14.7,-4.42,46.26,15.17,84109,-0.56,2675.31,-0.66,LINK,8.43,LEO,-2.04
2026-09-25T08:12:02.966114+00:00,15.5,-2.82,46.26,15.17,84062,-0.45,2674.66,-0.54,LINK,8.8,LEO,-2.07
2026-09-25T08:15:03.680753+00:00,16.04,-1.75,46.26,15.17,84105,-0.4,2677.13,-0.43,LINK,9.12,LEO,-2.06
2026-09-25T08:18:05.866214+00:00,16.68,-0.46,46.26,15.17,84119,-0.31,2678.21,-0.33,LINK,9.2,LEO,-2.14
2026-09-25T08:21:02.808660+00:00,17.44,1.06,46.26,15.17,84182,-0.21,2682.09,-0.15,LINK,10.18,LEO,-2.06
2026-09-25T08:24:02.397575+00:00,19.24,4.65,46.26,15.17,84223,0.05,2682.92,0.09,LINK,10.76,LEO,-1.99
2026-09-25T08:27:05.101577+00:00,20.0,7.28,46.43,12.15,84349,0.23,2690.04,0.35,LINK,11.04,RAIN,-1.85
2026-09-25T08:30:03.482718+00:00,23.05,13.39,46.43,12.15,84403,0.66,2694.03,0.82,LINK,12.13,RAIN,-1.46
2026-09-25T08:33:03.276557+00:00,22.46,12.19,46.43,12.15,84399,0.61,2692.05,0.67,LINK,11.65,RAIN,-1.6
2026-09-25T08:36:03.081502+00:00,23.67,14.62,46.43,12.15,84399,0.8,2690.74,0.81,LINK,11.58,LEO,-1.48
2026-09-25T08:39:02.687507+00:00,22.58,12.45,46.43,12.15,84352,0.65,2688.38,0.62,LINK,11.28,RAIN,-1.74
2026-09-25T08:42:02.198466+00:00,22.4,12.09,46.43,12.15,84347,0.62,2688.23,0.58,LINK,11.31,RAIN,-1.73
2026-09-25T08:45:08.945157+00:00,24.15,13.0,48.3,15.81,84323,0.69,2686.34,0.64,LINK,11.77,RAIN,-1.68
2026-09-25T08:48:02.582538+00:00,24.46,13.61,48.3,15.81,84298,0.73,2686.19,0.68,LINK,12.02,RAIN,-1.65
2026-09-25T08:51:02.649580+00:00,25.74,16.17,48.3,15.81,84313,0.88,2686.53,0.91,LINK,12.52,RAIN,-1.67
2026-09-25T08:54:02.361872+00:00,26.16,17.01,48.3,15.81,84290,1.02,2685.82,0.89,LINK,12.33,RAIN,-1.67
2026-09-25T08:57:03.011848+00:00,26.23,17.15,48.3,15.81,84326,1.02,2688.19,0.89,LINK,12.87,RAIN,-1.58
2026-09-25T09:00:03.258185+00:00,26.59,17.87,48.3,15.81,84415,1.07,2690.61,0.95,LINK,13.09,RAIN,-1.52
2026-09-25T09:03:05.112876+00:00,25.41,15.74,49.34,13.71,84408,0.92,2690.58,0.77,LINK,12.93,RAIN,-1.61
2026-09-25T09:06:02.560577+00:00,27.09,19.1,49.34,13.71,84483,1.12,2692.43,1.02,LINK,13.46,RAIN,-1.49
2026-09-25T09:09:02.195349+00:00,28.05,21.01,49.34,13.71,84647,1.27,2696.03,1.12,LINK,13.92,RAIN,-1.42
2026-09-25T09:12:02.698617+00:00,28.25,21.42,49.34,13.71,84636,1.3,2696.44,1.19,LINK,13.9,RAIN,-1.55
2026-09-25T09:15:03.566214+00:00,28.49,21.89,49.34,13.71,84611,1.33,2694.55,1.23,LINK,13.26,LEO,-1.39
2026-09-25T09:18:10.574364+00:00,29.37,23.06,49.34,15.17,84582,1.41,2693.79,1.35,LINK,13.33,LEO,-1.39
2026-09-25T09:21:02.898012+00:00,29.46,23.26,49.34,15.17,84566,1.39,2694.77,1.42,LINK,13.48,LEO,-1.39
2026-09-25T09:24:02.283747+00:00,29.13,22.58,49.34,15.17,84564,1.34,2694.05,1.31,LINK,13.64,RAIN,-1.86
2026-09-25T09:27:03.669859+00:00,30.55,25.42,49.34,15.17,84639,1.54,2696.12,1.54,LINK,14.27,RAIN,-1.76
2026-09-25T09:30:03.606537+00:00,31.02,26.36,49.34,15.17,84680,1.57,2702.45,1.77,LINK,14.59,LEO,-1.47
2026-09-25T09:33:02.919573+00:00,33.66,31.65,49.34,15.17,84770,1.9,2707.62,2.27,LINK,14.98,LEO,-1.48
2026-09-25T09:36:03.609406+00:00,35.23,34.9,48.73,15.81,84734,2.1,2709.96,2.66,LINK,14.98,LEO,-1.48
2026-09-25T09:39:02.119420+00:00,33.73,31.89,48.73,15.81,84730,1.87,2711.05,2.63,LINK,14.75,LEO,-1.45
2026-09-25T09:42:02.778599+00:00,33.08,30.59,48.73,15.81,84677,1.74,2709.55,2.51,LINK,15.38,LEO,-1.42
2026-09-25T09:45:03.459081+00:00,32.51,29.46,48.73,15.81,84637,1.68,2707.21,2.4,LINK,14.87,LEO,-1.42
2026-09-25T09:48:02.371534+00:00,33.3,31.04,48.73,15.81,84604,1.81,2704.96,2.47,LINK,14.98,LEO,-1.41
2026-09-25T09:51:02.743507+00:00,33.75,31.94,48.73,15.81,84620,1.88,2705.05,2.52,LINK,15.86,LEO,-1.41
2026-09-25T09:54:03.476521+00:00,32.15,28.68,48.84,15.81,84591,1.67,2702.33,2.19,LINK,15.27,RAIN,-1.39
2026-09-25T09:57:02.033209+00:00,31.97,28.31,48.84,15.81,84581,1.62,2702.65,2.16,LINK,15.29,RAIN,-1.36
2026-09-25T10:00:03.260077+00:00,32.63,29.62,48.84,15.81,84608,1.68,2704.53,2.39,LINK,16.23,RAIN,-1.16
2026-09-25T10:03:03.991256+00:00,31.48,27.33,48.84,15.81,84563,1.48,2703.77,2.28,LINK,15.66,RAIN,-1.27
2026-09-25T10:06:02.183344+00:00,30.5,25.37,48.84,15.81,84460,1.35,2697.85,2.1,LINK,15.12,RAIN,-1.21
2026-09-25T10:09:02.569267+00:00,30.98,26.33,48.84,15.81,84409,1.42,2694.34,2.15,LINK,15.78,RAIN,-1.17
2026-09-25T10:12:03.301993+00:00,31.0,25.81,49.77,15.81,84395,1.37,2696.18,2.17,LINK,15.28,RAIN,-1.27
2026-09-25T10:15:03.856462+00:00,32.29,28.4,49.77,15.81,84462,1.56,2699.29,2.4,LINK,15.66,RAIN,-1.13
2026-09-25T10:18:05.265842+00:00,31.25,26.31,49.77,15.81,84477,1.42,2699.88,2.27,LINK,15.46,RAIN,-1.22
2026-09-25T10:21:02.742507+00:00,31.39,26.6,49.77,15.81,84474,1.43,2700.18,2.3,LINK,14.94,RAIN,-1.35
2026-09-25T10:24:02.284632+00:00,32.03,27.88,49.77,15.81,84470,1.51,2700.48,2.53,LINK,14.91,RAIN,-1.08
2026-09-25T10:27:05.078711+00:00,32.81,28.14,51.92,15.81,84489,1.51,2703.63,2.57,LINK,14.52,RAIN,-1.0
2026-09-25T10:30:03.202343+00:00,34.24,31.0,51.92,15.81,84636,1.74,2708.31,2.75,LINK,14.69,RAIN,-0.99
2026-09-25T10:33:03.028819+00:00,35.3,33.12,51.92,15.81,84702,1.85,2712.59,2.94,LINK,14.93,RAIN,-0.82
2026-09-25T10:36:02.565157+00:00,34.34,31.2,51.92,15.81,84680,1.71,2711.18,2.8,LINK,14.52,RAIN,-0.94
2026-09-25T10:39:02.143118+00:00,34.74,31.99,51.92,15.81,84690,1.76,2711.31,2.88,LINK,14.74,LEO,-0.94
2026-09-25T10:42:02.610178+00:00,33.56,29.63,51.92,15.81,84734,1.62,2711.04,2.63,LINK,14.27,LEO,-1.02
2026-09-25T10:45:05.126870+00:00,33.94,29.29,52.5,17.72,84760,1.62,2711.0,2.58,LINK,14.09,LEO,-1.04
2026-09-25T10:48:02.798083+00:00,34.44,30.29,52.5,17.72,84749,1.67,2712.51,2.72,LINK,14.26,LEO,-0.97
2026-09-25T10:51:02.971143+00:00,33.67,28.74,52.5,17.72,84775,1.56,2713.83,2.62,LINK,13.98,LEO,-0.98
2026-09-25T10:54:02.545830+00:00,33.46,28.33,52.5,17.72,84762,1.53,2714.75,2.57,LINK,13.7,LEO,-1.09
2026-09-25T10:57:03.012354+00:00,34.32,30.06,52.5,17.72,84824,1.64,2716.98,2.7,LINK,14.16,RAIN,-1.02
2026-09-25T11:00:03.655876+00:00,33.39,28.19,52.5,17.72,84732,1.5,2714.81,2.56,LINK,13.94,RAIN,-0.96
2026-09-25T11:03:04.465909+00:00,33.42,26.46,53.71,20.37,84703,1.39,2713.32,2.41,LINK,13.58,LEO,-0.92
2026-09-25T11:06:02.439152+00:00,33.83,27.29,53.71,20.37,84755,1.46,2715.09,2.47,LINK,13.61,LEO,-0.98
2026-09-25T11:09:02.987329+00:00,34.2,28.03,53.71,20.37,84845,1.5,2725.0,2.58,LINK,13.92,LEO,-0.98
2026-09-25T11:12:02.674247+00:00,37.14,33.91,53.71,20.37,85082,1.84,2729.12,3.13,LINK,14.49,LEO,-0.99
2026-09-25T11:15:03.272343+00:00,37.6,34.83,53.71,20.37,85085,1.9,2734.84,3.26,LINK,14.64,LEO,-0.99
2026-09-25T11:18:07.478506+00:00,39.05,36.12,56.27,20.54,85205,1.98,2738.25,3.33,LINK,14.97,LEO,-0.99
2026-09-25T11:21:02.321621+00:00,38.37,34.75,56.27,20.54,85105,1.89,2733.82,3.19,LINK,14.81,LEO,-1.06
2026-09-25T11:24:02.698588+00:00,37.52,33.06,56.27,20.54,85019,1.77,2729.76,2.99,LINK,14.72,LEO,-0.93
2026-09-25T11:27:03.073736+00:00,36.78,31.58,56.27,20.54,84963,1.67,2727.55,2.9,LINK,14.71,LEO,-0.93
2026-09-25T11:30:03.558951+00:00,37.04,32.1,56.27,20.54,84918,1.67,2725.94,2.9,LINK,14.66,LEO,-0.93
2026-09-25T11:33:02.815732+00:00,37.11,32.23,56.27,20.54,84864,1.67,2724.68,2.94,LINK,14.59,LEO,-0.91
2026-09-25T11:36:04.059522+00:00,37.5,32.63,56.91,20.54,84860,1.67,2726.58,3.03,LINK,14.88,LEO,-0.91
2026-09-25T11:39:02.652322+00:00,38.13,33.89,56.91,20.54,84914,1.74,2728.06,3.14,LINK,15.39,LEO,-0.91
2026-09-25T11:42:02.276923+00:00,37.71,33.06,56.91,20.54,84848,1.7,2725.19,3.06,LINK,15.25,LEO,-0.91
2026-09-25T11:45:03.961679+00:00,36.99,31.61,56.91,20.54,84734,1.59,2722.44,2.98,LINK,15.03,LEO,-0.91
2026-09-25T11:48:02.839812+00:00,36.29,30.22,56.91,20.54,84710,1.48,2721.09,2.8,LINK,15.07,LEO,-0.91
2026-09-25T11:51:02.976169+00:00,36.61,30.85,56.91,20.54,84717,1.51,2722.12,2.88,LINK,15.25,LEO,-1.01
2026-09-25T11:54:03.445011+00:00,35.94,30.18,55.82,20.54,84616,1.43,2719.46,2.79,LINK,15.19,LEO,-1.0
2026-09-25T11:57:02.969620+00:00,35.97,30.24,55.82,20.54,84607,1.43,2718.2,2.78,LINK,15.48,LEO,-1.06
2026-09-25T12:00:07.797068+00:00,35.11,28.52,55.82,20.54,84603,1.33,2716.54,2.62,LINK,15.37,LEO,-0.97
2026-09-25T12:03:03.605937+00:00,36.29,30.88,55.82,20.54,84590,1.47,2718.05,2.81,LINK,15.6,LEO,-0.98
2026-09-25T12:06:02.116658+00:00,36.68,31.64,55.82,20.54,84645,1.48,2720.57,2.92,LINK,15.73,LEO,-1.02
2026-09-25T12:09:02.645798+00:00,35.75,29.79,55.82,20.54,84604,1.35,2719.79,2.79,LINK,15.23,LEO,-1.02
2026-09-25T12:12:03.461879+00:00,35.3,29.93,54.53,19.91,84639,1.34,2722.24,2.83,LINK,15.25,LEO,-1.03
2026-09-25T12:15:03.175750+00:00,34.83,28.98,54.53,19.91,84580,1.29,2719.61,2.74,LINK,15.69,LEO,-0.99
2026-09-25T12:18:05.258964+00:00,31.73,22.78,54.53,19.91,84290,0.9,2707.77,2.26,LINK,14.69,LEO,-0.99
2026-09-25T12:21:02.680006+00:00,28.79,16.9,54.53,19.91,84010,0.54,2691.45,1.6,LINK,13.18,RAIN,-1.07
2026-09-25T12:24:02.902099+00:00,29.78,18.87,54.53,19.91,84135,0.65,2698.3,1.81,LINK,13.35,LEO,-0.99
2026-09-25T12:27:03.256628+00:00,31.27,21.86,54.53,19.91,84244,0.81,2704.86,2.05,LINK,13.55,LEO,-0.99
2026-09-25T12:30:04.831606+00:00,32.16,23.24,55.2,19.91,84291,0.9,2707.45,2.21,LINK,13.44,RAIN,-1.01
2026-09-25T12:33:03.216960+00:00,34.59,28.09,55.2,19.91,84442,1.22,2713.32,2.67,LINK,13.99,LEO,-0.93
2026-09-25T12:36:02.290781+00:00,34.74,28.4,55.2,19.91,84394,1.24,2712.43,2.72,LINK,14.07,LEO,-0.93
2026-09-25T12:39:03.009549+00:00,35.57,30.05,55.2,19.91,84497,1.35,2716.51,2.86,LINK,14.4,LEO,-0.93
2026-09-25T12:42:02.595092+00:00,35.26,29.43,55.2,19.91,84491,1.3,2717.22,2.83,LINK,14.5,LEO,-0.92
2026-09-25T12:45:03.604654+00:00,34.45,27.81,55.2,19.91,84419,1.17,2715.26,2.77,LINK,14.47,RAIN,-0.97
2026-09-25T12:48:03.254187+00:00,33.91,27.18,55.49,18.37,84399,1.14,2713.76,2.68,LINK,14.74,RAIN,-0.97
2026-09-25T12:51:02.818389+00:00,34.53,28.43,55.49,18.37,84462,1.24,2716.72,2.84,LINK,14.9,TRX,-0.97
2026-09-25T12:54:02.682871+00:00,34.16,27.67,55.49,18.37,84444,1.19,2714.96,2.75,LINK,14.84,TRX,-0.93
2026-09-25T12:57:02.237762+00:00,33.39,26.15,55.49,18.37,84424,1.09,2715.15,2.63,LINK,14.75,RAIN,-0.95
2026-09-25T13:00:03.681868+00:00,32.95,25.26,55.49,18.37,84459,1.04,2718.0,2.66,LINK,14.55,RAIN,-0.95
2026-09-25T13:03:04.963380+00:00,31.25,23.07,55.57,15.21,84407,0.92,2715.04,2.44,LINK,13.9,RAIN,-1.07
2026-09-25T13:06:02.406448+00:00,30.84,22.25,55.57,15.21,84427,0.86,2714.96,2.34,LINK,14.25,RAIN,-1.12
2026-09-25T13:09:02.874955+00:00,32.01,24.59,55.57,15.21,84538,1.01,2720.55,2.54,LINK,14.42,RAIN,-1.06
2026-09-25T13:12:02.543717+00:00,30.99,22.55,55.57,15.21,84462,0.93,2717.02,2.32,LINK,13.86,RAIN,-1.13
2026-09-25T13:15:03.655179+00:00,30.53,21.64,55.57,15.21,84426,0.86,2714.27,2.21,LINK,13.96,RAIN,-1.11
2026-09-25T13:18:04.769419+00:00,30.22,21.02,55.57,15.21,84428,0.82,2713.87,2.17,LINK,13.83,RAIN,-1.21
2026-09-25T13:21:03.985682+00:00,29.62,20.07,55.14,15.21,84471,0.75,2716.24,2.06,LINK,13.77,RAIN,-1.1
2026-09-25T13:24:03.030518+00:00,27.78,16.39,55.14,15.21,84307,0.52,2709.41,1.68,LINK,12.95,RAIN,-1.3
2026-09-25T13:27:03.278851+00:00,28.32,17.46,55.14,15.21,84269,0.58,2708.41,1.79,LINK,13.44,RAIN,-1.13
2026-09-25T13:30:12.977443+00:00,27.08,14.99,55.14,15.21,84121,0.46,2700.12,1.53,LINK,13.17,RAIN,-1.28
2026-09-25T13:33:02.797126+00:00,24.98,10.8,55.14,15.21,84117,0.15,2700.84,1.23,LINK,12.68,RAIN,-1.33
2026-09-25T13:36:02.974162+00:00,22.42,5.68,55.14,15.21,83923,-0.21,2692.15,0.88,LINK,12.05,RAIN,-1.68
2026-09-25T13:39:04.004912+00:00,25.75,12.15,55.43,15.21,84134,0.19,2701.5,1.4,LINK,13.23,RAIN,-1.31
2026-09-25T13:42:02.452143+00:00,25.33,11.31,55.43,15.21,84102,0.16,2700.94,1.39,LINK,12.83,RAIN,-1.29
2026-09-25T13:45:03.679902+00:00,24.62,9.9,55.43,15.21,84023,0.06,2698.64,1.2,LINK,12.67,RAIN,-1.41
2026-09-25T13:48:02.546530+00:00,24.35,9.36,55.43,15.21,83985,0.05,2695.6,1.17,LINK,12.25,RAIN,-1.41
2026-09-25T13:51:03.092917+00:00,22.03,4.72,55.43,15.21,83696,-0.3,2686.42,0.87,LINK,11.65,RAIN,-1.49
2026-09-25T13:54:02.732085+00:00,23.32,7.29,55.43,15.21,83816,-0.11,2690.78,1.06,LINK,12.14,RAIN,-1.5
2026-09-25T13:57:03.596842+00:00,22.49,6.14,54.58,15.21,83854,-0.25,2693.15,1.05,LINK,12.28,RAIN,-1.5
2026-09-25T14:00:12.175719+00:00,22.03,5.23,54.58,15.21,83924,-0.32,2695.48,1.02,LINK,11.99,RAIN,-1.68
2026-09-25T14:03:03.662603+00:00,22.16,5.49,54.58,15.21,83929,-0.28,2695.14,1.04,LINK,11.66,RAIN,-1.6
2026-09-25T14:06:02.376578+00:00,20.08,1.33,54.58,15.21,83887,-0.54,2691.76,0.67,LINK,10.76,RAIN,-1.62
2026-09-25T14:09:02.416138+00:00,15.88,-7.07,54.58,15.21,83258,-1.23,2674.65,0.28,LINK,9.74,RAIN,-1.94
2026-09-25T14:12:02.122571+00:00,18.02,-2.8,54.58,15.21,83444,-0.95,2684.41,0.57,LINK,10.43,RAIN,-1.79
2026-09-25T14:15:04.735756+00:00,19.17,0.36,53.15,15.21,83598,-0.73,2688.92,0.83,LINK,10.69,RAIN,-1.76
2026-09-25T14:18:04.557239+00:00,18.59,-0.8,53.15,15.21,83538,-0.79,2685.7,0.67,LINK,10.37,RAIN,-1.83
2026-09-25T14:21:02.707888+00:00,17.74,-2.49,53.15,15.21,83537,-0.87,2684.68,0.49,LINK,9.96,RAIN,-2.0
2026-09-25T14:24:02.456140+00:00,19.0,0.02,53.15,15.21,83696,-0.65,2688.86,0.61,LINK,9.93,RAIN,-1.89
2026-09-25T14:27:02.858356+00:00,16.19,-5.6,53.15,15.21,83601,-1.03,2685.18,0.11,LINK,9.1,RAIN,-2.1
2026-09-25T14:30:03.097966+00:00,13.97,-10.03,53.15,15.21,83631,-1.39,2685.58,-0.11,LINK,8.41,RAIN,-2.13
2026-09-25T14:33:03.543394+00:00,14.74,-8.54,52.19,16.76,83638,-1.24,2686.31,-0.12,LINK,8.38,RAIN,-2.14
2026-09-25T14:36:02.657774+00:00,15.47,-7.07,52.19,16.76,83789,-1.13,2691.64,-0.05,LINK,8.89,RAIN,-2.2
2026-09-25T14:39:02.368211+00:00,17.21,-3.59,52.19,16.76,83855,-0.89,2696.04,0.19,LINK,9.12,RAIN,-2.04
2026-09-25T14:42:03.064458+00:00,18.41,-1.2,52.19,16.76,83879,-0.74,2695.8,0.42,LINK,9.52,RAIN,-1.84
2026-09-25T14:45:03.455642+00:00,18.1,-1.82,52.19,16.76,83814,-0.73,2691.06,0.33,LINK,9.39,RAIN,-1.92
2026-09-25T14:48:03.303613+00:00,17.72,-2.58,52.19,16.76,83668,-0.74,2684.86,0.29,LINK,9.4,RAIN,-2.04
2026-09-25T14:51:04.197783+00:00,20.98,3.79,52.45,16.76,83732,-0.27,2687.88,0.68,LINK,10.54,RAIN,-1.87
2026-09-25T14:54:03.020469+00:00,24.85,11.54,52.45,16.76,83762,0.28,2686.84,1.26,LINK,11.49,RAIN,-1.56
2026-09-25T14:57:02.688475+00:00,23.34,8.52,52.45,16.76,83771,0.07,2687.65,1.07,LINK,11.47,RAIN,-1.68
2026-09-25T15:03:04.181016+00:00,25.57,12.96,52.45,16.76,83980,0.4,2694.08,1.36,LINK,12.15,RAIN,-1.51
2026-09-25T15:06:03.241149+00:00,25.33,12.49,52.45,16.76,84016,0.33,2696.72,1.38,LINK,12.15,RAIN,-1.55
2026-09-25T15:09:04.236857+00:00,23.02,7.73,52.68,16.76,83772,-0.06,2691.07,1.12,LINK,11.58,RAIN,-1.75
2026-09-25T15:12:02.468127+00:00,24.39,10.46,52.68,16.76,83890,0.13,2695.0,1.32,LINK,11.84,RAIN,-1.55
2026-09-25T15:15:03.758248+00:00,24.05,9.8,52.68,16.76,83909,0.06,2695.88,1.27,LINK,11.69,RAIN,-1.62
2026-09-25T15:18:05.260728+00:00,23.37,8.43,52.68,16.76,83951,-0.04,2695.91,1.12,LINK,11.36,RAIN,-1.65
2026-09-25T15:21:02.436627+00:00,22.77,7.22,52.68,16.76,83879,-0.14,2695.36,1.14,LINK,10.87,RAIN,-1.57
2026-09-25T15:24:03.079597+00:00,21.48,4.65,52.68,16.76,83780,-0.28,2689.89,0.93,LINK,10.59,RAIN,-1.74
2026-09-25T15:27:05.370216+00:00,21.65,3.8,56.44,14.12,83875,-0.33,2692.54,0.78,LINK,10.54,RAIN,-1.7
2026-09-25T15:30:03.469481+00:00,21.43,3.35,56.44,14.12,83811,-0.33,2689.82,0.79,LINK,10.43,RAIN,-1.69
2026-09-25T15:33:02.420258+00:00,20.68,1.85,56.44,14.12,83769,-0.44,2689.35,0.7,LINK,10.36,RAIN,-1.79
2026-09-25T15:36:02.272561+00:00,19.43,-0.65,56.44,14.12,83803,-0.58,2688.6,0.42,LINK,9.64,RAIN,-1.79
2026-09-25T15:39:02.917608+00:00,18.14,-3.23,56.44,14.12,83697,-0.74,2683.92,0.16,LINK,9.07,HYPE,-2.04
2026-09-25T15:42:02.669035+00:00,16.74,-6.03,56.44,14.12,83541,-0.93,2677.52,-0.11,LINK,8.52,HYPE,-2.37
2026-09-25T15:45:05.331292+00:00,16.98,-5.57,56.46,14.12,83544,-0.92,2676.67,-0.09,LINK,8.54,HYPE,-2.68
2026-09-25T15:48:02.482460+00:00,16.39,-6.75,56.46,14.12,83488,-1.0,2674.47,-0.19,LINK,8.16,HYPE,-2.72
2026-09-25T15:51:02.559164+00:00,16.03,-7.47,56.46,14.12,83443,-1.06,2673.31,-0.25,LINK,8.27,HYPE,-2.92
2026-09-25T15:54:02.271450+00:00,15.4,-8.72,56.46,14.12,83393,-1.11,2670.88,-0.35,LINK,7.78,HYPE,-3.35
2026-09-25T15:57:02.105885+00:00,15.21,-9.11,56.46,14.12,83436,-1.13,2670.62,-0.43,LINK,7.47,HYPE,-3.45
2026-09-25T16:00:03.366285+00:00,16.74,-6.05,56.46,14.12,83593,-0.94,2678.41,-0.15,LINK,7.83,HYPE,-2.87
2026-09-25T16:03:05.463238+00:00,19.07,-0.72,55.36,14.12,83811,-0.57,2684.7,0.25,LINK,8.61,HYPE,-2.65
2026-09-25T16:06:03.017201+00:00,20.97,3.08,55.36,14.12,83937,-0.31,2692.74,0.68,LINK,8.96,HYPE,-2.07
2026-09-25T16:09:02.209129+00:00,22.2,5.53,55.36,14.12,84022,-0.13,2695.4,0.85,LINK,9.26,HYPE,-1.86
2026-09-25T16:12:02.829916+00:00,22.11,5.36,55.36,14.12,83955,-0.14,2692.48,0.81,LINK,8.91,HYPE,-1.9
2026-09-25T16:15:03.069971+00:00,21.93,5.0,55.36,14.12,83973,-0.15,2691.62,0.85,LINK,9.09,HYPE,-1.84
2026-09-25T16:18:04.658381+00:00,17.98,-2.91,55.36,14.12,84008,-0.7,2693.41,0.16,LINK,7.91,HYPE,-2.35
2026-09-25T16:21:04.227883+00:00,18.06,-4.26,55.41,17.86,84037,-0.77,2693.05,-0.07,LINK,7.57,HYPE,-2.88
2026-09-25T16:24:02.562674+00:00,18.03,-4.33,55.41,17.86,83967,-0.74,2688.27,-0.06,LINK,7.14,HYPE,-2.99
2026-09-25T16:27:02.774115+00:00,18.42,-3.56,55.41,17.86,83960,-0.68,2688.21,-0.03,LINK,7.08,HYPE,-2.69
2026-09-25T16:30:02.896141+00:00,18.21,-3.96,55.41,17.86,84003,-0.72,2690.95,-0.04,LINK,6.94,HYPE,-2.77
2026-09-25T16:33:03.235668+00:00,18.45,-3.5,55.41,17.86,83966,-0.7,2690.97,0.04,LINK,7.67,HYPE,-2.52
2026-09-25T16:36:02.513548+00:00,19.48,-1.43,55.41,17.86,83978,-0.58,2692.74,0.23,LINK,8.12,HYPE,-2.31
2026-09-25T16:39:03.265375+00:00,17.36,-5.35,54.88,17.86,83888,-0.83,2688.34,-0.06,LINK,7.37,HYPE,-2.76
2026-09-25T16:42:02.048396+00:00,16.15,-7.78,54.88,17.86,83904,-1.0,2689.34,-0.23,LINK,6.74,HYPE,-2.75
2026-09-25T16:45:03.578164+00:00,16.48,-7.11,54.88,17.86,83904,-0.95,2689.42,-0.25,LINK,7.0,HYPE,-2.68
2026-09-25T16:48:02.687076+00:00,17.58,-4.92,54.88,17.86,83933,-0.77,2690.67,-0.04,LINK,6.89,HYPE,-2.57
2026-09-25T16:51:03.012660+00:00,16.29,-7.48,54.88,17.86,83833,-0.95,2686.45,-0.2,LINK,6.2,HYPE,-2.6
2026-09-25T16:54:02.431989+00:00,17.53,-5.01,54.88,17.86,83811,-0.8,2685.73,-0.01,LINK,7.13,HYPE,-2.32
2026-09-25T16:57:04.008133+00:00,18.23,-3.57,55.84,16.32,83835,-0.7,2686.93,0.16,LINK,6.98,RAIN,-2.14
2026-09-25T17:00:03.378488+00:00,17.13,-5.77,55.84,16.32,83796,-0.82,2684.52,-0.07,LINK,6.25,HYPE,-2.54
2026-09-25T17:03:03.258875+00:00,17.67,-4.7,55.84,16.32,83770,-0.75,2684.37,0.04,LINK,6.67,HYPE,-2.49
2026-09-25T17:06:02.263719+00:00,18.55,-2.93,55.84,16.32,83870,-0.63,2688.43,0.19,LINK,7.1,HYPE,-2.35
2026-09-25T17:09:02.191902+00:00,18.56,-2.91,55.84,16.32,83849,-0.64,2687.9,0.18,LINK,7.19,RAIN,-2.16
2026-09-25T17:12:02.978016+00:00,18.49,-3.04,55.84,16.32,83913,-0.65,2689.64,0.18,LINK,7.3,HYPE,-2.44
2026-09-25T17:15:05.812167+00:00,18.86,-2.3,55.8,16.32,83908,-0.6,2689.24,0.25,LINK,7.23,HYPE,-2.2
2026-09-25T17:18:04.060024+00:00,18.57,-2.87,55.8,16.32,83930,-0.62,2690.21,0.22,LINK,7.02,HYPE,-2.26
2026-09-25T17:21:02.802728+00:00,19.5,-1.0,55.8,16.32,83932,-0.49,2692.11,0.43,LINK,7.34,HYPE,-2.06
2026-09-25T17:24:02.985728+00:00,19.47,-1.07,55.8,16.32,83902,-0.48,2690.19,0.39,LINK,7.33,HYPE,-2.16
2026-09-25T17:27:03.159203+00:00,19.7,-0.61,55.8,16.32,83891,-0.41,2688.74,0.4,LINK,7.33,HYPE,-2.18
2026-09-25T17:30:03.655831+00:00,18.76,-2.5,55.8,16.32,83811,-0.52,2685.55,0.24,LINK,6.95,HYPE,-2.33
2026-09-25T17:33:03.885568+00:00,16.65,-6.71,55.8,16.32,83680,-0.78,2679.93,-0.05,LINK,6.18,HYPE,-2.73
2026-09-25T17:36:02.317660+00:00,18.37,-3.27,55.8,16.32,83754,-0.59,2682.35,0.24,LINK,6.72,HYPE,-2.15
2026-09-25T17:39:02.873987+00:00,18.65,-2.72,55.8,16.32,83727,-0.55,2682.78,0.29,LINK,7.09,HYPE,-2.06
2026-09-25T17:42:02.598132+00:00,18.52,-2.97,55.8,16.32,83689,-0.59,2681.95,0.28,LINK,6.86,HYPE,-2.18
2026-09-25T17:45:03.280439+00:00,20.14,0.27,55.8,16.32,83805,-0.4,2686.69,0.58,LINK,7.56,HYPE,-1.74
2026-09-25T17:48:03.271456+00:00,19.69,-0.63,55.8,16.32,83771,-0.46,2684.89,0.52,LINK,7.2,HYPE,-1.95
2026-09-25T17:51:03.902838+00:00,19.39,-1.33,55.96,16.32,83746,-0.49,2683.0,0.46,LINK,6.87,HYPE,-1.97
2026-09-25T17:54:02.573534+00:00,19.6,-0.91,55.96,16.32,83731,-0.46,2682.38,0.47,LINK,6.81,HYPE,-2.02
2026-09-25T17:57:02.208370+00:00,20.24,0.38,55.96,16.32,83710,-0.35,2682.15,0.56,LINK,6.81,HYPE,-1.85
2026-09-25T18:00:04.457317+00:00,19.74,-0.63,55.96,16.32,83715,-0.4,2683.09,0.55,LINK,6.84,HYPE,-2.16
2026-09-25T18:03:03.256021+00:00,20.8,1.49,55.96,16.32,83784,-0.27,2685.87,0.73,LINK,6.89,HYPE,-2.1
2026-09-25T18:06:02.969801+00:00,22.0,3.9,55.96,16.32,83826,-0.13,2687.86,0.97,LINK,7.17,HYPE,-1.81
2026-09-25T18:09:03.669420+00:00,20.63,2.83,55.3,13.14,83844,-0.22,2687.73,0.87,LINK,6.93,HYPE,-1.89
2026-09-25T18:12:02.551113+00:00,19.66,0.89,55.3,13.14,83886,-0.3,2688.64,0.66,LINK,6.22,HYPE,-2.27
2026-09-25T18:15:04.070685+00:00,20.17,1.9,55.3,13.14,83951,-0.27,2692.11,0.75,LINK,5.51,HYPE,-2.02
2026-09-25T18:18:07.865890+00:00,19.5,0.57,55.3,13.14,83975,-0.39,2694.09,0.67,LINK,5.13,HYPE,-2.18
2026-09-25T18:21:02.602800+00:00,19.77,1.1,55.3,13.14,84003,-0.38,2696.48,0.74,LINK,5.17,HYPE,-1.7
2026-09-25T18:24:02.785192+00:00,19.66,0.89,55.3,13.14,84036,-0.39,2697.1,0.68,LINK,5.35,HYPE,-2.04
2026-09-25T18:27:04.668229+00:00,19.04,-0.87,55.13,14.68,83999,-0.49,2695.97,0.51,LINK,4.88,HYPE,-2.42
2026-09-25T18:30:03.659260+00:00,18.0,-2.94,55.13,14.68,83916,-0.6,2691.66,0.33,LINK,4.23,HYPE,-2.49
2026-09-25T18:33:03.296744+00:00,18.48,-1.99,55.13,14.68,83961,-0.53,2694.06,0.38,LINK,4.73,HYPE,-2.25
2026-09-25T18:36:02.579273+00:00,19.87,0.79,55.13,14.68,83973,-0.32,2693.5,0.52,LINK,5.27,HYPE,-1.97
2026-09-25T18:39:02.249231+00:00,19.62,0.29,55.13,14.68,83977,-0.39,2694.36,0.47,LINK,5.23,HYPE,-1.96
2026-09-25T18:42:02.890400+00:00,18.45,-2.06,55.13,14.68,83931,-0.54,2692.4,0.27,LINK,4.68,HYPE,-2.26
2026-09-25T18:45:06.036580+00:00,18.64,-1.69,55.16,14.68,83936,-0.52,2692.09,0.24,SOL,4.3,HYPE,-2.18
2026-09-25T18:48:02.990104+00:00,18.77,-1.42,55.16,14.68,83962,-0.5,2693.18,0.23,SOL,4.23,HYPE,-2.04
2026-09-25T18:51:02.271165+00:00,18.49,-1.99,55.16,14.68,83935,-0.53,2693.24,0.19,SOL,4.2,HYPE,-2.09
2026-09-25T18:54:02.808671+00:00,17.9,-3.17,55.16,14.68,83930,-0.6,2692.91,0.11,SOL,4.07,HYPE,-2.27
2026-09-25T18:57:02.452184+00:00,17.7,-3.57,55.16,14.68,83930,-0.61,2692.72,0.03,SOL,3.96,HYPE,-2.32
2026-09-25T19:00:02.967417+00:00,17.57,-3.82,55.16,14.68,83939,-0.62,2692.42,0.02,SOL,3.79,HYPE,-2.54
2026-09-25T19:03:04.976331+00:00,18.35,-2.38,55.34,14.68,83964,-0.53,2693.3,0.17,SOL,3.86,HYPE,-2.47
2026-09-25T19:06:02.359411+00:00,19.2,-0.68,55.34,14.68,83926,-0.42,2690.41,0.29,SOL,4.05,HYPE,-2.4
2026-09-25T19:09:02.921424+00:00,18.69,-1.7,55.34,14.68,83962,-0.51,2692.8,0.27,LINK,4.13,HYPE,-2.67
2026-09-25T19:12:02.502911+00:00,17.99,-3.1,55.34,14.68,83967,-0.63,2693.17,0.14,LINK,3.97,HYPE,-2.67
2026-09-25T19:15:03.457668+00:00,18.03,-3.02,55.34,14.68,83967,-0.63,2692.31,0.13,LINK,4.22,HYPE,-2.54
2026-09-25T19:18:04.559098+00:00,18.12,-2.84,55.34,14.68,84021,-0.62,2694.8,0.14,LINK,4.48,HYPE,-2.46
2026-09-25T19:21:03.689250+00:00,17.0,-3.97,55.64,11.49,83983,-0.69,2693.56,-0.05,LINK,4.59,HYPE,-2.82
2026-09-25T19:24:02.307353+00:00,17.3,-3.39,55.64,11.49,84008,-0.66,2694.11,0.05,LINK,5.01,HYPE,-2.83
2026-09-25T19:27:03.575696+00:00,16.81,-4.37,55.64,11.49,84005,-0.72,2693.04,-0.08,LINK,4.77,HYPE,-3.02
2026-09-25T19:30:03.658601+00:00,16.4,-5.18,55.64,11.49,83964,-0.76,2691.76,-0.15,LINK,4.98,HYPE,-3.14
2026-09-25T19:33:02.845413+00:00,16.74,-4.51,55.64,11.49,83980,-0.71,2692.34,-0.13,LINK,5.02,HYPE,-2.96
2026-09-25T19:36:02.713208+00:00,17.09,-3.8,55.64,11.49,84007,-0.65,2692.4,-0.08,LINK,4.67,HYPE,-2.79
2026-09-25T19:39:03.447615+00:00,17.51,-2.85,56.86,9.38,83992,-0.6,2691.52,-0.03,LINK,4.9,HYPE,-2.73
2026-09-25T19:42:02.323234+00:00,18.27,-1.34,56.86,9.38,84033,-0.47,2694.04,0.06,LINK,5.16,HYPE,-2.81
2026-09-25T19:45:04.080527+00:00,17.54,-2.78,56.86,9.38,83955,-0.56,2690.55,-0.14,LINK,4.9,HYPE,-2.74
2026-09-25T19:48:02.282879+00:00,17.74,-2.39,56.86,9.38,83988,-0.53,2692.76,-0.15,LINK,4.85,HYPE,-2.74
2026-09-25T19:51:02.282360+00:00,17.34,-3.2,56.86,9.38,84015,-0.62,2694.77,-0.17,LINK,4.81,HYPE,-2.87
2026-09-25T19:54:03.144779+00:00,17.59,-2.69,56.86,9.38,84012,-0.56,2694.65,-0.1,LINK,4.42,HYPE,-2.91
2026-09-25T19:57:03.797740+00:00,17.8,-2.35,57.16,9.12,84005,-0.52,2694.03,-0.09,LINK,4.47,HYPE,-3.04
2026-09-25T20:00:03.258527+00:00,18.54,-0.85,57.16,9.12,84011,-0.39,2692.67,-0.02,LINK,4.63,HYPE,-2.91
2026-09-25T20:03:02.756547+00:00,18.67,-0.59,57.16,9.12,84007,-0.39,2693.58,0.02,LINK,5.05,HYPE,-2.98
2026-09-25T20:06:02.301735+00:00,18.48,-0.99,57.16,9.12,83970,-0.44,2692.06,-0.0,LINK,5.18,HYPE,-3.01
2026-09-25T20:09:02.382481+00:00,18.22,-1.51,57.16,9.12,83949,-0.47,2690.91,-0.05,LINK,5.1,HYPE,-3.15
2026-09-25T20:12:02.107342+00:00,18.02,-1.91,57.16,9.12,83948,-0.5,2690.78,-0.05,LINK,5.03,HYPE,-3.26
2026-09-25T20:15:05.584402+00:00,17.73,-0.56,53.97,9.12,83948,-0.39,2690.08,0.04,LINK,5.35,HYPE,-3.05
2026-09-25T20:18:07.361836+00:00,18.02,0.01,53.97,9.12,83954,-0.32,2690.15,0.07,LINK,5.24,HYPE,-2.86
2026-09-25T20:21:02.574958+00:00,18.17,0.31,53.97,9.12,83985,-0.32,2691.22,0.14,LINK,5.24,HYPE,-2.69
2026-09-25T20:24:02.851614+00:00,18.34,0.64,53.97,9.12,83982,-0.28,2691.56,0.18,LINK,5.47,XMR,-2.93
2026-09-25T20:27:03.293199+00:00,19.54,3.04,53.97,9.12,84062,-0.14,2693.83,0.39,LINK,5.76,HYPE,-2.03
2026-09-25T20:30:09.925400+00:00,19.14,2.16,54.12,9.12,84058,-0.21,2693.82,0.26,LINK,5.85,HYPE,-2.29
2026-09-25T20:33:03.469775+00:00,19.25,2.38,54.12,9.12,84040,-0.2,2693.36,0.24,LINK,5.88,HYPE,-2.18
2026-09-25T20:36:02.215149+00:00,19.32,2.53,54.12,9.12,84055,-0.2,2693.8,0.29,LINK,6.06,HYPE,-2.22
2026-09-25T20:39:02.875554+00:00,18.96,1.8,54.12,9.12,84055,-0.25,2692.91,0.25,LINK,5.96,HYPE,-2.22
2026-09-25T20:42:02.790125+00:00,18.66,1.2,54.12,9.12,84118,-0.31,2693.62,0.2,LINK,6.06,HYPE,-2.24
2026-09-25T20:45:03.189097+00:00,18.36,0.6,54.12,9.12,84065,-0.35,2691.4,0.13,LINK,6.0,HYPE,-1.93
2026-09-25T20:48:03.205509+00:00,18.52,0.82,54.27,9.12,84088,-0.33,2691.28,0.15,LINK,6.04,HYPE,-1.69
2026-09-25T20:51:02.672526+00:00,17.75,-0.71,54.27,9.12,84069,-0.43,2690.61,0.05,LINK,5.77,HYPE,-1.71
2026-09-25T20:54:02.709029+00:00,16.89,-2.43,54.27,9.12,83948,-0.55,2687.34,-0.03,LINK,5.68,HYPE,-1.99
2026-09-25T20:57:02.356545+00:00,17.74,-0.72,54.27,9.12,83918,-0.42,2686.43,0.02,LINK,5.54,HYPE,-1.8
2026-09-25T21:00:16.514706+00:00,16.56,-3.08,54.27,9.12,83851,-0.58,2684.73,-0.11,LINK,5.28,HYPE,-2.15
2026-09-25T21:03:05.215358+00:00,16.73,-3.03,54.76,9.12,83862,-0.56,2683.98,-0.14,LINK,4.68,HYPE,-2.04
2026-09-25T21:06:02.171242+00:00,16.66,-3.19,54.76,9.12,83858,-0.56,2683.55,-0.14,LINK,4.54,HYPE,-1.72
2026-09-25T21:09:02.381588+00:00,15.73,-5.03,54.76,9.12,83700,-0.71,2679.35,-0.23,LINK,4.65,HYPE,-1.82
2026-09-25T21:12:03.020123+00:00,15.53,-5.44,54.76,9.12,83708,-0.74,2679.34,-0.24,LINK,4.89,HYPE,-1.83
2026-09-25T21:15:03.497009+00:00,15.6,-5.3,54.76,9.12,83723,-0.72,2679.71,-0.23,LINK,4.81,HYPE,-1.82
2026-09-25T21:18:08.864547+00:00,15.0,-6.39,54.57,9.12,83690,-0.79,2678.81,-0.34,LINK,4.76,HYPE,-1.94
2026-09-25T21:21:02.295022+00:00,14.34,-7.71,54.57,9.12,83645,-0.88,2677.6,-0.39,LINK,3.98,HYPE,-2.02
2026-09-25T21:24:02.101938+00:00,14.64,-7.1,54.57,9.12,83671,-0.84,2678.29,-0.4,LINK,4.0,HYPE,-2.1
2026-09-25T21:27:03.193327+00:00,14.61,-7.17,54.57,9.12,83707,-0.83,2678.43,-0.41,LINK,3.88,HYPE,-2.05
2026-09-25T21:30:03.964551+00:00,15.04,-6.31,54.57,9.12,83735,-0.77,2678.82,-0.34,LINK,4.3,HYPE,-1.94
2026-09-25T21:33:02.806550+00:00,14.79,-6.82,54.57,9.12,83760,-0.81,2680.37,-0.36,LINK,4.33,HYPE,-1.98
2026-09-25T21:36:03.219324+00:00,14.45,-7.22,55.14,7.57,83763,-0.82,2680.81,-0.37,LINK,4.0,HYPE,-2.04
2026-09-25T21:39:02.867240+00:00,15.02,-6.08,55.14,7.57,83795,-0.74,2680.12,-0.36,LINK,4.12,XMR,-2.29
2026-09-25T21:42:02.587256+00:00,14.8,-6.52,55.14,7.57,83787,-0.77,2679.42,-0.37,LINK,3.98,XMR,-3.13
2026-09-25T21:45:03.370988+00:00,14.97,-6.18,55.14,7.57,83803,-0.76,2681.05,-0.29,LINK,4.27,XMR,-2.81
2026-09-25T21:48:02.427209+00:00,14.96,-6.2,55.14,7.57,83799,-0.76,2681.59,-0.3,LINK,4.2,XMR,-2.87
2026-09-25T21:51:02.812342+00:00,15.39,-5.33,55.14,7.57,83815,-0.68,2680.95,-0.26,LINK,3.93,XMR,-2.81
2026-09-25T21:54:03.455331+00:00,15.53,-5.06,55.14,7.57,83849,-0.65,2682.2,-0.25,LINK,3.56,XMR,-2.84
2026-09-25T21:57:03.072568+00:00,15.51,-5.1,55.14,7.57,83838,-0.62,2681.24,-0.24,LINK,3.45,XMR,-3.17
2026-09-25T22:00:16.562165+00:00,15.9,-4.31,55.14,7.57,83826,-0.6,2680.54,-0.2,SOL,3.51,XMR,-3.19
2026-09-25T22:03:03.458435+00:00,16.03,-4.05,55.14,7.57,83790,-0.59,2680.86,-0.19,SOL,3.53,XMR,-2.85
2026-09-25T22:06:03.251566+00:00,16.42,-3.28,55.14,7.57,83802,-0.57,2682.15,-0.06,LINK,3.82,XMR,-2.64
2026-09-25T22:09:03.045898+00:00,16.69,-2.74,55.14,7.57,83847,-0.54,2683.07,-0.04,LINK,4.1,XMR,-2.35
2026-09-25T22:12:03.571879+00:00,17.01,-2.1,55.14,7.57,83890,-0.5,2684.36,-0.0,LINK,4.38,XMR,-2.24
2026-09-25T22:15:13.457282+00:00,17.22,-1.67,55.14,7.57,83908,-0.48,2684.91,0.0,SOL,4.23,XMR,-2.36
2026-09-25T22:18:09.557600+00:00,17.84,-0.44,55.14,7.57,83917,-0.39,2685.24,0.06,SOL,4.52,XMR,-2.3
2026-09-25T22:21:02.624013+00:00,19.47,2.84,55.14,7.57,83936,-0.13,2686.07,0.27,SOL,4.82,XMR,-1.94
2026-09-25T22:24:02.483071+00:00,19.44,2.77,55.14,7.57,83933,-0.15,2686.59,0.32,SOL,4.82,XMR,-1.59
2026-09-25T22:27:05.165374+00:00,18.6,1.64,54.23,7.57,83946,-0.24,2687.51,0.24,SOL,4.64,XMR,-1.53
2026-09-25T22:30:03.307082+00:00,18.75,1.93,54.23,7.57,83955,-0.22,2688.02,0.27,SOL,4.59,XMR,-1.52
2026-09-25T22:33:03.250788+00:00,18.29,1.02,54.23,7.57,83905,-0.29,2688.02,0.24,SOL,4.6,XMR,-1.62
2026-09-25T22:36:02.816374+00:00,18.54,1.51,54.23,7.57,83942,-0.26,2689.05,0.27,SOL,4.65,RAIN,-1.89
2026-09-25T22:39:02.380255+00:00,19.66,3.75,54.23,7.57,84031,-0.11,2693.17,0.42,SOL,5.0,RAIN,-1.86
2026-09-25T22:42:03.005026+00:00,20.39,5.21,54.23,7.57,84053,-0.02,2693.03,0.5,LINK,5.42,RAIN,-1.8
2026-09-25T22:45:05.332004+00:00,20.05,4.78,54.04,7.26,84066,-0.05,2693.16,0.47,LINK,5.2,RAIN,-1.83
2026-09-25T22:48:02.499000+00:00,19.77,4.22,54.04,7.26,84060,-0.09,2692.79,0.42,SOL,5.13,RAIN,-1.84
2026-09-25T22:51:03.119631+00:00,19.15,2.98,54.04,7.26,84054,-0.18,2692.31,0.33,SOL,4.99,RAIN,-2.21
2026-09-25T22:54:02.670578+00:00,19.05,2.77,54.04,7.26,84047,-0.21,2692.14,0.3,SOL,4.9,RAIN,-2.41
2026-09-25T22:57:02.124191+00:00,19.31,3.29,54.04,7.26,84086,-0.17,2692.79,0.34,LINK,5.0,RAIN,-2.37
2026-09-25T23:00:03.391458+00:00,19.39,3.45,54.04,7.26,84094,-0.15,2693.27,0.37,LINK,5.1,RAIN,-2.44
2026-09-25T23:03:05.197833+00:00,18.94,2.22,54.6,7.26,84070,-0.22,2692.0,0.26,SOL,4.82,RAIN,-2.49
2026-09-25T23:06:02.408910+00:00,18.64,1.62,54.6,7.26,84070,-0.26,2692.42,0.23,LINK,5.01,RAIN,-2.56
2026-09-25T23:09:02.842384+00:00,18.38,1.1,54.6,7.26,84081,-0.3,2692.82,0.19,LINK,4.88,RAIN,-2.68
2026-09-25T23:12:02.418832+00:00,18.35,1.04,54.6,7.26,84078,-0.31,2692.84,0.19,LINK,5.05,RAIN,-3.07
2026-09-25T23:15:03.701337+00:00,19.05,2.43,54.6,7.26,84083,-0.23,2693.69,0.3,LINK,5.37,RAIN,-3.22
2026-09-25T23:18:10.463629+00:00,18.86,2.03,54.67,7.23,84054,-0.28,2693.37,0.3,LINK,5.37,RAIN,-3.29
2026-09-25T23:21:02.406967+00:00,18.53,1.37,54.67,7.23,84059,-0.31,2692.88,0.21,LINK,5.37,RAIN,-3.34
2026-09-25T23:24:02.498714+00:00,18.17,0.65,54.67,7.23,84056,-0.35,2692.66,0.14,LINK,5.13,RAIN,-3.55
2026-09-25T23:27:03.785492+00:00,17.59,-0.52,54.67,7.23,84028,-0.44,2692.14,0.05,LINK,5.01,RAIN,-3.83
2026-09-25T23:30:08.595410+00:00,17.65,-0.4,54.67,7.23,84055,-0.41,2692.12,0.03,LINK,4.85,RAIN,-3.86
2026-09-25T23:33:03.105514+00:00,17.78,-0.14,54.67,7.23,84063,-0.4,2692.4,0.06,LINK,4.96,RAIN,-4.17
2026-09-25T23:36:03.051629+00:00,18.03,-0.05,55.38,7.23,84079,-0.4,2692.96,0.08,LINK,5.04,RAIN,-4.16
2026-09-25T23:39:02.690861+00:00,17.65,-0.82,55.38,7.23,84065,-0.44,2692.69,0.05,LINK,4.96,RAIN,-4.36
2026-09-25T23:42:02.309369+00:00,17.81,-0.5,55.38,7.23,84069,-0.42,2692.83,0.05,LINK,5.11,RAIN,-4.47
2026-09-25T23:45:04.199642+00:00,18.11,0.1,55.38,7.23,84064,-0.39,2692.67,0.1,LINK,5.26,RAIN,-4.4
2026-09-25T23:48:02.644575+00:00,18.14,0.15,55.38,7.23,84062,-0.38,2692.17,0.1,LINK,5.45,RAIN,-4.61
2026-09-25T23:51:04.278612+00:00,18.3,0.2,55.86,7.23,84064,-0.38,2691.75,0.1,LINK,5.47,RAIN,-4.67
2026-09-25T23:54:02.877367+00:00,18.22,0.04,55.86,7.23,84062,-0.39,2691.95,0.1,LINK,5.53,RAIN,-4.71
2026-09-25T23:57:02.568479+00:00,18.52,0.64,55.86,7.23,84063,-0.36,2691.82,0.16,LINK,5.5,RAIN,-4.78
2026-09-26T00:00:19.768394+00:00,18.21,0.02,55.86,7.23,84040,-0.4,2690.33,0.12,LINK,5.34,RAIN,-5.12
2026-09-26T00:03:03.307701+00:00,18.01,-0.4,55.86,7.23,84071,-0.43,2690.71,0.1,LINK,5.34,RAIN,-5.11
2026-09-26T00:06:02.971378+00:00,16.85,-2.71,55.86,7.23,84051,-0.54,2690.12,-0.06,LINK,4.93,RAIN,-5.61
2026-09-26T00:09:03.811695+00:00,16.64,-3.07,55.75,7.23,84051,-0.58,2689.91,-0.07,LINK,4.75,RAIN,-5.71
2026-09-26T00:12:02.274170+00:00,16.62,-3.09,55.75,7.23,84080,-0.61,2691.76,-0.06,LINK,5.19,RAIN,-5.8
2026-09-26T00:15:03.797394+00:00,16.33,-3.69,55.75,7.23,84069,-0.65,2691.3,-0.09,LINK,5.05,RAIN,-5.74
2026-09-26T00:18:06.261835+00:00,16.49,-3.36,55.75,7.23,84072,-0.61,2691.58,-0.05,LINK,4.97,RAIN,-6.0
2026-09-26T00:21:02.600492+00:00,16.29,-3.77,55.75,7.23,84052,-0.62,2690.13,-0.07,LINK,4.9,RAIN,-6.31
2026-09-26T00:24:02.302653+00:00,16.25,-3.84,55.75,7.23,84050,-0.65,2690.97,-0.05,LINK,5.12,RAIN,-6.38
2026-09-26T00:27:05.188630+00:00,16.26,-4.01,56.06,7.23,84028,-0.69,2690.25,-0.07,LINK,4.98,RAIN,-6.53
2026-09-26T00:30:02.991887+00:00,15.88,-4.77,56.06,7.23,84011,-0.75,2688.44,-0.11,LINK,4.98,RAIN,-6.8
2026-09-26T00:33:02.744699+00:00,15.96,-4.6,56.06,7.23,83948,-0.73,2687.19,-0.06,LINK,5.03,RAIN,-6.8
2026-09-26T00:36:03.007575+00:00,14.66,-7.21,56.06,7.23,83855,-0.87,2682.92,-0.25,LINK,4.53,RAIN,-7.16
2026-09-26T00:39:02.580942+00:00,14.49,-7.54,56.06,7.23,83822,-0.88,2681.67,-0.3,LINK,4.57,RAIN,-7.16
2026-09-26T00:42:02.506191+00:00,14.08,-8.37,56.06,7.23,83794,-0.94,2681.17,-0.37,LINK,4.64,RAIN,-7.41
2026-09-26T00:45:07.599999+00:00,15.46,-6.23,56.06,8.77,83869,-0.83,2684.55,-0.18,LINK,5.17,RAIN,-7.42
2026-09-26T00:48:03.222424+00:00,15.57,-6.01,56.06,8.77,83883,-0.83,2685.52,-0.14,LINK,5.24,RAIN,-7.5
2026-09-26T00:51:02.326083+00:00,15.35,-6.44,56.06,8.77,83888,-0.86,2686.01,-0.15,LINK,5.4,RAIN,-7.58
2026-09-26T00:54:02.599928+00:00,16.11,-4.92,56.06,8.77,83926,-0.78,2688.31,-0.03,LINK,5.79,RAIN,-7.56
2026-09-26T00:57:02.184270+00:00,15.63,-5.87,56.06,8.77,83899,-0.83,2686.74,-0.11,LINK,5.71,RAIN,-7.91
2026-09-26T01:00:03.371498+00:00,15.87,-5.4,56.06,8.77,83892,-0.79,2686.92,-0.09,LINK,6.02,RAIN,-7.96
2026-09-26T01:03:04.864899+00:00,15.06,-6.91,55.88,8.77,83902,-0.88,2687.5,-0.23,LINK,5.74,RAIN,-8.32
2026-09-26T01:06:03.092584+00:00,15.4,-6.23,55.88,8.77,83950,-0.82,2690.29,-0.16,LINK,5.7,RAIN,-8.26
2026-09-26T01:09:02.286732+00:00,15.14,-6.75,55.88,8.77,83945,-0.88,2690.61,-0.18,LINK,5.0,RAIN,-8.42
2026-09-26T01:12:02.931642+00:00,14.38,-8.27,55.88,8.77,83910,-0.99,2689.13,-0.29,LINK,4.38,RAIN,-8.61
2026-09-26T01:15:03.978290+00:00,14.7,-7.64,55.88,8.77,83919,-0.93,2688.97,-0.22,LINK,4.19,RAIN,-8.69
2026-09-26T01:18:10.363150+00:00,14.76,-7.09,55.16,8.77,83933,-0.89,2689.47,-0.18,LINK,4.08,RAIN,-8.59
2026-09-26T01:21:02.690856+00:00,15.1,-6.4,55.16,8.77,83940,-0.86,2689.76,-0.16,LINK,4.16,RAIN,-8.67
2026-09-26T01:24:02.913485+00:00,15.96,-4.69,55.16,8.77,83953,-0.77,2691.02,-0.06,LINK,4.61,RAIN,-8.71
2026-09-26T01:27:03.159706+00:00,16.29,-4.01,55.16,8.77,83944,-0.7,2689.67,0.0,LINK,4.56,RAIN,-8.78
2026-09-26T01:30:03.468542+00:00,16.25,-4.1,55.16,8.77,83936,-0.69,2688.96,0.01,LINK,4.46,RAIN,-8.91
2026-09-26T01:33:02.967550+00:00,17.08,-2.44,55.16,8.77,83934,-0.58,2688.47,0.15,LINK,4.18,RAIN,-8.94
2026-09-26T01:36:03.963945+00:00,17.43,-1.46,54.69,8.77,83946,-0.52,2688.91,0.21,LINK,4.9,RAIN,-8.94
2026-09-26T01:39:02.544523+00:00,17.86,-0.61,54.69,8.77,83966,-0.47,2690.53,0.3,LINK,5.3,RAIN,-8.95
2026-09-26T01:42:02.188940+00:00,17.93,-0.46,54.69,8.77,84015,-0.47,2691.98,0.31,LINK,5.07,RAIN,-9.37
2026-09-26T01:45:03.798209+00:00,17.52,-1.28,54.69,8.77,84030,-0.52,2693.85,0.29,LINK,4.68,RAIN,-9.47
2026-09-26T01:48:02.394117+00:00,17.35,-1.63,54.69,8.77,84029,-0.55,2693.68,0.24,LINK,4.45,RAIN,-9.53
2026-09-26T01:51:02.883459+00:00,17.24,-1.85,54.69,8.77,84034,-0.57,2693.32,0.21,ADA,5.43,RAIN,-9.61
2026-09-26T01:54:03.692972+00:00,17.81,-2.71,57.47,9.6,84030,-0.62,2692.89,0.16,ADA,4.87,RAIN,-9.99
2026-09-26T01:57:02.371479+00:00,18.53,-1.26,57.47,9.6,84058,-0.52,2693.68,0.26,ADA,5.12,RAIN,-9.83
2026-09-26T02:00:03.659906+00:00,17.91,-2.51,57.47,9.6,84050,-0.59,2691.9,0.15,ADA,4.84,RAIN,-9.94
2026-09-26T02:03:03.383917+00:00,17.73,-2.85,57.47,9.6,84060,-0.61,2691.61,0.09,ADA,4.66,RAIN,-10.25
2026-09-26T02:06:03.031801+00:00,15.67,-6.97,57.47,9.6,84023,-0.89,2690.3,-0.19,ADA,4.22,RAIN,-10.98
2026-09-26T02:09:02.360946+00:00,15.83,-6.66,57.47,9.6,84017,-0.88,2691.11,-0.17,ADA,4.62,RAIN,-11.03
2026-09-26T02:12:04.106004+00:00,15.26,-7.26,57.64,8.0,84019,-0.93,2691.53,-0.2,ADA,4.57,RAIN,-10.87
2026-09-26T02:15:03.793556+00:00,15.47,-6.85,57.64,8.0,84052,-0.9,2692.58,-0.14,ADA,4.6,RAIN,-11.08
2026-09-26T02:18:06.269775+00:00,15.96,-5.86,57.64,8.0,84080,-0.84,2694.17,-0.06,ADA,4.76,RAIN,-11.11
2026-09-26T02:21:02.512323+00:00,15.87,-6.05,57.64,8.0,84101,-0.84,2694.65,-0.09,ADA,4.77,RAIN,-11.18
2026-09-26T02:24:02.476683+00:00,15.65,-6.48,57.64,8.0,84059,-0.87,2693.3,-0.11,ADA,4.67,RAIN,-11.33
2026-09-26T02:27:02.789193+00:00,15.9,-5.99,57.64,8.0,84058,-0.84,2693.33,-0.02,ADA,4.58,RAIN,-11.27
2026-09-26T02:30:05.336525+00:00,16.89,-4.4,58.3,8.0,84041,-0.74,2693.52,0.12,ADA,4.74,RAIN,-11.48
2026-09-26T02:33:02.483722+00:00,16.52,-5.13,58.3,8.0,84014,-0.78,2692.43,0.06,LINK,4.57,RAIN,-11.27
2026-09-26T02:36:02.782525+00:00,17.1,-3.99,58.3,8.0,84010,-0.71,2692.72,0.16,LINK,4.78,RAIN,-11.01
2026-09-26T02:39:02.271550+00:00,18.24,-1.69,58.3,8.0,84016,-0.56,2692.79,0.32,LINK,5.36,RAIN,-10.98
2026-09-26T02:42:02.806686+00:00,18.83,-0.53,58.3,8.0,83999,-0.47,2692.08,0.39,LINK,5.26,RAIN,-11.04
2026-09-26T02:45:03.990524+00:00,18.33,-1.53,58.3,8.0,84010,-0.53,2691.66,0.31,LINK,4.98,RAIN,-11.09
2026-09-26T02:48:03.499591+00:00,19.34,-0.01,59.14,8.0,84002,-0.42,2691.57,0.41,LINK,5.49,RAIN,-12.27
2026-09-26T02:51:02.943472+00:00,19.99,1.29,59.14,8.0,84011,-0.33,2691.54,0.51,LINK,5.88,RAIN,-13.04
2026-09-26T02:54:02.573507+00:00,20.26,1.83,59.14,8.0,84032,-0.27,2691.59,0.53,LINK,6.02,RAIN,-12.87
2026-09-26T02:57:02.100565+00:00,20.43,2.18,59.14,8.0,84021,-0.23,2691.08,0.57,LINK,5.55,RAIN,-12.71
2026-09-26T03:00:04.562967+00:00,20.63,2.57,59.14,8.0,84019,-0.21,2690.6,0.58,LINK,5.79,RAIN,-12.36
2026-09-26T03:03:05.564525+00:00,20.81,2.54,59.3,8.77,84002,-0.21,2690.26,0.59,LINK,5.54,RAIN,-12.32
2026-09-26T03:06:03.100066+00:00,19.99,0.9,59.3,8.77,83983,-0.32,2689.31,0.51,LINK,4.83,RAIN,-11.56
2026-09-26T03:09:02.764928+00:00,19.78,0.48,59.3,8.77,83989,-0.33,2689.65,0.45,LINK,4.78,RAIN,-11.61
2026-09-26T03:12:02.500109+00:00,19.6,0.12,59.3,8.77,83995,-0.36,2689.48,0.41,LINK,4.58,RAIN,-11.31
2026-09-26T03:15:03.058621+00:00,19.36,-0.38,59.3,8.77,83946,-0.38,2687.45,0.36,LINK,4.49,RAIN,-11.3
2026-09-26T03:18:07.798189+00:00,19.05,-0.99,59.3,8.77,83922,-0.43,2686.35,0.34,LINK,4.09,RAIN,-11.22
2026-09-26T03:21:02.785660+00:00,19.74,0.39,59.3,8.77,83924,-0.34,2687.03,0.42,LINK,4.41,RAIN,-10.78
2026-09-26T03:24:02.916788+00:00,19.57,0.05,59.3,8.77,83918,-0.37,2687.78,0.42,LINK,4.54,RAIN,-10.61
2026-09-26T03:27:03.159571+00:00,19.71,0.32,59.3,8.77,83938,-0.34,2688.75,0.46,LINK,4.52,RAIN,-10.54
2026-09-26T03:30:04.060866+00:00,20.88,2.67,59.3,8.77,84008,-0.17,2689.64,0.55,LINK,5.33,RAIN,-10.42
2026-09-26T03:33:02.998130+00:00,21.33,3.57,59.3,8.77,84012,-0.09,2689.88,0.59,LINK,5.53,RAIN,-10.44
2026-09-26T03:36:04.018633+00:00,20.48,1.97,59.14,8.77,84018,-0.2,2690.39,0.51,LINK,5.37,RAIN,-10.36
2026-09-26T03:39:02.508489+00:00,20.04,1.1,59.14,8.77,83996,-0.28,2689.6,0.48,LINK,5.24,RAIN,-10.21
2026-09-26T03:42:03.095600+00:00,19.39,-0.22,59.14,8.77,84011,-0.37,2690.33,0.38,LINK,5.31,RAIN,-10.35
2026-09-26T03:45:04.009348+00:00,19.76,0.52,59.14,8.77,83969,-0.31,2688.5,0.4,LINK,5.34,RAIN,-10.5
2026-09-26T03:48:02.874813+00:00,20.25,1.51,59.14,8.77,83944,-0.24,2688.16,0.5,LINK,5.34,RAIN,-10.38
2026-09-26T03:51:02.616074+00:00,20.04,1.1,59.14,8.77,83938,-0.27,2687.99,0.46,LINK,4.89,RAIN,-10.29
2026-09-26T03:54:03.270193+00:00,19.85,1.11,58.47,8.77,83939,-0.25,2688.03,0.45,LINK,4.76,RAIN,-10.2
2026-09-26T03:57:03.067260+00:00,19.44,0.28,58.47,8.77,83940,-0.3,2687.99,0.39,LINK,4.45,RAIN,-9.56
2026-09-26T04:00:16.069345+00:00,19.29,-0.01,58.47,8.77,83926,-0.33,2687.42,0.35,LINK,4.69,RAIN,-9.51
2026-09-26T04:03:02.858572+00:00,19.59,0.59,58.47,8.77,83933,-0.28,2687.58,0.42,LINK,4.96,RAIN,-9.31
2026-09-26T04:06:03.079438+00:00,20.17,1.74,58.47,8.77,83976,-0.21,2688.97,0.48,LINK,5.63,RAIN,-9.05
2026-09-26T04:09:02.494657+00:00,19.84,1.08,58.47,8.77,83978,-0.25,2689.4,0.44,LINK,5.34,RAIN,-8.87
2026-09-26T04:12:04.019168+00:00,19.75,1.7,57.17,8.77,83989,-0.21,2690.01,0.46,LINK,5.62,RAIN,-8.31
2026-09-26T04:15:03.359840+00:00,20.17,2.54,57.17,8.77,83982,-0.15,2689.61,0.54,LINK,6.05,RAIN,-8.09
2026-09-26T04:18:06.568194+00:00,20.29,2.77,57.17,8.77,83981,-0.14,2689.17,0.58,LINK,5.94,RAIN,-7.91
2026-09-26T04:21:02.325546+00:00,20.49,3.17,57.17,8.77,84000,-0.1,2689.66,0.59,LINK,6.23,RAIN,-7.85
2026-09-26T04:24:02.345583+00:00,20.51,3.21,57.17,8.77,84020,-0.1,2690.56,0.58,LINK,6.29,RAIN,-7.46
2026-09-26T04:27:03.573089+00:00,19.77,1.72,57.17,8.77,83934,-0.18,2687.35,0.47,LINK,5.88,RAIN,-7.29
2026-09-26T04:30:06.308782+00:00,19.27,0.76,57.13,8.77,83894,-0.24,2686.26,0.39,LINK,5.81,RAIN,-7.21
2026-09-26T04:33:02.714450+00:00,18.85,-0.08,57.13,8.77,83868,-0.31,2685.59,0.34,LINK,5.43,RAIN,-7.23
2026-09-26T04:36:02.267151+00:00,18.82,-0.15,57.13,8.77,83902,-0.3,2686.55,0.31,LINK,5.96,RAIN,-7.16
2026-09-26T04:39:02.853285+00:00,18.59,-0.61,57.13,8.77,83902,-0.31,2686.22,0.23,LINK,5.21,RAIN,-6.84
2026-09-26T04:42:02.397750+00:00,18.05,-1.69,57.13,8.77,83908,-0.37,2686.7,0.1,LINK,4.82,RAIN,-6.76
2026-09-26T04:45:03.659737+00:00,18.2,-1.4,57.13,8.77,83947,-0.38,2688.1,0.18,LINK,5.19,RAIN,-6.53
2026-09-26T04:48:03.774597+00:00,18.53,-1.07,57.61,8.89,83962,-0.35,2688.16,0.19,LINK,5.14,RAIN,-6.54
2026-09-26T04:51:03.015947+00:00,19.23,0.34,57.61,8.89,83965,-0.28,2688.5,0.31,LINK,5.61,RAIN,-6.18
2026-09-26T04:54:02.600814+00:00,19.57,1.02,57.61,8.89,83968,-0.23,2689.32,0.37,LINK,5.83,RAIN,-6.03
2026-09-26T04:57:02.148177+00:00,19.52,0.92,57.61,8.89,83968,-0.23,2689.31,0.32,LINK,5.81,RAIN,-5.87
2026-09-26T05:00:03.473494+00:00,19.57,1.02,57.61,8.89,83965,-0.25,2689.21,0.36,LINK,5.76,RAIN,-5.73
2026-09-26T05:03:02.669386+00:00,19.24,0.36,57.61,8.89,83972,-0.3,2689.19,0.29,LINK,5.55,RAIN,-5.61
2026-09-26T05:06:04.234413+00:00,20.55,0.37,57.38,15.77,83972,-0.29,2689.02,0.3,LINK,5.68,RAIN,-5.45
2026-09-26T05:09:02.705314+00:00,21.08,1.42,57.38,15.77,83976,-0.23,2688.93,0.42,LINK,5.88,RAIN,-5.12
2026-09-26T05:12:02.283042+00:00,20.75,0.76,57.38,15.77,83987,-0.26,2689.11,0.35,LINK,5.5,RAIN,-5.21
2026-09-26T05:15:04.597599+00:00,20.79,0.84,57.38,15.77,83966,-0.25,2688.27,0.35,LINK,5.54,RAIN,-4.76
2026-09-26T05:18:08.858828+00:00,20.22,-0.3,57.38,15.77,83950,-0.32,2687.59,0.26,LINK,5.08,RAIN,-4.68
2026-09-26T05:21:02.799866+00:00,20.28,-0.17,57.38,15.77,83919,-0.32,2686.93,0.31,LINK,5.07,RAIN,-4.34
2026-09-26T05:24:03.560576+00:00,19.42,1.31,57.22,8.0,83940,-0.22,2688.08,0.43,LINK,5.55,RAIN,-4.03
2026-09-26T05:27:03.765799+00:00,19.56,1.59,57.22,8.0,83970,-0.2,2689.39,0.45,LINK,5.53,RAIN,-3.99
2026-09-26T05:30:02.793927+00:00,19.04,0.55,57.22,8.0,83941,-0.27,2688.26,0.35,LINK,5.1,RAIN,-3.79
2026-09-26T05:33:02.588356+00:00,19.3,1.07,57.22,8.0,83927,-0.24,2687.79,0.4,LINK,4.97,RAIN,-3.56
2026-09-26T05:36:02.618269+00:00,18.87,0.21,57.22,8.0,83893,-0.31,2685.77,0.32,LINK,4.78,RAIN,-3.55
2026-09-26T05:39:03.066706+00:00,17.93,-1.66,57.22,8.0,83882,-0.44,2685.2,0.17,LINK,4.41,RAIN,-3.68
2026-09-26T05:42:03.601688+00:00,19.68,-1.36,58.93,13.41,83932,-0.42,2687.03,0.17,LINK,4.86,RAIN,-3.67
2026-09-26T05:45:03.385854+00:00,20.18,-0.36,58.93,13.41,83937,-0.36,2687.93,0.25,LINK,5.13,RAIN,-3.79
2026-09-26T05:48:02.381759+00:00,19.98,-0.76,58.93,13.41,83939,-0.39,2688.0,0.24,LINK,4.98,RAIN,-3.81
2026-09-26T05:51:02.674559+00:00,20.2,-0.31,58.93,13.41,83959,-0.35,2688.1,0.25,LINK,4.7,RAIN,-3.65
2026-09-26T05:54:02.195158+00:00,20.11,-0.51,58.93,13.41,83927,-0.35,2685.9,0.18,LINK,4.46,RAIN,-3.75
2026-09-26T05:57:02.732296+00:00,19.91,-0.9,58.93,13.41,83910,-0.37,2685.5,0.18,LINK,4.31,RAIN,-3.8
2026-09-26T06:00:05.372326+00:00,19.9,-0.42,58.08,13.41,83911,-0.34,2686.02,0.23,LINK,4.39,RAIN,-3.63
2026-09-26T06:03:03.286699+00:00,20.0,-0.21,58.08,13.41,83912,-0.31,2685.78,0.26,LINK,4.4,RAIN,-3.64
2026-09-26T06:06:03.110736+00:00,19.64,-0.92,58.08,13.41,83894,-0.34,2684.89,0.22,LINK,4.01,RAIN,-3.54
2026-09-26T06:09:02.748509+00:00,20.04,-0.13,58.08,13.41,83918,-0.29,2685.55,0.3,LINK,4.45,RAIN,-3.16
2026-09-26T06:12:02.327356+00:00,20.96,1.71,58.08,13.41,83909,-0.15,2685.43,0.4,LINK,5.0,RAIN,-2.96
2026-09-26T06:15:04.088833+00:00,21.09,1.97,58.08,13.41,83914,-0.14,2685.93,0.48,LINK,5.38,RAIN,-2.85
2026-09-26T06:18:11.256889+00:00,20.82,0.84,58.56,14.18,83892,-0.22,2685.27,0.38,LINK,4.98,RAIN,-2.99
2026-09-26T06:21:02.738769+00:00,19.32,-2.18,58.56,14.18,83876,-0.41,2683.92,0.15,LINK,4.44,RAIN,-3.02
2026-09-26T06:24:02.184392+00:00,19.66,-1.48,58.56,14.18,83896,-0.37,2685.28,0.17,LINK,4.4,RAIN,-2.91
2026-09-26T06:27:03.416239+00:00,20.17,-0.47,58.56,14.18,83900,-0.3,2684.78,0.23,LINK,4.58,RAIN,-2.77
2026-09-26T06:30:02.877744+00:00,20.43,0.06,58.56,14.18,83904,-0.24,2683.65,0.24,LINK,4.61,RAIN,-2.57
2026-09-26T06:33:02.799947+00:00,20.76,0.7,58.56,14.18,83928,-0.19,2684.96,0.3,LINK,4.51,RAIN,-2.52
2026-09-26T06:36:03.224463+00:00,21.16,2.22,59.04,11.71,83946,-0.1,2686.17,0.45,LINK,4.84,RAIN,-2.36
2026-09-26T06:39:02.776204+00:00,21.12,2.13,59.04,11.71,83906,-0.1,2684.3,0.43,LINK,4.67,RAIN,-2.13
2026-09-26T06:42:02.268526+00:00,21.29,2.46,59.04,11.71,83907,-0.09,2684.95,0.49,LINK,4.6,RAIN,-2.05
2026-09-26T06:45:03.998629+00:00,21.02,1.93,59.04,11.71,83902,-0.12,2684.54,0.44,LINK,4.36,XMR,-2.03
2026-09-26T06:48:02.957915+00:00,20.92,1.73,59.04,11.71,83901,-0.14,2684.82,0.42,LINK,4.39,XMR,-2.03
2026-09-26T06:51:02.488244+00:00,21.21,2.32,59.04,11.71,83916,-0.11,2685.95,0.49,LINK,4.61,XMR,-2.08
2026-09-26T06:54:03.977528+00:00,21.9,1.82,61.04,13.41,83914,-0.13,2685.7,0.42,LINK,4.67,XMR,-2.07
2026-09-26T06:57:02.473826+00:00,21.67,1.34,61.04,13.41,83905,-0.16,2684.95,0.39,LINK,4.57,XMR,-2.12
2026-09-26T07:00:03.558797+00:00,21.78,1.57,61.04,13.41,83902,-0.14,2685.56,0.43,LINK,4.55,XMR,-2.59
2026-09-26T07:03:03.403495+00:00,21.74,1.49,61.04,13.41,83896,-0.15,2685.59,0.43,LINK,4.54,XMR,-2.47
2026-09-26T07:06:02.541992+00:00,22.26,2.53,61.04,13.41,83928,-0.07,2686.89,0.49,LINK,4.69,XMR,-2.51
2026-09-26T07:09:02.780554+00:00,22.83,3.68,61.04,13.41,83965,0.01,2688.52,0.59,LINK,4.84,XMR,-2.55
2026-09-26T07:12:03.281518+00:00,23.32,5.07,60.33,13.41,83973,0.13,2688.72,0.64,LINK,5.13,XMR,-2.53
2026-09-26T07:15:03.557964+00:00,23.77,5.99,60.33,13.41,83990,0.21,2689.67,0.7,LINK,5.36,XMR,-3.02
2026-09-26T07:18:07.260125+00:00,23.19,4.81,60.33,13.41,83994,0.14,2690.16,0.61,LINK,4.78,XMR,-3.11
2026-09-26T07:21:02.899258+00:00,22.72,3.89,60.33,13.41,83999,0.08,2689.96,0.56,LINK,4.48,XMR,-3.32
2026-09-26T07:24:02.941140+00:00,22.48,3.39,60.33,13.41,84001,0.04,2690.12,0.54,LINK,4.43,XMR,-3.28
2026-09-26T07:27:03.095871+00:00,22.3,3.03,60.33,13.41,84009,0.01,2690.36,0.51,LINK,4.57,XMR,-2.98
2026-09-26T07:30:09.339419+00:00,22.03,2.39,60.51,13.41,83997,-0.02,2689.64,0.42,LINK,4.64,XMR,-3.22
2026-09-26T07:33:02.506621+00:00,21.89,2.11,60.51,13.41,84000,-0.05,2689.73,0.41,LINK,4.6,XMR,-3.19
2026-09-26T07:36:02.299713+00:00,23.45,5.22,60.51,13.41,84000,0.17,2689.41,0.64,LINK,4.92,XMR,-2.87
2026-09-26T07:39:02.769867+00:00,23.46,5.24,60.51,13.41,84000,0.16,2689.31,0.68,LINK,4.79,XMR,-3.0
2026-09-26T07:42:02.318958+00:00,24.37,7.06,60.51,13.41,84022,0.26,2690.05,0.85,LINK,5.26,XMR,-3.01
2026-09-26T07:45:03.974115+00:00,23.87,6.07,60.51,13.41,84049,0.19,2690.11,0.75,LINK,5.18,XMR,-2.86
2026-09-26T07:48:03.492832+00:00,23.02,4.94,59.55,13.41,84047,0.12,2689.57,0.7,LINK,4.74,XMR,-2.73
2026-09-26T07:51:02.767950+00:00,23.02,4.95,59.55,13.41,84054,0.11,2689.86,0.71,LINK,4.68,XMR,-2.71
2026-09-26T07:54:02.455980+00:00,22.87,4.65,59.55,13.41,84059,0.09,2689.68,0.7,LINK,4.65,XMR,-2.29
2026-09-26T07:57:02.949191+00:00,22.57,4.05,59.55,13.41,84045,0.07,2688.81,0.66,LINK,4.19,XMR,-2.58
2026-09-26T08:03:03.283143+00:00,22.04,2.99,59.55,13.41,84084,-0.01,2690.36,0.6,LINK,4.27,XMR,-2.27
2026-09-26T08:06:03.697711+00:00,21.82,1.71,60.94,13.41,84055,-0.09,2689.17,0.49,LINK,3.76,XMR,-2.38
2026-09-26T08:09:02.212342+00:00,22.45,2.97,60.94,13.41,84050,0.0,2688.76,0.55,LINK,3.86,XMR,-2.4
2026-09-26T08:12:02.795660+00:00,22.24,2.54,60.94,13.41,84057,-0.01,2689.04,0.5,SOL,3.52,XMR,-2.57
2026-09-26T08:15:03.258983+00:00,21.84,1.76,60.94,13.41,84059,-0.06,2689.13,0.42,SOL,3.42,XMR,-2.81
2026-09-26T08:18:05.863315+00:00,21.26,0.59,60.94,13.41,84059,-0.13,2689.04,0.32,SOL,3.22,XMR,-2.94
2026-09-26T08:21:02.433670+00:00,20.51,-0.91,60.94,13.41,84038,-0.22,2688.66,0.21,SOL,2.87,XMR,-2.9
2026-09-26T08:24:03.494327+00:00,21.03,-2.64,62.0,18.74,84033,-0.33,2688.33,0.01,SOL,2.71,XMR,-3.16
2026-09-26T08:27:03.702583+00:00,20.28,-4.13,62.0,18.74,84020,-0.41,2687.73,-0.19,SOL,2.57,ZEC,-3.61
2026-09-26T08:30:21.264808+00:00,20.35,-4.0,62.0,18.74,84066,-0.42,2688.84,-0.16,SOL,2.6,ZEC,-3.05
2026-09-26T08:33:02.295692+00:00,21.11,-2.47,62.0,18.74,84082,-0.34,2689.58,0.0,SOL,2.86,ZEC,-2.74
2026-09-26T08:36:02.204560+00:00,22.18,-0.35,62.0,18.74,84203,-0.19,2694.11,0.17,LINK,3.2,ZEC,-2.76
2026-09-26T08:39:02.793169+00:00,22.98,1.27,62.0,18.74,84247,-0.07,2695.52,0.33,LINK,3.43,ZEC,-3.21
2026-09-26T08:42:03.436611+00:00,22.95,1.52,61.49,18.74,84285,-0.05,2696.01,0.34,SOL,3.38,ZEC,-3.1
2026-09-26T08:45:04.190681+00:00,22.68,0.98,61.49,18.74,84241,-0.09,2693.32,0.25,SOL,3.36,ZEC,-2.98
2026-09-26T08:48:02.906628+00:00,22.72,1.06,61.49,18.74,84256,-0.07,2693.56,0.26,SOL,3.32,ZEC,-3.19
2026-09-26T08:51:02.986873+00:00,22.87,1.35,61.49,18.74,84231,-0.06,2692.69,0.28,SOL,3.33,ZEC,-2.96
2026-09-26T08:54:02.241549+00:00,22.22,0.06,61.49,18.74,84213,-0.13,2691.69,0.13,SOL,3.12,ZEC,-3.25
2026-09-26T08:57:02.796253+00:00,21.49,-1.4,61.49,18.74,84210,-0.24,2691.49,0.04,SOL,2.96,ZEC,-3.45
2026-09-26T09:00:16.917358+00:00,21.33,-1.33,60.81,18.74,84195,-0.22,2690.89,0.03,SOL,2.94,ZEC,-3.62
2026-09-26T09:03:03.994793+00:00,20.82,-2.34,60.81,18.74,84196,-0.3,2690.55,-0.03,SOL,2.8,ZEC,-3.43
2026-09-26T09:06:03.193195+00:00,19.89,-4.21,60.81,18.74,84192,-0.42,2690.29,-0.13,SOL,2.53,ZEC,-3.73
2026-09-26T09:09:02.543386+00:00,18.92,-6.14,60.81,18.74,84188,-0.58,2690.07,-0.3,SOL,2.42,ZEC,-3.61
2026-09-26T09:12:02.293164+00:00,19.37,-5.24,60.81,18.74,84172,-0.53,2689.37,-0.23,SOL,2.55,ZEC,-3.53
2026-09-26T09:15:03.976630+00:00,18.58,-6.82,60.81,18.74,84076,-0.63,2685.32,-0.35,SOL,2.33,ZEC,-3.69
2026-09-26T09:18:08.670194+00:00,18.15,-7.36,60.28,18.74,84030,-0.66,2683.16,-0.42,SOL,2.29,ZEC,-3.85
2026-09-26T09:21:03.005555+00:00,17.49,-8.69,60.28,18.74,83961,-0.74,2680.78,-0.53,LEO,2.1,ZEC,-3.88
2026-09-26T09:24:03.232006+00:00,17.84,-7.98,60.28,18.74,83994,-0.7,2682.15,-0.45,SOL,2.1,ZEC,-3.91
2026-09-26T09:27:03.678557+00:00,16.8,-10.07,60.28,18.74,83996,-0.81,2682.5,-0.73,SOL,1.97,ZEC,-4.16
2026-09-26T09:30:03.668001+00:00,15.96,-11.74,60.28,18.74,83985,-0.91,2682.13,-0.96,LEO,1.95,ZEC,-4.11
2026-09-26T09:33:03.302443+00:00,15.79,-12.08,60.28,18.74,83975,-0.88,2680.56,-1.08,LEO,1.94,ZEC,-4.34
2026-09-26T09:36:03.622681+00:00,15.93,-11.57,59.9,18.74,84002,-0.85,2680.95,-1.1,LEO,1.89,ZEC,-4.21
2026-09-26T09:39:02.039041+00:00,16.41,-10.62,59.9,18.74,84019,-0.77,2681.4,-1.03,LEO,1.87,ZEC,-4.15
2026-09-26T09:42:02.761186+00:00,16.75,-9.94,59.9,18.74,84003,-0.73,2681.09,-0.95,LEO,1.85,ZEC,-4.19
2026-09-26T09:45:03.662472+00:00,16.7,-10.04,59.9,18.74,83995,-0.74,2680.9,-0.94,LEO,1.85,ZEC,-4.1
2026-09-26T09:48:02.604376+00:00,16.88,-9.67,59.9,18.74,84009,-0.72,2681.6,-0.86,LEO,1.86,ZEC,-4.03
2026-09-26T09:51:03.096751+00:00,17.1,-9.23,59.9,18.74,84006,-0.69,2681.82,-0.79,SOL,1.44,ZEC,-4.07
2026-09-26T09:54:04.003811+00:00,16.37,-9.0,60.08,14.22,83999,-0.68,2681.33,-0.77,SOL,1.53,ZEC,-3.88
2026-09-26T09:57:02.667103+00:00,16.13,-9.48,60.08,14.22,83994,-0.72,2681.27,-0.87,SOL,1.54,ZEC,-3.68
2026-09-26T10:00:02.959336+00:00,16.19,-9.36,60.08,14.22,83987,-0.71,2681.64,-0.84,SOL,1.44,ZEC,-3.67
2026-09-26T10:03:03.806465+00:00,17.18,-7.37,60.08,14.22,84005,-0.57,2681.97,-0.64,SOL,1.53,ZEC,-3.59
2026-09-26T10:06:02.211039+00:00,18.2,-5.33,60.08,14.22,84044,-0.44,2683.71,-0.48,SOL,1.75,ZEC,-3.1
2026-09-26T10:09:02.714793+00:00,18.58,-4.58,60.08,14.22,84067,-0.39,2684.31,-0.42,SOL,1.85,ZEC,-3.21
2026-09-26T10:12:03.377323+00:00,18.97,-5.21,59.44,18.74,84079,-0.42,2684.71,-0.5,SOL,1.72,ZEC,-3.24
2026-09-26T10:15:03.717829+00:00,19.01,-5.15,59.44,18.74,84106,-0.44,2687.64,-0.45,SOL,1.75,ZEC,-3.17
2026-09-26T10:18:06.170173+00:00,19.11,-4.95,59.44,18.74,84099,-0.43,2687.1,-0.44,SOL,1.85,ZEC,-3.22
2026-09-26T10:21:02.371573+00:00,19.58,-4.0,59.44,18.74,84130,-0.38,2687.93,-0.42,SOL,2.06,ZEC,-2.97
2026-09-26T10:24:02.398089+00:00,19.67,-3.81,59.44,18.74,84147,-0.35,2688.9,-0.48,ADA,2.08,ZEC,-2.76
2026-09-26T10:27:05.562785+00:00,19.1,-5.6,59.44,20.33,84141,-0.48,2688.69,-0.63,ADA,1.99,ZEC,-2.95
2026-09-26T10:30:02.885384+00:00,17.74,-8.31,59.44,20.33,84122,-0.67,2687.66,-0.88,ADA,1.52,ZEC,-3.51
2026-09-26T10:33:02.315739+00:00,17.57,-8.66,59.44,20.33,84127,-0.68,2687.84,-0.92,ADA,1.44,ZEC,-3.52
2026-09-26T10:36:02.466565+00:00,17.71,-8.38,59.44,20.33,84125,-0.67,2687.2,-0.9,ADA,1.71,ZEC,-3.69
2026-09-26T10:39:03.059363+00:00,17.35,-9.09,59.44,20.33,84114,-0.74,2686.77,-0.9,LEO,1.7,ZEC,-3.9
2026-09-26T10:42:02.685143+00:00,17.66,-8.49,59.44,20.33,84119,-0.7,2687.06,-0.84,LEO,1.9,ZEC,-3.79
2026-09-26T10:45:05.402342+00:00,16.01,-9.06,59.32,13.72,84126,-0.73,2687.35,-0.9,LEO,1.79,ZEC,-4.42
2026-09-26T10:48:03.014530+00:00,16.02,-9.05,59.32,13.72,84137,-0.73,2687.51,-0.95,LEO,1.79,ZEC,-4.26
2026-09-26T10:51:02.399140+00:00,15.88,-9.31,59.32,13.72,84139,-0.73,2687.99,-0.98,LINK,1.75,ZEC,-4.26
2026-09-26T10:54:02.990281+00:00,15.88,-9.32,59.32,13.72,84150,-0.73,2688.17,-0.99,LINK,1.88,ZEC,-4.11
2026-09-26T10:57:02.607264+00:00,15.82,-9.45,59.32,13.72,84138,-0.72,2687.0,-1.05,LINK,1.9,ZEC,-4.21
2026-09-26T11:00:02.982217+00:00,16.46,-8.17,59.32,13.72,84163,-0.64,2686.91,-0.99,LINK,2.62,ZEC,-4.05
2026-09-26T11:03:05.075572+00:00,16.22,-8.84,59.65,13.72,84163,-0.68,2686.86,-1.02,LINK,2.52,ZEC,-4.11
2026-09-26T11:06:02.705489+00:00,15.95,-9.38,59.65,13.72,84145,-0.71,2685.66,-1.08,LINK,1.94,ZEC,-4.1
2026-09-26T11:09:02.165938+00:00,12.64,-16.0,59.65,13.72,84129,-1.13,2685.42,-1.61,LEO,1.45,ZEC,-4.78
2026-09-26T11:12:02.824454+00:00,12.65,-15.97,59.65,13.72,84150,-1.09,2686.1,-1.75,LEO,1.53,ZEC,-4.83
2026-09-26T11:15:03.380748+00:00,12.18,-16.91,59.65,13.72,84135,-1.16,2686.56,-1.85,LEO,1.55,ZEC,-4.81
2026-09-26T11:18:04.863815+00:00,12.11,-17.06,59.65,13.72,84151,-1.16,2687.02,-1.76,RAIN,1.73,ZEC,-4.43
2026-09-26T11:21:03.882168+00:00,13.78,-15.15,58.86,18.46,84182,-1.03,2689.1,-1.61,RAIN,1.85,ZEC,-4.58
2026-09-26T11:24:02.567342+00:00,14.21,-14.28,58.86,18.46,84170,-0.98,2688.72,-1.46,RAIN,1.98,ZEC,-4.61
2026-09-26T11:27:02.894768+00:00,14.55,-13.59,58.86,18.46,84164,-0.91,2688.44,-1.41,RAIN,2.15,ZEC,-4.5
2026-09-26T11:30:02.797890+00:00,14.74,-13.21,58.86,18.46,84163,-0.89,2688.58,-1.37,RAIN,2.22,ZEC,-4.27
2026-09-26T11:33:03.148657+00:00,15.1,-12.5,58.86,18.46,84153,-0.83,2688.14,-1.35,RAIN,2.62,ZEC,-4.07
2026-09-26T11:36:02.462202+00:00,14.49,-13.72,58.86,18.46,84152,-0.9,2688.34,-1.46,RAIN,2.69,ZEC,-4.37
2026-09-26T11:39:04.021790+00:00,14.84,-12.18,59.2,15.83,84163,-0.81,2689.07,-1.33,RAIN,2.76,ZEC,-4.37
2026-09-26T11:42:02.570994+00:00,15.85,-10.16,59.2,15.83,84178,-0.66,2689.58,-1.21,RAIN,2.83,ZEC,-4.14
2026-09-26T11:45:03.558254+00:00,15.84,-10.18,59.2,15.83,84162,-0.65,2689.44,-1.19,RAIN,2.96,ZEC,-4.14
2026-09-26T11:48:02.836199+00:00,15.69,-10.47,59.2,15.83,84160,-0.66,2689.87,-1.18,RAIN,3.23,ZEC,-3.98
2026-09-26T11:51:02.928927+00:00,16.39,-9.07,59.2,15.83,84153,-0.55,2689.56,-1.1,RAIN,3.51,ZEC,-3.78
2026-09-26T11:54:02.576804+00:00,16.25,-9.35,59.2,15.83,84166,-0.55,2689.72,-1.09,RAIN,3.51,ZEC,-3.75
2026-09-26T11:57:03.727929+00:00,16.58,-8.69,59.2,15.83,84166,-0.51,2689.3,-1.02,RAIN,3.75,ZEC,-3.57
2026-09-26T12:00:03.881391+00:00,16.51,-8.83,59.2,15.83,84160,-0.52,2688.77,-1.02,RAIN,3.72,ZEC,-3.53
2026-09-26T12:03:03.357602+00:00,15.63,-10.59,59.2,15.83,84158,-0.58,2689.04,-1.15,RAIN,3.86,XRP,-3.93
2026-09-26T12:06:02.896979+00:00,15.42,-11.01,59.2,15.83,84137,-0.6,2688.3,-1.18,RAIN,4.01,XRP,-4.3
2026-09-26T12:09:02.585377+00:00,15.46,-10.94,59.2,15.83,84132,-0.58,2688.85,-1.19,RAIN,4.03,XRP,-4.76
2026-09-26T12:12:02.405023+00:00,15.84,-10.17,59.2,15.83,84147,-0.53,2689.5,-1.16,RAIN,4.23,XRP,-4.33
2026-09-26T12:15:07.638619+00:00,17.3,-7.25,59.2,15.83,84109,-0.36,2688.09,-0.92,RAIN,4.4,XRP,-3.59
2026-09-26T12:18:04.356390+00:00,20.93,0.0,59.2,15.83,84131,0.1,2689.34,-0.19,RAIN,4.6,XRP,-2.55
2026-09-26T12:21:02.434543+00:00,21.36,0.86,59.2,15.83,84172,0.15,2691.24,-0.14,RAIN,4.82,XRP,-2.42
2026-09-26T12:24:02.566805+00:00,19.26,-3.33,59.2,15.83,84128,-0.11,2689.87,-0.47,RAIN,4.81,XRP,-3.41
2026-09-26T12:27:03.160651+00:00,18.11,-5.62,59.2,15.83,84099,-0.23,2689.38,-0.68,RAIN,4.73,XRP,-4.03
2026-09-26T12:30:02.962620+00:00,17.47,-6.91,59.2,15.83,84092,-0.32,2690.13,-0.71,RAIN,4.81,XRP,-4.42
2026-09-26T12:33:03.907331+00:00,16.61,-8.24,58.57,15.83,84087,-0.4,2690.21,-0.86,RAIN,4.55,XRP,-4.63
2026-09-26T12:36:02.941955+00:00,16.58,-8.32,58.57,15.83,84097,-0.42,2690.17,-0.88,RAIN,4.62,XRP,-4.43
2026-09-26T12:39:02.479655+00:00,16.15,-9.18,58.57,15.83,84105,-0.45,2689.99,-1.01,RAIN,4.37,XRP,-4.6
2026-09-26T12:42:02.948613+00:00,15.79,-9.89,58.57,15.83,84077,-0.48,2687.21,-1.07,RAIN,4.33,XRP,-4.85
2026-09-26T12:45:03.459411+00:00,16.22,-9.03,58.57,15.83,84039,-0.42,2686.26,-1.02,RAIN,4.43,XRP,-4.67
2026-09-26T12:48:03.040112+00:00,16.29,-8.89,58.57,15.83,84038,-0.44,2686.55,-0.98,RAIN,4.34,XRP,-4.45
2026-09-26T12:51:04.013159+00:00,17.45,-8.93,62.5,15.83,84050,-0.43,2688.2,-0.97,RAIN,4.36,XRP,-4.65
2026-09-26T12:54:02.545902+00:00,17.72,-8.39,62.5,15.83,84052,-0.39,2688.23,-0.92,RAIN,4.38,XRP,-4.48
2026-09-26T12:57:03.036854+00:00,16.97,-9.89,62.5,15.83,84040,-0.49,2688.0,-1.07,RAIN,4.18,XRP,-4.43
2026-09-26T13:03:03.258462+00:00,18.46,-6.91,62.5,15.83,84035,-0.35,2688.12,-0.82,RAIN,4.27,ZEC,-3.71
2026-09-26T13:06:02.831182+00:00,17.15,-9.53,62.5,15.83,84055,-0.51,2688.92,-1.06,RAIN,4.14,ZEC,-4.88
2026-09-26T13:09:03.760668+00:00,17.68,-8.82,63.07,15.83,84080,-0.46,2689.84,-1.03,RAIN,4.11,ZEC,-4.58
2026-09-26T13:12:02.635731+00:00,18.16,-7.86,63.07,15.83,84074,-0.41,2689.48,-0.91,RAIN,4.14,ZEC,-4.3
2026-09-26T13:15:02.869315+00:00,17.41,-9.34,63.07,15.83,83985,-0.52,2686.66,-1.01,RAIN,4.05,ZEC,-4.56
2026-09-26T13:18:07.366132+00:00,16.76,-10.65,63.07,15.83,83977,-0.59,2685.96,-1.12,RAIN,3.98,ZEC,-4.52
2026-09-26T13:21:02.222201+00:00,18.22,-7.74,63.07,15.83,83980,-0.39,2685.82,-0.87,RAIN,4.15,ZEC,-4.34
2026-09-26T13:24:02.324952+00:00,18.79,-6.6,63.07,15.83,84001,-0.3,2686.78,-0.77,RAIN,4.11,ZEC,-4.42
2026-09-26T13:27:05.095891+00:00,18.75,-5.99,61.91,15.83,83961,-0.25,2685.22,-0.7,RAIN,4.13,ZEC,-4.52
2026-09-26T13:30:03.071232+00:00,18.52,-6.44,61.91,15.83,83914,-0.28,2683.63,-0.68,RAIN,4.03,ZEC,-4.35
2026-09-26T13:33:02.801442+00:00,20.65,-2.18,61.91,15.83,83899,-0.0,2683.68,-0.33,RAIN,4.07,ZEC,-3.4
2026-09-26T13:36:02.137944+00:00,19.64,-4.21,61.91,15.83,83895,-0.13,2683.24,-0.46,RAIN,4.09,ZEC,-4.09
2026-09-26T13:39:02.680840+00:00,18.25,-6.98,61.91,15.83,83863,-0.31,2682.25,-0.76,RAIN,3.91,ZEC,-4.37
2026-09-26T13:42:02.211439+00:00,18.93,-5.61,61.91,15.83,83910,-0.21,2683.28,-0.72,RAIN,4.02,ZEC,-3.77
2026-09-26T13:45:04.554737+00:00,20.44,-2.95,62.48,15.83,83908,-0.03,2682.89,-0.44,RAIN,4.2,ZEC,-3.9
2026-09-26T13:48:02.212457+00:00,22.63,1.43,62.48,15.83,83916,0.27,2683.18,-0.1,RAIN,4.34,ZEC,-3.27
2026-09-26T13:51:02.466398+00:00,22.11,0.4,62.48,15.83,83916,0.18,2684.36,-0.18,RAIN,4.37,ZEC,-3.49
2026-09-26T13:54:03.076858+00:00,21.32,-1.18,62.48,15.83,83926,0.08,2684.83,-0.33,RAIN,4.59,ZEC,-3.58
2026-09-26T13:57:02.765142+00:00,20.1,-3.63,62.48,15.83,83935,-0.08,2685.22,-0.47,RAIN,4.49,ZEC,-3.75
2026-09-26T14:00:02.992597+00:00,21.07,-1.68,62.48,15.83,83957,0.03,2686.46,-0.33,RAIN,4.84,ZEC,-3.48
2026-09-26T14:03:04.675833+00:00,21.52,-1.13,63.07,15.83,83926,0.04,2685.93,-0.23,RAIN,5.28,ZEC,-3.24
2026-09-26T14:06:02.688590+00:00,26.39,8.61,63.07,15.83,83923,0.8,2686.24,0.43,RAIN,5.87,ZEC,-2.39
2026-09-26T14:09:02.299125+00:00,25.42,6.67,63.07,15.83,83910,0.69,2685.43,0.21,RAIN,5.99,ZEC,-3.0
2026-09-26T14:12:02.876173+00:00,24.5,4.82,63.07,15.83,83917,0.55,2685.76,0.07,RAIN,6.34,ZEC,-3.1
2026-09-26T14:15:03.562908+00:00,23.54,2.91,63.07,15.83,83931,0.41,2686.13,-0.09,RAIN,6.6,ZEC,-3.31
2026-09-26T14:18:08.470067+00:00,25.46,5.1,65.83,15.83,83955,0.5,2687.51,0.11,RAIN,7.02,ZEC,-2.93
2026-09-26T14:21:02.742766+00:00,24.7,3.56,65.83,15.83,83950,0.39,2686.92,0.01,RAIN,7.25,ZEC,-2.95
2026-09-26T14:24:02.330356+00:00,24.3,2.76,65.83,15.83,83956,0.34,2687.2,-0.04,RAIN,7.45,ZEC,-2.84
2026-09-26T14:27:03.609158+00:00,24.6,3.37,65.83,15.83,83957,0.37,2687.11,0.04,RAIN,7.77,ZEC,-2.92
2026-09-26T14:30:03.583021+00:00,24.63,3.42,65.83,15.83,83961,0.38,2687.63,0.04,RAIN,8.0,ZEC,-2.88
2026-09-26T14:33:03.299786+00:00,23.61,1.39,65.83,15.83,83978,0.25,2687.88,-0.12,RAIN,8.18,ZEC,-3.35
2026-09-26T14:36:03.416475+00:00,24.12,0.29,69.34,15.83,84001,0.19,2688.76,-0.21,RAIN,8.38,ZEC,-3.08
2026-09-26T14:39:02.979975+00:00,23.75,-0.43,69.34,15.83,83992,0.14,2688.26,-0.29,RAIN,8.54,ZEC,-3.18
2026-09-26T14:42:02.789233+00:00,24.62,1.3,69.34,15.83,83996,0.24,2688.0,-0.15,RAIN,8.76,XRP,-2.6
2026-09-26T14:45:03.454635+00:00,25.88,3.83,69.34,15.83,84018,0.38,2688.16,0.1,RAIN,8.96,XRP,-2.17
2026-09-26T14:48:02.573474+00:00,25.68,3.42,69.34,15.83,84003,0.36,2687.95,0.05,RAIN,8.82,XRP,-2.14
2026-09-26T14:51:02.915546+00:00,24.95,1.96,69.34,15.83,83995,0.25,2687.81,-0.03,RAIN,8.85,XRP,-2.26
2026-09-26T14:54:03.895667+00:00,25.95,3.86,69.53,15.83,84029,0.37,2688.76,0.1,RAIN,9.21,XRP,-1.83
2026-09-26T14:57:02.464832+00:00,24.16,0.26,69.53,15.83,84030,0.13,2688.73,-0.17,RAIN,9.04,XRP,-2.53
2026-09-26T15:00:03.590720+00:00,23.65,-0.75,69.53,15.83,84017,0.05,2688.78,-0.2,RAIN,9.45,XRP,-2.5
2026-09-26T15:03:03.189834+00:00,23.19,-1.67,69.53,15.83,84017,0.0,2688.72,-0.29,RAIN,9.58,XRP,-2.81
2026-09-26T15:06:02.757993+00:00,24.48,0.9,69.53,15.83,84011,0.2,2688.75,-0.14,RAIN,10.02,XRP,-2.52
2026-09-26T15:09:02.800357+00:00,24.33,0.6,69.53,15.83,84009,0.19,2688.61,-0.19,RAIN,8.34,XRP,-2.47
2026-09-26T15:12:03.634442+00:00,24.66,0.78,70.35,15.83,84008,0.19,2688.94,-0.15,RAIN,8.32,XRP,-2.4
2026-09-26T15:15:02.975874+00:00,23.96,-0.61,70.35,15.83,84010,0.09,2689.01,-0.24,RAIN,8.31,XRP,-2.6
2026-09-26T15:18:05.655159+00:00,23.98,-0.58,70.35,15.83,84014,0.11,2689.23,-0.28,RAIN,8.33,XRP,-2.71
2026-09-26T15:21:02.240382+00:00,25.16,1.78,70.35,15.83,84021,0.26,2689.73,-0.1,RAIN,8.3,XRP,-2.34
2026-09-26T15:24:02.672895+00:00,24.86,1.17,70.35,15.83,84019,0.19,2689.48,-0.09,RAIN,8.15,XRP,-2.39
2026-09-26T15:27:03.070740+00:00,25.38,2.22,70.35,15.83,84030,0.24,2689.74,-0.02,RAIN,8.18,XRP,-2.06
2026-09-26T15:30:12.083509+00:00,25.44,3.38,69.97,13.82,84043,0.34,2690.35,0.03,RAIN,8.39,XRP,-1.98
2026-09-26T15:33:03.396597+00:00,25.72,3.94,69.97,13.82,84058,0.35,2691.19,0.11,RAIN,8.39,XRP,-1.73
2026-09-26T15:36:02.871787+00:00,26.8,6.09,69.97,13.82,84124,0.49,2693.46,0.34,RAIN,8.45,XRP,-1.39
2026-09-26T15:39:02.302470+00:00,27.46,7.41,69.97,13.82,84156,0.57,2694.75,0.46,RAIN,8.43,XRP,-1.28
2026-09-26T15:42:02.879926+00:00,27.8,8.1,69.97,13.82,84119,0.62,2693.09,0.53,RAIN,8.24,XRP,-1.21
2026-09-26T15:45:06.792289+00:00,28.43,9.35,69.97,13.82,84091,0.72,2691.69,0.64,RAIN,8.49,XRP,-1.17
2026-09-26T15:48:04.263127+00:00,28.33,8.97,68.94,15.83,84086,0.7,2690.83,0.6,RAIN,8.21,XRP,-1.17
2026-09-26T15:51:03.186228+00:00,29.06,10.43,68.94,15.83,84082,0.8,2689.9,0.66,RAIN,8.31,XRP,-0.93
2026-09-26T15:54:02.642732+00:00,29.12,10.55,68.94,15.83,84080,0.78,2690.02,0.73,RAIN,8.37,XRP,-0.85
2026-09-26T15:57:02.168906+00:00,28.31,8.93,68.94,15.83,84120,0.67,2691.51,0.57,RAIN,8.16,XRP,-1.1
2026-09-26T16:00:03.360698+00:00,27.39,7.08,68.94,15.83,84132,0.55,2692.22,0.43,RAIN,7.91,XRP,-1.34
2026-09-26T16:03:03.587177+00:00,24.97,2.24,68.94,15.83,84126,0.21,2691.7,-0.02,RAIN,8.06,XRP,-1.86
2026-09-26T16:06:03.589477+00:00,24.23,2.16,66.59,15.83,84111,0.21,2690.83,-0.03,RAIN,8.04,XRP,-1.84
2026-09-26T16:09:02.411607+00:00,24.05,1.81,66.59,15.83,84125,0.19,2690.99,-0.07,RAIN,7.99,XRP,-1.88
2026-09-26T16:12:03.519909+00:00,24.27,2.24,66.59,15.83,84130,0.22,2691.28,-0.01,RAIN,7.94,XRP,-1.76
2026-09-26T16:15:04.163463+00:00,24.03,1.77,66.59,15.83,84116,0.18,2690.96,-0.04,RAIN,7.71,XRP,-1.94
2026-09-26T16:18:05.056701+00:00,23.12,-0.04,66.59,15.83,84118,0.06,2690.99,-0.16,RAIN,7.47,XRP,-2.34
2026-09-26T16:21:02.737419+00:00,23.48,0.67,66.59,15.83,84118,0.1,2690.83,-0.07,RAIN,6.26,XRP,-1.99
2026-09-26T16:24:03.582402+00:00,24.19,1.71,67.24,15.83,84095,0.16,2689.49,0.05,RAIN,6.0,XRP,-1.79
2026-09-26T16:27:03.088008+00:00,23.76,0.84,67.24,15.83,84099,0.11,2689.84,-0.04,RAIN,6.32,XRP,-1.99
2026-09-26T16:30:03.160285+00:00,23.68,0.68,67.24,15.83,84094,0.13,2689.67,-0.1,RAIN,6.07,XRP,-2.13
2026-09-26T16:33:03.155240+00:00,23.71,0.74,67.24,15.83,84096,0.13,2690.29,-0.1,RAIN,6.37,XRP,-1.91
2026-09-26T16:36:02.241457+00:00,25.35,4.03,67.24,15.83,84137,0.34,2693.2,0.23,RAIN,7.11,XRP,-1.49
2026-09-26T16:39:02.811504+00:00,25.11,3.54,67.24,15.83,84132,0.31,2692.89,0.19,RAIN,6.99,XRP,-1.41
2026-09-26T16:42:03.363376+00:00,24.87,3.18,67.04,15.83,84134,0.29,2692.74,0.13,RAIN,7.13,XRP,-1.41
2026-09-26T16:45:04.360714+00:00,24.52,2.48,67.04,15.83,84136,0.24,2692.3,0.06,RAIN,7.42,XRP,-1.42
2026-09-26T16:48:02.499598+00:00,25.29,4.02,67.04,15.83,84125,0.35,2691.87,0.2,RAIN,8.05,XRP,-1.21
2026-09-26T16:51:02.703696+00:00,25.63,4.7,67.04,15.83,84128,0.38,2691.18,0.21,RAIN,8.28,XRP,-1.09
2026-09-26T16:54:02.315239+00:00,25.35,4.15,67.04,15.83,84125,0.35,2691.06,0.15,RAIN,8.58,XRP,-1.33
2026-09-26T16:57:02.775439+00:00,25.23,3.9,67.04,15.83,84108,0.33,2690.56,0.15,RAIN,8.63,XRP,-1.41
2026-09-26T17:00:05.235442+00:00,26.02,5.6,66.84,15.83,84102,0.43,2690.66,0.26,RAIN,9.19,XRP,-1.02
2026-09-26T17:03:03.625533+00:00,24.86,3.28,66.84,15.83,84098,0.28,2690.57,0.08,RAIN,9.13,XRP,-1.46
2026-09-26T17:06:02.607841+00:00,24.54,2.64,66.84,15.83,84099,0.24,2690.37,0.03,RAIN,9.76,XRP,-1.65
2026-09-26T17:09:02.277016+00:00,24.71,2.98,66.84,15.83,84080,0.28,2689.12,0.06,RAIN,10.14,XRP,-1.8
2026-09-26T17:12:02.915286+00:00,24.14,1.84,66.84,15.83,84071,0.19,2688.43,-0.03,RAIN,10.24,XRP,-1.84
2026-09-26T17:15:04.177907+00:00,23.83,1.23,66.84,15.83,84060,0.15,2687.93,-0.09,RAIN,10.59,XRP,-1.87
2026-09-26T17:18:06.380940+00:00,23.46,0.98,67.35,13.82,84059,0.15,2687.34,-0.18,RAIN,10.71,XRP,-1.88
2026-09-26T17:21:02.990438+00:00,23.67,1.4,67.35,13.82,84051,0.16,2687.16,-0.15,RAIN,11.03,XRP,-1.87
2026-09-26T17:24:03.102571+00:00,23.71,1.49,67.35,13.82,84056,0.17,2686.89,-0.08,RAIN,11.37,XRP,-1.91
2026-09-26T17:27:03.108894+00:00,24.41,2.88,67.35,13.82,84052,0.25,2687.09,0.01,RAIN,12.01,XRP,-1.64
2026-09-26T17:30:05.476314+00:00,25.55,5.17,67.35,13.82,84055,0.39,2688.44,0.22,RAIN,12.46,XRP,-1.21
2026-09-26T17:33:03.305031+00:00,25.6,5.27,67.35,13.82,84057,0.39,2688.33,0.24,RAIN,12.35,XRP,-1.29
2026-09-26T17:36:03.727254+00:00,26.51,5.24,68.02,17.42,84041,0.41,2688.15,0.26,RAIN,13.0,XRP,-1.54
2026-09-26T17:39:02.416043+00:00,26.37,4.96,68.02,17.42,84043,0.4,2688.23,0.21,RAIN,12.84,XRP,-1.62
2026-09-26T17:42:02.961080+00:00,26.03,4.29,68.02,17.42,84062,0.36,2688.48,0.14,RAIN,12.48,XRP,-1.67
2026-09-26T17:45:04.155533+00:00,25.69,3.61,68.02,17.42,84060,0.33,2687.53,0.08,RAIN,12.42,XRP,-1.92
2026-09-26T17:48:02.834336+00:00,26.32,4.85,68.02,17.42,84083,0.41,2688.66,0.2,RAIN,12.41,XRP,-1.72
2026-09-26T17:51:03.127739+00:00,26.32,4.85,68.02,17.42,84104,0.41,2689.78,0.23,RAIN,12.53,XRP,-1.76
2026-09-26T17:54:04.028929+00:00,26.47,5.46,68.7,15.63,84094,0.46,2688.87,0.26,RAIN,12.31,XRP,-1.65
2026-09-26T17:57:02.812759+00:00,26.32,5.17,68.7,15.63,84097,0.45,2688.8,0.2,RAIN,12.78,XRP,-1.69
2026-09-26T18:00:16.192462+00:00,26.19,4.9,68.7,15.63,84115,0.43,2689.59,0.19,RAIN,12.03,XRP,-1.76
2026-09-26T18:03:05.066247+00:00,25.38,3.29,68.7,15.63,84116,0.33,2689.35,0.02,RAIN,11.79,XRP,-2.02
2026-09-26T18:06:02.945691+00:00,25.91,4.34,68.7,15.63,84132,0.38,2689.84,0.12,RAIN,12.07,XRP,-1.76
2026-09-26T18:09:02.531644+00:00,25.43,3.39,68.7,15.63,84136,0.32,2689.64,0.05,RAIN,11.67,XRP,-1.94
2026-09-26T18:12:03.299092+00:00,25.2,1.71,69.39,17.64,84099,0.21,2688.79,-0.04,RAIN,11.3,XRP,-2.21
2026-09-26T18:15:02.962823+00:00,24.51,0.32,69.39,17.64,84091,0.14,2688.08,-0.22,RAIN,10.78,XRP,-2.36
2026-09-26T18:18:05.474416+00:00,24.15,-0.39,69.39,17.64,84081,0.11,2687.47,-0.29,RAIN,10.49,XRP,-2.48
2026-09-26T18:21:03.237293+00:00,23.51,-1.67,69.39,17.64,84069,0.04,2687.35,-0.39,RAIN,10.45,XRP,-2.72
2026-09-26T18:24:02.946530+00:00,24.01,-0.67,69.39,17.64,84070,0.08,2687.55,-0.31,RAIN,10.57,XRP,-2.49
2026-09-26T18:27:03.281463+00:00,24.44,0.19,69.39,17.64,84079,0.15,2687.72,-0.23,RAIN,10.3,XRP,-2.41
2026-09-26T18:30:11.849010+00:00,23.46,0.48,65.95,17.18,84053,0.14,2687.75,-0.19,RAIN,10.46,XRP,-2.18
2026-09-26T18:33:03.070896+00:00,23.16,-0.11,65.95,17.18,84052,0.1,2687.63,-0.23,RAIN,10.47,XRP,-2.25
2026-09-26T18:36:02.854829+00:00,23.33,0.23,65.95,17.18,84051,0.13,2687.31,-0.17,RAIN,10.71,XRP,-2.35
2026-09-26T18:39:02.267378+00:00,23.08,-0.29,65.95,17.18,84043,0.12,2686.93,-0.21,RAIN,10.62,XRP,-2.6
2026-09-26T18:42:03.030606+00:00,23.14,-0.15,65.95,17.18,84033,0.14,2686.06,-0.19,RAIN,10.89,XRP,-2.88
2026-09-26T18:45:03.156997+00:00,22.77,-0.91,65.95,17.18,84016,0.09,2685.34,-0.26,RAIN,10.74,XRP,-2.96
2026-09-26T18:48:03.581947+00:00,22.24,-2.02,66.05,17.18,83997,0.03,2683.98,-0.38,RAIN,10.68,XRP,-3.14
2026-09-26T18:51:02.801993+00:00,22.29,-1.92,66.05,17.18,83988,0.05,2683.53,-0.37,RAIN,10.38,XRP,-3.18
2026-09-26T18:54:02.367799+00:00,22.34,-1.83,66.05,17.18,83984,0.05,2684.0,-0.35,RAIN,10.46,XRP,-3.15
2026-09-26T18:57:03.077806+00:00,22.34,-1.81,66.05,17.18,83985,0.03,2684.38,-0.33,RAIN,10.27,XRP,-3.02
2026-09-26T19:00:03.359816+00:00,22.42,-1.66,66.05,17.18,83986,0.04,2684.78,-0.3,RAIN,10.6,XRP,-2.99
2026-09-26T19:03:05.495288+00:00,22.67,-1.05,65.86,17.18,84001,0.08,2684.69,-0.24,RAIN,10.48,XRP,-2.9
2026-09-26T19:06:02.872724+00:00,23.0,-0.38,65.86,17.18,84032,0.12,2685.64,-0.2,RAIN,10.41,XRP,-2.65
2026-09-26T19:09:02.661383+00:00,22.49,-1.41,65.86,17.18,84022,0.05,2685.66,-0.3,RAIN,10.35,XRP,-2.75
2026-09-26T19:12:02.389493+00:00,22.5,-1.39,65.86,17.18,84002,0.04,2685.47,-0.25,RAIN,10.13,XRP,-2.69
2026-09-26T19:15:03.185123+00:00,22.03,-2.32,65.86,17.18,84002,-0.02,2685.33,-0.35,RAIN,10.16,XRP,-2.82
2026-09-26T19:18:04.458667+00:00,22.46,-1.48,65.86,17.18,84009,0.04,2685.38,-0.29,RAIN,10.2,XRP,-2.68
2026-09-26T19:21:09.795589+00:00,22.23,-1.75,65.55,17.18,84012,0.03,2685.39,-0.3,RAIN,9.74,XRP,-2.77
2026-09-26T19:24:02.731796+00:00,21.92,-2.37,65.55,17.18,84008,-0.01,2684.02,-0.36,RAIN,9.66,XRP,-2.87
2026-09-26T19:27:03.112514+00:00,22.42,-1.36,65.55,17.18,84014,0.06,2683.86,-0.29,RAIN,9.59,XRP,-2.71
2026-09-26T19:30:03.458304+00:00,22.28,-1.63,65.55,17.18,84013,0.05,2683.88,-0.32,RAIN,9.32,XRP,-2.76
2026-09-26T19:33:03.149252+00:00,22.16,-1.88,65.55,17.18,84012,0.02,2682.92,-0.32,RAIN,8.99,XRP,-2.74
2026-09-26T19:36:02.813729+00:00,22.1,-2.01,65.55,17.18,84012,0.02,2682.87,-0.32,RAIN,9.2,XRP,-2.84
2026-09-26T19:39:03.542965+00:00,20.8,-2.96,62.82,17.18,84005,-0.04,2683.23,-0.41,RAIN,9.17,XRP,-2.99
2026-09-26T19:42:03.015541+00:00,21.23,-2.11,62.82,17.18,83968,0.01,2682.62,-0.32,RAIN,8.9,XRP,-2.93
2026-09-26T19:45:06.093381+00:00,21.22,-2.11,62.82,17.18,83974,0.01,2681.98,-0.34,RAIN,8.9,XRP,-2.87
2026-09-26T19:48:02.556772+00:00,20.69,-3.18,62.82,17.18,83995,-0.05,2682.45,-0.46,RAIN,8.64,XRP,-3.02
2026-09-26T19:51:02.286237+00:00,20.99,-2.58,62.82,17.18,84006,0.0,2683.11,-0.44,RAIN,8.52,XRP,-2.99
2026-09-26T19:54:02.735517+00:00,21.05,-2.46,62.82,17.18,83996,-0.01,2682.97,-0.41,RAIN,7.97,XRP,-2.78
2026-09-26T19:57:03.313385+00:00,21.35,-2.16,63.3,17.18,83998,0.0,2683.39,-0.34,RAIN,8.06,XRP,-2.85
2026-09-26T20:00:15.807489+00:00,21.18,-2.5,63.3,17.18,83999,-0.02,2683.62,-0.35,RAIN,7.79,XRP,-3.06
2026-09-26T20:03:03.895983+00:00,21.18,-2.5,63.3,17.18,84001,0.02,2683.62,-0.35,RAIN,7.14,XRP,-3.29
2026-09-26T20:06:03.240491+00:00,21.67,-1.51,63.3,17.18,84001,0.08,2683.57,-0.25,RAIN,6.75,XRP,-3.09
2026-09-26T20:09:03.032306+00:00,21.94,-0.97,63.3,17.18,84021,0.1,2683.9,-0.21,RAIN,6.66,XRP,-2.88
2026-09-26T20:12:02.576548+00:00,21.61,-1.64,63.3,17.18,84029,0.08,2683.6,-0.28,RAIN,6.31,XRP,-3.04
2026-09-26T20:15:05.303964+00:00,22.29,-1.82,65.88,17.18,84009,0.06,2682.97,-0.26,RAIN,6.41,XRP,-3.06
2026-09-26T20:18:04.661915+00:00,22.12,-2.15,65.88,17.18,84001,0.05,2681.8,-0.33,RAIN,6.36,XRP,-3.14
2026-09-26T20:21:02.586003+00:00,22.09,-2.21,65.88,17.18,84021,0.05,2682.1,-0.34,RAIN,6.28,XRP,-3.1
2026-09-26T20:24:02.573137+00:00,21.97,-2.46,65.88,17.18,84033,0.04,2682.15,-0.36,RAIN,6.23,XRP,-3.18
2026-09-26T20:27:03.057737+00:00,21.59,-3.22,65.88,17.18,84036,-0.02,2682.56,-0.4,RAIN,6.07,XRP,-3.3
2026-09-26T20:30:03.198684+00:00,21.82,-2.77,65.88,17.18,84059,0.01,2682.95,-0.39,RAIN,6.27,XRP,-3.24
2026-09-26T20:33:03.626019+00:00,21.7,-2.41,64.91,17.18,84067,0.03,2683.51,-0.36,RAIN,6.1,XRP,-3.09
2026-09-26T20:36:02.607620+00:00,21.65,-2.51,64.91,17.18,84075,0.03,2683.62,-0.34,RAIN,6.05,XRP,-3.17
2026-09-26T20:39:02.290235+00:00,21.67,-2.47,64.91,17.18,84073,0.03,2683.32,-0.32,RAIN,6.03,XRP,-3.06
2026-09-26T20:42:03.078206+00:00,20.62,-4.59,64.91,17.18,84063,-0.08,2682.55,-0.52,RAIN,5.79,XRP,-3.5
2026-09-26T20:45:03.474129+00:00,19.61,-6.59,64.91,17.18,83885,-0.22,2671.89,-0.63,RAIN,4.67,XRP,-3.75
2026-09-26T20:48:02.998977+00:00,19.84,-6.14,64.91,17.18,83921,-0.18,2672.82,-0.65,RAIN,4.52,XRP,-3.69
2026-09-26T20:51:03.726859+00:00,19.28,-7.36,65.1,17.18,83859,-0.24,2667.64,-0.85,RAIN,4.5,XRP,-3.9
2026-09-26T20:54:02.206249+00:00,20.06,-5.8,65.1,17.18,83867,-0.12,2668.5,-0.71,RAIN,4.62,XRP,-3.85
2026-09-26T20:57:03.089181+00:00,22.34,-1.25,65.1,17.18,83981,0.18,2673.37,-0.38,RAIN,4.75,XRP,-3.21
2026-09-26T21:00:03.264481+00:00,22.37,-1.19,65.1,17.18,84007,0.17,2675.11,-0.34,RAIN,5.27,XRP,-3.11
2026-09-26T21:03:02.955771+00:00,22.27,-1.4,65.1,17.18,84011,0.14,2676.1,-0.32,RAIN,5.54,XRP,-3.19
2026-09-26T21:06:02.628196+00:00,23.68,1.43,65.1,17.18,84030,0.32,2676.65,-0.16,RAIN,6.53,XRP,-2.66
2026-09-26T21:09:03.944147+00:00,24.88,3.74,65.24,17.18,84081,0.49,2678.14,-0.01,RAIN,6.58,XRP,-2.4
2026-09-26T21:12:02.471130+00:00,24.53,3.05,65.24,17.18,84078,0.45,2678.01,-0.04,RAIN,6.76,XRP,-2.62
2026-09-26T21:15:03.553615+00:00,24.49,2.97,65.24,17.18,84079,0.43,2678.55,-0.03,RAIN,6.63,XRP,-2.59
2026-09-26T21:18:06.256130+00:00,25.15,4.29,65.24,17.18,84097,0.51,2680.16,0.07,RAIN,6.92,XRP,-2.3
2026-09-26T21:21:02.378789+00:00,25.83,5.64,65.24,17.18,84125,0.59,2681.69,0.16,RAIN,7.34,XRP,-2.26
2026-09-26T21:24:02.437152+00:00,25.33,4.64,65.24,17.18,84100,0.49,2681.79,0.13,RAIN,7.25,XRP,-2.3
2026-09-26T21:27:05.294518+00:00,25.44,4.86,65.24,17.18,84113,0.49,2681.85,0.13,RAIN,7.43,XRP,-2.28
2026-09-26T21:30:03.295304+00:00,25.38,4.75,65.24,17.18,84136,0.46,2682.49,0.12,RAIN,7.58,XRP,-2.29
2026-09-26T21:33:02.372226+00:00,25.82,5.63,65.24,17.18,84197,0.5,2686.76,0.19,ZEC,8.35,XRP,-2.09
2026-09-26T21:36:02.443733+00:00,25.82,5.62,65.24,17.18,84182,0.47,2686.59,0.24,ZEC,8.56,XRP,-1.93
2026-09-26T21:39:02.960908+00:00,26.29,6.57,65.24,17.18,84213,0.53,2689.63,0.38,ZEC,8.67,XRP,-1.78
2026-09-26T21:42:02.692953+00:00,25.78,5.54,65.24,17.18,84184,0.46,2687.21,0.24,ZEC,9.01,XRP,-1.87
2026-09-26T21:45:05.970860+00:00,25.38,4.98,64.84,17.18,84160,0.42,2686.83,0.21,ZEC,9.12,XRP,-2.0
2026-09-26T21:48:02.469856+00:00,25.4,5.03,64.84,17.18,84151,0.42,2686.14,0.19,ZEC,9.48,XRP,-1.95
2026-09-26T21:51:02.606280+00:00,24.98,4.19,64.84,17.18,84139,0.35,2684.57,0.1,ZEC,9.96,XRP,-2.03
2026-09-26T21:54:02.483417+00:00,24.68,3.59,64.84,17.18,84128,0.31,2683.83,0.04,ZEC,9.86,XRP,-2.16
2026-09-26T21:57:03.142791+00:00,24.98,4.19,64.84,17.18,84122,0.34,2684.52,0.13,ZEC,10.07,XRP,-1.99
2026-09-26T22:00:03.359557+00:00,24.98,4.19,64.84,17.18,84108,0.33,2684.32,0.14,ZEC,10.14,XRP,-1.92
2026-09-26T22:03:05.059323+00:00,25.44,5.29,64.54,17.18,84140,0.43,2685.42,0.19,ZEC,9.95,XRP,-1.68
2026-09-26T22:06:02.706574+00:00,25.35,5.1,64.54,17.18,84185,0.44,2685.84,0.13,ZEC,9.52,XRP,-1.9
2026-09-26T22:09:02.299258+00:00,25.59,5.59,64.54,17.18,84310,0.49,2688.82,0.16,ZEC,9.34,XRP,-2.0
2026-09-26T22:12:02.864617+00:00,25.43,5.26,64.54,17.18,84297,0.49,2688.07,0.14,ZEC,8.65,XRP,-2.15
2026-09-26T22:15:03.723807+00:00,25.4,5.21,64.54,17.18,84316,0.48,2688.97,0.15,ZEC,8.94,XRP,-2.18
2026-09-26T22:18:04.561752+00:00,25.19,4.78,64.54,17.18,84307,0.46,2689.11,0.13,ZEC,8.67,XRP,-2.26
2026-09-26T22:21:04.036100+00:00,24.78,3.85,64.75,17.18,84286,0.42,2687.96,0.05,ZEC,8.3,XRP,-2.51
2026-09-26T22:24:03.193912+00:00,24.65,3.57,64.75,17.18,84258,0.4,2687.2,0.02,ZEC,8.38,XRP,-2.52
2026-09-26T22:27:03.378142+00:00,24.52,3.33,64.75,17.18,84261,0.38,2687.81,0.02,RAIN,8.7,XRP,-2.61
2026-09-26T22:30:07.582374+00:00,25.09,4.45,64.75,17.18,84272,0.49,2688.31,0.05,RAIN,8.8,XRP,-2.61
2026-09-26T22:33:02.204113+00:00,24.89,4.06,64.75,17.18,84325,0.48,2689.1,0.01,RAIN,8.99,XRP,-2.74
2026-09-26T22:36:03.053722+00:00,23.85,1.97,64.75,17.18,84283,0.34,2687.98,-0.14,RAIN,9.05,XRP,-2.91
2026-09-26T22:39:03.649415+00:00,23.91,1.63,65.54,17.18,84277,0.29,2688.2,-0.2,RAIN,9.13,XRP,-3.11
2026-09-26T22:42:02.146916+00:00,23.52,0.85,65.54,17.18,84257,0.22,2687.12,-0.24,RAIN,9.06,XRP,-3.16
2026-09-26T22:45:04.245717+00:00,23.61,1.02,65.54,17.18,84274,0.25,2687.19,-0.2,RAIN,9.12,XRP,-3.15
2026-09-26T22:48:02.527181+00:00,23.61,1.02,65.54,17.18,84257,0.24,2686.87,-0.2,RAIN,9.44,XRP,-3.08
2026-09-26T22:51:02.817830+00:00,23.79,1.38,65.54,17.18,84280,0.27,2687.55,-0.18,RAIN,9.52,DOGE,-3.17
2026-09-26T22:54:02.357764+00:00,23.81,1.43,65.54,17.18,84286,0.28,2687.64,-0.18,RAIN,9.63,DOGE,-3.25
2026-09-26T22:57:03.968837+00:00,23.26,1.45,63.15,17.94,84316,0.27,2689.48,-0.14,RAIN,9.51,DOGE,-3.21
2026-09-26T23:00:03.366756+00:00,23.12,1.18,63.15,17.94,84266,0.24,2688.47,-0.15,RAIN,9.62,DOGE,-2.98
2026-09-26T23:03:03.676441+00:00,23.13,1.19,63.15,17.94,84269,0.23,2688.64,-0.13,RAIN,9.7,XRP,-2.99
2026-09-26T23:06:03.007136+00:00,23.61,2.16,63.15,17.94,84319,0.3,2690.55,-0.05,RAIN,9.91,XRP,-2.83
2026-09-26T23:09:02.701155+00:00,23.42,1.77,63.15,17.94,84309,0.26,2690.76,-0.07,RAIN,9.95,XRP,-2.78
2026-09-26T23:12:02.278118+00:00,23.45,1.84,63.15,17.94,84304,0.26,2691.82,-0.07,RAIN,10.48,XRP,-2.73
2026-09-26T23:15:05.866647+00:00,23.89,2.19,64.02,17.94,84312,0.29,2692.37,-0.05,RAIN,10.73,XRP,-2.73
2026-09-26T23:18:06.880536+00:00,24.15,2.72,64.02,17.94,84333,0.34,2692.49,-0.01,RAIN,10.67,DOGE,-2.71
2026-09-26T23:21:02.185814+00:00,24.3,3.02,64.02,17.94,84352,0.35,2692.63,-0.01,RAIN,10.68,DOGE,-2.51
2026-09-26T23:24:02.723135+00:00,24.46,3.33,64.02,17.94,84368,0.38,2693.45,0.02,RAIN,10.73,XRP,-2.52
2026-09-26T23:27:03.058777+00:00,24.69,3.79,64.02,17.94,84373,0.42,2693.67,0.06,RAIN,11.25,DOGE,-2.56
2026-09-26T23:30:03.288513+00:00,24.27,2.96,64.02,17.94,84343,0.35,2693.29,0.03,RAIN,11.32,XRP,-2.52
2026-09-26T23:33:04.041547+00:00,24.26,2.96,63.97,17.94,84362,0.35,2693.67,0.02,RAIN,11.56,XRP,-2.65
2026-09-26T23:36:02.815233+00:00,24.4,3.23,63.97,17.94,84382,0.37,2694.31,0.06,RAIN,11.63,XRP,-2.56
2026-09-26T23:39:02.493086+00:00,24.65,3.75,63.97,17.94,84385,0.4,2694.49,0.08,RAIN,12.05,XRP,-2.51
2026-09-26T23:42:02.929746+00:00,24.43,3.3,63.97,17.94,84375,0.37,2694.51,0.07,RAIN,12.01,XRP,-2.57
2026-09-26T23:45:03.481467+00:00,24.38,3.2,63.97,17.94,84374,0.37,2693.95,0.06,RAIN,12.01,XRP,-2.56
2026-09-26T23:48:02.545464+00:00,24.36,3.16,63.97,17.94,84371,0.37,2693.5,0.05,RAIN,12.18,XRP,-2.59
2026-09-26T23:51:03.464139+00:00,24.57,3.71,63.76,17.94,84405,0.4,2694.58,0.11,RAIN,12.41,XRP,-2.51
2026-09-26T23:54:03.012517+00:00,24.62,3.81,63.76,17.94,84407,0.4,2694.77,0.12,RAIN,12.38,XRP,-2.48
2026-09-26T23:57:02.553873+00:00,24.85,4.27,63.76,17.94,84413,0.45,2694.83,0.14,RAIN,12.77,XRP,-2.59
2026-09-27T00:00:05.596690+00:00,24.85,4.27,63.76,17.94,84404,0.43,2695.53,0.19,RAIN,12.89,XRP,-2.56
2026-09-27T00:03:03.160811+00:00,24.8,4.16,63.76,17.94,84421,0.43,2695.58,0.18,RAIN,12.9,XRP,-2.54
2026-09-27T00:06:02.185539+00:00,24.58,3.73,63.76,17.94,84365,0.38,2694.17,0.17,RAIN,13.3,XRP,-2.49
2026-09-27T00:09:03.493691+00:00,24.57,3.22,64.56,17.94,84353,0.35,2693.44,0.12,RAIN,13.43,XRP,-2.5
2026-09-27T00:12:02.982904+00:00,24.39,2.86,64.56,17.94,84344,0.33,2693.04,0.07,RAIN,13.64,XRP,-2.58
2026-09-27T00:15:03.674685+00:00,24.16,2.41,64.56,17.94,84319,0.31,2691.57,0.02,RAIN,13.48,XRP,-2.65
2026-09-27T00:18:06.170448+00:00,24.25,2.59,64.56,17.94,84313,0.31,2691.44,0.06,RAIN,13.77,XRP,-2.62
2026-09-27T00:21:02.608100+00:00,24.13,2.34,64.56,17.94,84289,0.3,2690.65,0.04,RAIN,14.0,XRP,-2.65
2026-09-27T00:24:02.176646+00:00,23.82,1.73,64.56,17.94,84260,0.27,2690.31,0.0,RAIN,13.93,XRP,-2.84
2026-09-27T00:27:05.874106+00:00,23.6,1.54,64.65,17.18,84259,0.26,2690.57,0.02,RAIN,14.11,XRP,-3.02
2026-09-27T00:30:04.076177+00:00,24.31,2.97,64.65,17.18,84250,0.36,2690.64,0.12,RAIN,13.87,XRP,-2.91
2026-09-27T00:33:02.992770+00:00,25.3,4.94,64.65,17.18,84248,0.46,2691.59,0.31,RAIN,14.13,XRP,-2.51
2026-09-27T00:36:02.459300+00:00,26.11,6.55,64.65,17.18,84295,0.55,2693.42,0.4,RAIN,14.31,XRP,-2.27
2026-09-27T00:39:02.972067+00:00,26.76,7.85,64.65,17.18,84338,0.65,2694.03,0.48,RAIN,14.72,XRP,-2.15
2026-09-27T00:42:02.847851+00:00,26.2,6.74,64.65,17.18,84339,0.58,2694.58,0.41,RAIN,14.86,XRP,-2.39
2026-09-27T00:45:05.391826+00:00,25.96,6.0,64.59,17.94,84341,0.54,2694.64,0.35,RAIN,14.85,XRP,-2.59
2026-09-27T00:48:02.820898+00:00,25.79,5.65,64.59,17.94,84334,0.52,2694.41,0.31,RAIN,14.82,XRP,-2.73
2026-09-27T00:51:02.815932+00:00,25.39,4.84,64.59,17.94,84315,0.49,2693.6,0.25,RAIN,14.92,XRP,-2.9
2026-09-27T00:54:02.102669+00:00,25.41,4.89,64.59,17.94,84308,0.49,2693.53,0.24,RAIN,15.07,XRP,-2.94
2026-09-27T00:57:02.685915+00:00,25.25,4.57,64.59,17.94,84292,0.47,2692.82,0.23,RAIN,15.39,XRP,-3.04
2026-09-27T01:00:02.879225+00:00,25.37,4.81,64.59,17.94,84291,0.48,2693.45,0.26,RAIN,15.64,XRP,-3.03
2026-09-27T01:03:04.967008+00:00,24.84,3.63,64.79,17.94,84292,0.41,2693.5,0.13,RAIN,15.47,XRP,-3.17
2026-09-27T01:06:02.724799+00:00,24.81,3.57,64.79,17.94,84283,0.42,2692.11,0.08,RAIN,15.63,XRP,-3.27
2026-09-27T01:09:02.219184+00:00,24.63,3.21,64.79,17.94,84270,0.4,2691.58,0.06,RAIN,15.63,XRP,-3.4
2026-09-27T01:12:02.702129+00:00,24.82,3.6,64.79,17.94,84286,0.42,2692.36,0.1,RAIN,15.82,XRP,-3.24
2026-09-27T01:15:03.156889+00:00,25.57,5.08,64.79,17.94,84341,0.51,2693.85,0.18,RAIN,16.13,XRP,-3.01
2026-09-27T01:18:08.674270+00:00,25.51,4.44,65.68,17.94,84379,0.49,2694.8,0.14,RAIN,15.99,XRP,-3.35
2026-09-27T01:21:02.396461+00:00,25.49,4.39,65.68,17.94,84361,0.5,2694.01,0.14,RAIN,16.17,XRP,-3.43
2026-09-27T01:24:02.567699+00:00,25.19,3.79,65.68,17.94,84346,0.47,2693.33,0.09,RAIN,16.23,XRP,-3.59
2026-09-27T01:27:02.682110+00:00,25.27,3.95,65.68,17.94,84350,0.48,2692.98,0.12,RAIN,16.23,XRP,-3.55
2026-09-27T01:30:02.960285+00:00,25.49,4.39,65.68,17.94,84337,0.48,2692.92,0.18,RAIN,16.41,XRP,-3.36
2026-09-27T01:33:02.216679+00:00,25.24,3.89,65.68,17.94,84322,0.45,2692.54,0.14,RAIN,16.42,XRP,-3.48
2026-09-27T01:36:03.458475+00:00,25.17,3.88,65.48,17.94,84328,0.45,2692.54,0.14,RAIN,16.41,XRP,-3.52
2026-09-27T01:39:02.982094+00:00,24.56,2.65,65.48,17.94,84302,0.39,2691.65,0.03,RAIN,16.47,XRP,-3.8
2026-09-27T01:42:02.558603+00:00,23.98,1.49,65.48,17.94,84298,0.3,2691.82,-0.08,RAIN,16.88,XRP,-3.85
2026-09-27T01:45:03.879794+00:00,24.59,2.72,65.48,17.94,84344,0.39,2693.02,-0.02,RAIN,17.08,XRP,-3.57
2026-09-27T01:48:02.569867+00:00,24.67,2.87,65.48,17.94,84400,0.41,2694.44,-0.0,RAIN,17.08,ADA,-4.52
2026-09-27T01:51:02.991868+00:00,25.23,4.0,65.48,17.94,84433,0.48,2695.3,0.09,RAIN,17.29,ADA,-4.35
2026-09-27T01:54:03.321998+00:00,25.39,4.5,65.68,17.18,84505,0.5,2701.1,0.14,RAIN,17.72,ADA,-3.92
2026-09-27T01:57:02.897859+00:00,25.73,5.19,65.68,17.18,84498,0.52,2702.12,0.3,RAIN,17.81,ADA,-3.74
2026-09-27T02:00:03.084605+00:00,25.88,5.48,65.68,17.18,84499,0.53,2701.7,0.35,RAIN,18.04,ADA,-3.42
2026-09-27T02:03:03.858653+00:00,26.35,6.43,65.68,17.18,84474,0.57,2701.12,0.45,RAIN,19.26,ADA,-3.27
2026-09-27T02:06:02.901074+00:00,25.84,5.4,65.68,17.18,84456,0.51,2699.93,0.34,RAIN,19.22,ADA,-3.58
2026-09-27T02:09:02.714078+00:00,25.69,5.11,65.68,17.18,84442,0.5,2699.32,0.3,RAIN,19.25,ADA,-4.08
2026-09-27T02:12:03.254511+00:00,26.05,5.82,65.68,17.18,84505,0.55,2702.48,0.36,RAIN,19.24,ADA,-3.48
2026-09-27T02:15:03.669285+00:00,25.71,5.13,65.68,17.18,84465,0.49,2700.78,0.29,RAIN,19.48,ADA,-3.54
2026-09-27T02:18:08.559134+00:00,25.4,4.52,65.68,17.18,84473,0.45,2701.45,0.25,RAIN,19.5,ADA,-3.76
2026-09-27T02:21:02.693369+00:00,25.3,4.33,65.68,17.18,84471,0.41,2702.27,0.27,RAIN,19.66,ADA,-3.6
2026-09-27T02:24:02.345207+00:00,26.05,5.83,65.68,17.18,84491,0.53,2702.35,0.34,RAIN,19.88,ADA,-3.37
2026-09-27T02:27:05.963429+00:00,26.31,6.23,65.87,17.18,84508,0.56,2703.04,0.37,RAIN,19.92,ADA,-3.24
2026-09-27T02:30:02.979242+00:00,26.29,6.2,65.87,17.18,84497,0.55,2703.18,0.36,RAIN,20.47,ADA,-3.19
2026-09-27T02:33:02.194452+00:00,26.47,6.56,65.87,17.18,84495,0.57,2702.84,0.39,RAIN,20.05,ADA,-2.91
2026-09-27T02:36:02.357404+00:00,26.42,6.45,65.87,17.18,84513,0.58,2702.87,0.33,RAIN,19.62,ADA,-2.91
2026-09-27T02:39:02.851674+00:00,26.35,6.3,65.87,17.18,84492,0.57,2701.71,0.33,RAIN,19.65,XRP,-2.78
2026-09-27T02:42:02.479138+00:00,26.21,6.02,65.87,17.18,84465,0.53,2700.52,0.31,RAIN,19.89,XRP,-2.77
2026-09-27T02:45:12.929814+00:00,25.84,6.01,64.66,17.18,84462,0.54,2700.12,0.32,RAIN,19.69,XRP,-2.8
2026-09-27T02:48:02.329171+00:00,25.98,6.3,64.66,17.18,84460,0.55,2700.0,0.32,RAIN,22.23,XRP,-2.74
2026-09-27T02:51:02.285774+00:00,25.48,5.29,64.66,17.18,84442,0.49,2698.92,0.26,RAIN,22.49,XRP,-2.9
2026-09-27T02:54:02.805325+00:00,25.69,5.71,64.66,17.18,84455,0.5,2699.33,0.29,RAIN,22.39,XRP,-2.76
2026-09-27T02:57:02.264933+00:00,25.63,5.59,64.66,17.18,84439,0.5,2697.89,0.27,RAIN,21.92,XRP,-2.77
2026-09-27T03:00:03.907254+00:00,25.53,5.39,64.66,17.18,84441,0.5,2697.45,0.26,RAIN,21.64,XRP,-2.87
2026-09-27T03:03:04.662766+00:00,25.68,5.83,64.45,17.18,84434,0.53,2697.65,0.27,RAIN,21.63,XRP,-2.78
2026-09-27T03:06:02.421005+00:00,25.82,6.1,64.45,17.18,84469,0.55,2698.36,0.31,RAIN,20.58,XRP,-2.79
2026-09-27T03:09:02.303862+00:00,26.13,6.72,64.45,17.18,84486,0.59,2699.16,0.36,RAIN,20.15,XRP,-2.65
2026-09-27T03:12:02.867265+00:00,26.47,7.41,64.45,17.18,84495,0.63,2699.73,0.42,RAIN,20.22,XRP,-2.59
2026-09-27T03:15:03.512278+00:00,26.72,7.89,64.45,17.18,84466,0.65,2698.88,0.48,RAIN,19.99,XRP,-2.47
2026-09-27T03:18:08.757889+00:00,26.56,7.7,64.24,17.18,84465,0.65,2699.03,0.45,RAIN,19.98,XRP,-2.64
2026-09-27T03:21:03.238676+00:00,26.44,7.47,64.24,17.18,84446,0.63,2698.28,0.39,RAIN,19.29,XRP,-2.59
2026-09-27T03:24:02.352587+00:00,26.03,6.65,64.24,17.18,84436,0.59,2698.08,0.31,RAIN,19.27,XRP,-2.76
2026-09-27T03:27:02.868658+00:00,25.51,5.62,64.24,17.18,84393,0.5,2697.12,0.29,RAIN,19.11,XRP,-2.85
2026-09-27T03:30:03.382520+00:00,24.88,4.34,64.24,17.18,84361,0.42,2695.62,0.22,RAIN,19.04,XRP,-3.03
2026-09-27T03:33:02.680530+00:00,24.75,4.08,64.24,17.18,84369,0.4,2695.97,0.19,RAIN,18.84,XRP,-2.97
2026-09-27T03:36:03.812395+00:00,25.39,5.36,64.24,17.18,84404,0.49,2697.17,0.29,RAIN,18.64,XRP,-2.87
2026-09-27T03:39:02.380881+00:00,25.27,5.12,64.24,17.18,84386,0.47,2696.14,0.25,RAIN,18.64,XRP,-2.87
2026-09-27T03:42:03.017311+00:00,25.35,5.28,64.24,17.18,84380,0.48,2696.5,0.27,RAIN,18.71,XRP,-2.8
2026-09-27T03:45:03.278683+00:00,25.7,5.99,64.24,17.18,84388,0.51,2697.24,0.33,RAIN,18.95,XRP,-2.68
2026-09-27T03:48:02.793102+00:00,25.7,5.99,64.24,17.18,84381,0.53,2696.8,0.32,RAIN,18.94,XRP,-2.78
2026-09-27T03:51:02.404293+00:00,25.71,6.0,64.24,17.18,84379,0.53,2696.27,0.31,RAIN,18.79,XRP,-2.83
2026-09-27T03:54:03.874801+00:00,25.24,5.71,63.18,17.18,84365,0.5,2695.62,0.29,RAIN,18.56,XRP,-2.8
2026-09-27T03:57:02.467841+00:00,25.32,5.87,63.18,17.18,84370,0.51,2696.25,0.32,RAIN,18.03,XRP,-2.76
2026-09-27T04:00:04.657828+00:00,25.45,6.12,63.18,17.18,84387,0.54,2696.36,0.32,RAIN,17.71,XRP,-2.81
2026-09-27T04:03:07.160505+00:00,24.97,5.16,63.18,17.18,84377,0.48,2695.83,0.26,RAIN,17.7,XRP,-2.88
2026-09-27T04:06:07.460124+00:00,24.74,4.71,63.18,17.18,84372,0.47,2694.26,0.19,RAIN,17.16,XRP,-2.99
2026-09-27T04:10:35.181914+00:00,25.6,5.11,65.36,17.18,84418,0.51,2695.9,0.22,RAIN,16.32,XRP,-2.97
2026-09-27T04:12:10.370919+00:00,25.62,5.15,65.36,17.18,84415,0.51,2695.83,0.22,RAIN,16.32,XRP,-2.95
2026-09-27T04:15:10.573243+00:00,26.33,6.57,65.36,17.18,84475,0.59,2698.54,0.34,RAIN,16.19,XRP,-2.7
2026-09-27T04:18:16.759627+00:00,26.17,6.26,65.36,17.18,84468,0.57,2698.68,0.33,RAIN,15.98,XRP,-2.78
2026-09-27T04:21:15.660231+00:00,25.7,5.32,65.36,17.18,84443,0.51,2697.18,0.27,RAIN,15.52,XRP,-2.89
2026-09-27T04:24:08.557019+00:00,26.3,6.52,65.36,17.18,84458,0.58,2698.1,0.35,RAIN,15.28,XRP,-2.71
2026-09-27T04:27:19.861060+00:00,26.34,6.73,65.15,17.18,84439,0.6,2697.07,0.35,RAIN,15.15,XRP,-2.71
2026-09-27T04:30:04.976560+00:00,26.6,7.25,65.15,17.18,84434,0.65,2696.29,0.37,RAIN,15.08,XRP,-2.64
2026-09-27T04:33:03.005459+00:00,26.23,6.49,65.15,17.18,84394,0.59,2695.12,0.32,RAIN,15.02,XRP,-2.81
2026-09-27T04:36:02.916856+00:00,25.9,5.84,65.15,17.18,84344,0.55,2693.04,0.27,RAIN,14.86,XRP,-2.9
2026-09-27T04:39:02.572170+00:00,25.73,5.51,65.15,17.18,84338,0.52,2693.25,0.27,RAIN,14.46,XRP,-2.9
2026-09-27T04:42:02.112407+00:00,25.36,4.76,65.15,17.18,84313,0.48,2692.29,0.2,RAIN,14.2,XRP,-3.11
2026-09-27T04:45:05.292145+00:00,24.75,3.85,64.64,17.18,84306,0.41,2692.08,0.13,RAIN,13.87,XRP,-3.13
2026-09-27T04:48:02.225429+00:00,24.6,3.55,64.64,17.18,84297,0.39,2691.33,0.12,RAIN,13.76,XRP,-3.18
2026-09-27T04:51:02.447532+00:00,24.79,3.92,64.64,17.18,84329,0.42,2692.49,0.14,RAIN,13.57,XRP,-3.07
2026-09-27T04:54:02.841354+00:00,24.52,3.38,64.64,17.18,84306,0.4,2691.86,0.09,RAIN,13.41,XRP,-3.19
2026-09-27T04:57:02.582723+00:00,24.5,3.35,64.64,17.18,84302,0.4,2691.77,0.09,RAIN,13.18,XRP,-3.17
2026-09-27T05:00:02.957390+00:00,24.54,3.43,64.64,17.18,84304,0.41,2691.86,0.1,RAIN,13.0,XRP,-3.15
2026-09-27T05:03:05.580189+00:00,24.36,3.34,64.19,17.18,84307,0.4,2691.5,0.09,RAIN,12.65,XRP,-3.18
2026-09-27T05:06:03.044665+00:00,24.7,4.01,64.19,17.18,84339,0.43,2692.85,0.14,RAIN,12.66,XRP,-3.03
2026-09-27T05:09:03.002887+00:00,25.01,4.63,64.19,17.18,84349,0.46,2693.65,0.2,RAIN,12.48,XRP,-2.86
2026-09-27T05:12:02.475342+00:00,25.16,4.93,64.19,17.18,84367,0.46,2694.81,0.22,RAIN,12.29,XRP,-2.62
2026-09-27T05:15:03.577450+00:00,25.37,5.36,64.19,17.18,84355,0.49,2694.31,0.25,RAIN,12.06,XRP,-2.61
2026-09-27T05:18:03.857098+00:00,25.63,5.88,64.19,17.18,84367,0.52,2694.61,0.28,RAIN,11.81,XRP,-2.5
2026-09-27T05:21:03.391962+00:00,25.71,6.17,63.96,17.18,84370,0.55,2694.25,0.28,RAIN,11.6,XRP,-2.45
2026-09-27T05:24:02.012932+00:00,25.49,5.74,63.96,17.18,84378,0.52,2695.2,0.25,RAIN,11.29,XRP,-2.52
2026-09-27T05:27:03.276862+00:00,25.33,5.41,63.96,17.18,84381,0.49,2696.3,0.25,RAIN,10.88,XRP,-2.54
2026-09-27T05:30:03.108033+00:00,25.6,5.95,63.96,17.18,84380,0.53,2696.37,0.3,RAIN,10.44,XRP,-2.52
2026-09-27T05:33:03.198360+00:00,25.94,6.64,63.96,17.18,84378,0.57,2696.37,0.39,RAIN,10.43,XRP,-2.43
2026-09-27T05:36:03.024620+00:00,26.5,7.76,63.96,17.18,84429,0.65,2698.36,0.48,RAIN,10.33,XRP,-2.26
2026-09-27T05:39:03.415911+00:00,27.44,9.08,64.89,17.18,84507,0.73,2702.72,0.61,RAIN,10.3,XRP,-2.01
2026-09-27T05:42:02.929092+00:00,27.45,9.09,64.89,17.18,84549,0.74,2705.35,0.67,RAIN,10.34,XRP,-2.1
2026-09-27T05:45:03.492575+00:00,27.0,8.2,64.89,17.18,84520,0.69,2704.3,0.58,RAIN,10.29,XRP,-2.22
2026-09-27T05:48:03.000699+00:00,27.07,8.33,64.89,17.18,84535,0.69,2704.76,0.61,RAIN,10.23,XRP,-2.25
2026-09-27T05:51:02.886543+00:00,26.97,8.14,64.89,17.18,84510,0.65,2705.18,0.64,RAIN,10.16,XRP,-2.09
2026-09-27T05:54:02.472150+00:00,27.29,8.78,64.89,17.18,84511,0.68,2705.38,0.72,RAIN,10.36,XRP,-2.0
2026-09-27T05:57:04.231963+00:00,27.39,8.55,65.61,17.18,84465,0.66,2703.83,0.69,RAIN,10.17,XRP,-1.9
2026-09-27T06:00:03.968961+00:00,27.31,8.39,65.61,17.18,84453,0.65,2703.93,0.66,RAIN,10.14,XRP,-1.98
2026-09-27T06:03:03.888885+00:00,27.51,8.78,65.61,17.18,84461,0.66,2704.51,0.71,RAIN,10.0,XRP,-1.95
2026-09-27T06:06:02.299632+00:00,27.69,9.14,65.61,17.18,84483,0.68,2705.85,0.77,RAIN,9.97,XRP,-2.01
2026-09-27T06:09:02.848212+00:00,27.73,9.23,65.61,17.18,84495,0.69,2706.32,0.77,RAIN,9.67,XRP,-1.99
2026-09-27T06:12:02.277751+00:00,28.04,9.84,65.61,17.18,84528,0.73,2707.95,0.82,RAIN,9.67,XRP,-1.88
2026-09-27T06:15:04.969216+00:00,28.29,10.77,64.89,17.18,84574,0.79,2709.36,0.87,RAIN,9.64,XRP,-1.8
2026-09-27T06:18:05.176199+00:00,28.52,11.24,64.89,17.18,84574,0.81,2708.59,0.91,RAIN,9.63,XRP,-1.61
2026-09-27T06:21:02.556009+00:00,28.37,10.94,64.89,17.18,84559,0.79,2708.97,0.89,RAIN,9.49,XRP,-1.65
2026-09-27T06:24:03.022108+00:00,28.34,10.87,64.89,17.18,84571,0.8,2708.82,0.87,RAIN,9.29,XRP,-1.71
2026-09-27T06:27:03.288313+00:00,28.73,11.65,64.89,17.18,84603,0.84,2709.45,0.96,RAIN,9.47,XRP,-1.62
2026-09-27T06:30:03.592524+00:00,28.65,11.5,64.89,17.18,84596,0.81,2710.06,0.97,RAIN,9.21,XRP,-1.43
2026-09-27T06:33:03.314264+00:00,28.34,10.88,64.89,17.18,84582,0.77,2708.96,0.89,RAIN,8.85,XRP,-1.58
2026-09-27T06:36:02.274494+00:00,27.89,9.97,64.89,17.18,84523,0.73,2706.22,0.81,RAIN,8.62,XRP,-1.8
2026-09-27T06:39:02.812988+00:00,28.03,10.25,64.89,17.18,84524,0.75,2707.11,0.84,RAIN,8.8,XRP,-1.75
2026-09-27T06:42:02.349492+00:00,27.82,9.84,64.89,17.18,84507,0.72,2706.72,0.81,RAIN,8.44,XRP,-1.77
2026-09-27T06:45:03.858796+00:00,27.74,9.67,64.89,17.18,84504,0.71,2706.34,0.8,RAIN,8.16,XRP,-1.8
2026-09-27T06:48:02.754914+00:00,27.81,9.82,64.89,17.18,84505,0.72,2706.55,0.8,RAIN,8.13,XRP,-1.78
2026-09-27T06:51:03.617895+00:00,28.14,9.72,66.15,17.18,84517,0.72,2706.64,0.77,ZEC,8.01,XRP,-1.8
2026-09-27T06:54:03.042921+00:00,28.29,10.01,66.15,17.18,84516,0.73,2705.92,0.8,ZEC,7.88,XRP,-1.77
2026-09-27T06:57:03.108017+00:00,28.15,9.74,66.15,17.18,84508,0.71,2706.41,0.78,ZEC,7.91,XRP,-1.81
2026-09-27T07:00:03.313457+00:00,28.13,9.69,66.15,17.18,84469,0.71,2705.8,0.77,ZEC,7.87,XRP,-1.82
2026-09-27T07:03:03.258512+00:00,28.27,9.98,66.15,17.18,84490,0.72,2706.43,0.79,ZEC,7.83,XRP,-1.7
2026-09-27T07:06:02.750006+00:00,27.84,9.11,66.15,17.18,84523,0.67,2707.79,0.75,ZEC,7.61,XRP,-1.93
2026-09-27T07:09:03.547260+00:00,27.67,8.37,66.84,17.18,84515,0.63,2706.64,0.65,ZEC,7.7,XRP,-2.04
2026-09-27T07:12:02.104519+00:00,27.71,8.45,66.84,17.18,84516,0.63,2706.08,0.61,ZEC,7.95,XRP,-1.99
2026-09-27T07:15:02.979280+00:00,27.61,8.24,66.84,17.18,84523,0.61,2706.62,0.58,ZEC,8.12,XRP,-1.97
2026-09-27T07:18:05.489805+00:00,27.81,8.64,66.84,17.18,84504,0.64,2705.36,0.61,ZEC,8.3,XRP,-1.9
2026-09-27T07:21:02.865023+00:00,27.58,8.19,66.84,17.18,84526,0.61,2706.77,0.59,ZEC,8.19,XRP,-1.94
2026-09-27T07:24:02.337153+00:00,27.44,7.9,66.84,17.18,84486,0.57,2705.97,0.58,ZEC,8.11,XRP,-1.85
2026-09-27T07:27:05.060851+00:00,27.35,8.12,66.16,17.18,84480,0.57,2706.38,0.61,ZEC,8.34,XRP,-1.81
2026-09-27T07:30:03.758779+00:00,27.55,8.53,66.16,17.18,84495,0.59,2706.43,0.63,ZEC,8.42,XRP,-1.59
2026-09-27T07:33:02.519298+00:00,27.63,8.69,66.16,17.18,84505,0.6,2706.82,0.64,ZEC,8.22,XRP,-1.62
2026-09-27T07:36:02.121843+00:00,28.16,9.76,66.16,17.18,84545,0.66,2709.78,0.77,ZEC,8.51,XRP,-1.48
2026-09-27T07:39:02.642108+00:00,27.99,9.41,66.16,17.18,84538,0.64,2709.12,0.74,ZEC,8.26,XRP,-1.49
2026-09-27T07:42:02.202113+00:00,27.9,9.23,66.16,17.18,84544,0.62,2709.12,0.71,ZEC,8.21,XRP,-1.43
2026-09-27T07:45:05.322512+00:00,28.12,9.81,65.93,17.18,84570,0.65,2710.86,0.83,ZEC,8.42,XRP,-1.36
2026-09-27T07:48:02.769328+00:00,28.05,9.67,65.93,17.18,84586,0.64,2711.32,0.81,ZEC,8.38,XRP,-1.38
2026-09-27T07:51:02.905846+00:00,28.1,9.78,65.93,17.18,84597,0.64,2712.3,0.83,ZEC,8.47,XRP,-1.37
2026-09-27T07:54:02.321327+00:00,28.95,11.47,65.93,17.18,84661,0.75,2713.96,0.95,ZEC,8.65,TRX,-1.1
2026-09-27T07:57:03.021673+00:00,28.46,10.48,65.93,17.18,84660,0.69,2713.12,0.85,ZEC,8.41,XRP,-1.16
2026-09-27T08:00:03.487997+00:00,28.87,11.3,65.93,17.18,84697,0.7,2714.96,0.9,ZEC,8.39,TRX,-1.09
2026-09-27T08:03:05.074432+00:00,29.64,12.72,66.15,17.18,84730,0.79,2716.19,0.99,ZEC,8.76,TRX,-1.05
2026-09-27T08:06:02.182420+00:00,30.01,13.46,66.15,17.18,84762,0.85,2716.65,1.04,ZEC,8.76,TRX,-1.04
2026-09-27T08:09:02.799429+00:00,30.38,14.19,66.15,17.18,84806,0.91,2717.69,1.08,ZEC,8.47,TRX,-1.0
2026-09-27T08:12:02.278514+00:00,30.38,14.19,66.15,17.18,84816,0.91,2718.8,1.11,ZEC,8.57,TRX,-1.0
2026-09-27T08:15:03.063904+00:00,30.11,13.67,66.15,17.18,84780,0.88,2716.9,1.05,ZEC,8.47,TRX,-0.99
2026-09-27T08:18:07.163264+00:00,30.25,14.07,65.93,17.18,84807,0.89,2717.79,1.06,ZEC,8.49,TRX,-0.96
2026-09-27T08:21:02.229397+00:00,30.5,14.57,65.93,17.18,84804,0.92,2715.95,1.05,ZEC,8.65,TRX,-0.95
2026-09-27T08:24:03.046944+00:00,30.58,14.73,65.93,17.18,84796,0.94,2716.26,1.12,ZEC,8.69,TRX,-0.98
2026-09-27T08:27:03.356698+00:00,30.14,13.86,65.93,17.18,84767,0.88,2716.0,1.05,ZEC,8.53,TRX,-0.94
2026-09-27T08:30:02.969479+00:00,29.72,13.02,65.93,17.18,84764,0.82,2715.51,0.99,ZEC,8.18,TRX,-0.93
2026-09-27T08:33:02.913950+00:00,28.82,11.2,65.93,17.18,84760,0.69,2715.54,0.83,ZEC,8.13,XRP,-0.96
2026-09-27T08:36:03.652504+00:00,28.76,11.64,65.01,17.18,84859,0.71,2720.75,0.91,ZEC,8.26,XRP,-0.84
2026-09-27T08:39:02.379906+00:00,28.02,10.16,65.01,17.18,84796,0.61,2717.87,0.81,ZEC,8.19,XRP,-1.04
2026-09-27T08:42:02.260224+00:00,28.03,10.18,65.01,17.18,84747,0.58,2717.7,0.88,ZEC,8.36,XRP,-1.01
2026-09-27T08:45:03.670123+00:00,27.61,9.35,65.01,17.18,84706,0.53,2715.94,0.82,ZEC,8.21,XRP,-1.11
2026-09-27T08:48:02.940812+00:00,27.9,9.92,65.01,17.18,84723,0.58,2715.5,0.84,ZEC,8.27,XRP,-1.1
2026-09-27T08:51:02.169643+00:00,27.81,9.74,65.01,17.18,84709,0.56,2714.78,0.82,ZEC,8.25,XRP,-1.05
2026-09-27T08:54:04.148156+00:00,27.14,10.59,61.36,17.18,84732,0.62,2715.07,0.88,ZEC,8.39,XRP,-0.9
2026-09-27T08:57:02.706212+00:00,27.45,11.21,61.36,17.18,84770,0.67,2715.32,0.88,ZEC,8.58,XRP,-0.87
2026-09-27T09:00:02.877722+00:00,27.48,11.27,61.36,17.18,84779,0.69,2713.8,0.85,ZEC,8.73,XRP,-0.92
2026-09-27T09:03:03.476760+00:00,27.42,11.15,61.36,17.18,84765,0.68,2713.3,0.85,ZEC,8.67,XRP,-0.99
2026-09-27T09:06:02.625006+00:00,27.16,10.63,61.36,17.18,84719,0.63,2712.58,0.83,ZEC,8.69,XRP,-0.99
2026-09-27T09:09:02.742740+00:00,26.67,9.66,61.36,17.18,84680,0.58,2710.36,0.77,ZEC,8.09,XRP,-1.15
2026-09-27T09:12:03.552468+00:00,26.35,9.76,60.12,17.18,84623,0.59,2707.49,0.74,ZEC,8.11,XRP,-1.07
2026-09-27T09:15:03.165515+00:00,27.8,12.66,60.12,17.18,84647,0.76,2708.56,1.0,ZEC,8.71,TRX,-0.92
2026-09-27T09:18:04.356072+00:00,28.09,13.23,60.12,17.18,84650,0.81,2708.88,1.06,ZEC,8.6,TRX,-0.91
2026-09-27T09:21:02.646295+00:00,27.85,12.75,60.12,17.18,84642,0.79,2708.63,0.99,ZEC,8.29,TRX,-0.93
2026-09-27T09:24:02.372034+00:00,27.55,12.16,60.12,17.18,84634,0.74,2708.52,0.95,ZEC,8.21,TRX,-0.92
2026-09-27T09:27:05.297752+00:00,28.08,13.03,60.43,17.18,84632,0.78,2709.15,1.02,ZEC,8.53,TRX,-0.9
2026-09-27T09:30:03.442812+00:00,28.07,13.02,60.43,17.18,84658,0.78,2709.78,1.01,ZEC,8.63,TRX,-0.9
2026-09-27T09:33:02.363251+00:00,28.38,13.63,60.43,17.18,84676,0.82,2710.05,1.08,ZEC,8.88,TRX,-0.89
2026-09-27T09:36:02.370358+00:00,28.78,14.42,60.43,17.18,84748,0.87,2712.18,1.15,ZEC,8.9,TRX,-0.87
2026-09-27T09:39:02.908641+00:00,28.58,14.03,60.43,17.18,84719,0.84,2711.48,1.12,ZEC,9.06,TRX,-0.89
2026-09-27T09:42:02.586590+00:00,29.02,14.92,60.43,17.18,84738,0.89,2712.21,1.18,ZEC,9.21,TRX,-0.89
2026-09-27T09:45:05.471962+00:00,29.18,15.11,60.64,17.18,84759,0.91,2712.82,1.19,ZEC,8.91,TRX,-0.92
2026-09-27T09:48:02.931656+00:00,29.56,15.87,60.64,17.18,84831,0.97,2714.61,1.21,ZEC,9.08,TRX,-0.94
2026-09-27T09:51:02.312225+00:00,29.97,16.69,60.64,17.18,84888,1.05,2714.76,1.24,RAIN,8.98,TRX,-0.95
2026-09-27T09:54:02.971598+00:00,30.16,17.07,60.64,17.18,84917,1.08,2715.55,1.25,RAIN,9.11,TRX,-0.96
2026-09-27T09:57:02.668254+00:00,29.87,16.48,60.64,17.18,84877,1.05,2713.57,1.2,ZEC,9.18,TRX,-0.97
2026-09-27T10:00:03.997008+00:00,30.08,16.91,60.64,17.18,84899,1.08,2714.16,1.21,ZEC,9.12,TRX,-0.95
2026-09-27T10:03:04.371636+00:00,29.95,16.65,60.64,17.18,84905,1.06,2714.86,1.21,ZEC,9.24,TRX,-0.93
2026-09-27T10:06:02.300086+00:00,29.49,15.72,60.64,17.18,84910,1.01,2714.37,1.11,ZEC,9.12,TRX,-0.99
2026-09-27T10:09:02.984308+00:00,29.23,15.21,60.64,17.18,84902,0.97,2713.81,1.09,ZEC,9.26,TRX,-1.01
2026-09-27T10:12:02.528950+00:00,29.43,15.6,60.64,17.18,84945,1.01,2714.8,1.06,ZEC,9.07,TRX,-0.99
2026-09-27T10:15:06.176287+00:00,29.7,16.15,60.64,17.18,85012,1.06,2716.57,1.09,RAIN,8.84,TRX,-0.95
2026-09-27T10:18:06.575738+00:00,30.21,16.48,61.79,17.18,85028,1.1,2716.85,1.1,RAIN,8.83,TRX,-0.97
2026-09-27T10:21:02.506606+00:00,29.83,15.71,61.79,17.18,85006,1.05,2715.95,1.02,RAIN,8.83,TRX,-0.97
2026-09-27T10:24:03.823279+00:00,29.5,15.05,61.79,17.18,84971,1.01,2713.73,0.96,ZEC,8.82,TRX,-0.99
2026-09-27T10:27:03.088695+00:00,29.15,14.35,61.79,17.18,84952,0.95,2713.56,0.93,ZEC,8.77,TRX,-0.96
2026-09-27T10:30:22.305630+00:00,29.15,14.36,61.79,17.18,84916,0.95,2712.73,0.94,ZEC,8.89,TRX,-0.96
2026-09-27T10:33:02.964808+00:00,28.88,13.81,61.79,17.18,84899,0.92,2711.5,0.89,ZEC,8.74,TRX,-0.97
2026-09-27T10:36:04.041702+00:00,28.83,13.96,61.37,17.18,84891,0.93,2710.11,0.88,ZEC,8.9,TRX,-0.97
2026-09-27T10:39:02.562838+00:00,28.78,13.87,61.37,17.18,84894,0.93,2709.71,0.86,ZEC,8.95,TRX,-0.94
2026-09-27T10:42:02.091413+00:00,28.52,13.34,61.37,17.18,84885,0.9,2709.44,0.83,ZEC,8.59,TRX,-0.93
2026-09-27T10:45:03.669670+00:00,28.44,13.19,61.37,17.18,84866,0.89,2708.99,0.82,ZEC,8.69,TRX,-0.96
2026-09-27T10:48:03.002132+00:00,28.03,12.37,61.37,17.18,84841,0.82,2708.65,0.77,ZEC,8.58,TRX,-0.95
2026-09-27T10:51:02.581481+00:00,28.09,12.48,61.37,17.18,84833,0.82,2708.94,0.78,ZEC,8.81,TRX,-0.94
2026-09-27T10:54:03.204191+00:00,27.61,12.04,60.51,17.18,84817,0.79,2709.26,0.79,ZEC,8.79,TRX,-0.95
2026-09-27T10:57:02.724952+00:00,27.48,11.79,60.51,17.18,84786,0.77,2708.48,0.81,ZEC,8.64,TRX,-0.93
2026-09-27T11:00:03.605643+00:00,27.52,11.86,60.51,17.18,84823,0.79,2708.98,0.83,ZEC,8.22,XLM,-1.06
2026-09-27T11:03:03.158603+00:00,27.73,12.29,60.51,17.18,84834,0.82,2709.03,0.87,ZEC,8.28,XLM,-1.02
2026-09-27T11:06:02.695186+00:00,27.83,12.48,60.51,17.18,84861,0.84,2708.99,0.85,ZEC,8.37,XLM,-0.91
2026-09-27T11:09:02.680770+00:00,27.85,12.53,60.51,17.18,84865,0.86,2708.78,0.84,ZEC,8.25,XLM,-1.01
2026-09-27T11:12:03.211394+00:00,28.25,13.15,60.78,17.18,84895,0.9,2709.35,0.87,ZEC,8.34,XLM,-0.96
2026-09-27T11:15:03.700102+00:00,28.26,13.19,60.78,17.18,84909,0.9,2710.45,0.87,ZEC,8.46,TRX,-0.85
2026-09-27T11:18:06.078135+00:00,27.74,12.13,60.78,17.18,84877,0.84,2708.95,0.76,ZEC,8.23,XLM,-1.03
2026-09-27T11:21:02.168838+00:00,27.25,11.16,60.78,17.18,84833,0.77,2707.45,0.68,ZEC,8.05,XLM,-1.23
2026-09-27T11:24:02.937672+00:00,27.38,11.43,60.78,17.18,84840,0.8,2707.42,0.7,ZEC,8.15,XLM,-1.27
2026-09-27T11:27:04.864011+00:00,27.51,12.34,59.67,17.18,84888,0.87,2709.34,0.77,ZEC,8.16,XLM,-1.02
2026-09-27T11:30:11.979367+00:00,27.78,12.88,59.67,17.18,84915,0.9,2710.45,0.81,ZEC,8.29,XLM,-0.97
2026-09-27T11:33:02.982127+00:00,27.65,12.62,59.67,17.18,84889,0.88,2709.34,0.8,ZEC,8.3,XLM,-0.89
2026-09-27T11:36:02.909428+00:00,27.2,11.73,59.67,17.18,84880,0.82,2709.12,0.72,ZEC,8.16,XLM,-0.84
2026-09-27T11:39:02.364125+00:00,26.87,11.07,59.67,17.18,84846,0.8,2707.68,0.68,ZEC,7.89,XLM,-1.03
2026-09-27T11:42:03.027972+00:00,26.66,10.64,59.67,17.18,84832,0.78,2707.06,0.65,ZEC,7.76,XLM,-1.05
2026-09-27T11:45:05.835794+00:00,27.35,11.49,60.57,17.18,84863,0.84,2707.97,0.68,ZEC,7.77,XRP,-0.87
2026-09-27T11:48:02.293657+00:00,27.39,11.57,60.57,17.18,84881,0.86,2708.07,0.68,ZEC,7.64,XLM,-0.98
2026-09-27T11:51:02.406106+00:00,27.04,10.87,60.57,17.18,84837,0.81,2706.76,0.64,ZEC,7.44,XLM,-1.04
2026-09-27T11:54:02.998793+00:00,27.12,11.03,60.57,17.18,84844,0.8,2707.53,0.67,ZEC,7.48,XRP,-0.84
2026-09-27T11:57:02.521475+00:00,27.51,11.81,60.57,17.18,84872,0.85,2709.05,0.74,ZEC,7.63,TRX,-0.75
2026-09-27T12:00:10.953557+00:00,28.07,12.29,61.64,17.18,84883,0.87,2709.85,0.78,ZEC,7.67,TRX,-0.72
2026-09-27T12:03:03.065133+00:00,28.08,12.3,61.64,17.18,84877,0.87,2709.26,0.76,ZEC,7.74,TRX,-0.77
2026-09-27T12:06:02.202492+00:00,28.7,13.54,61.64,17.18,84930,0.96,2711.62,0.86,ZEC,7.7,TRX,-0.79
2026-09-27T12:09:02.499931+00:00,28.62,13.4,61.64,17.18,84937,0.94,2712.76,0.88,ZEC,7.31,TRX,-0.79
2026-09-27T12:12:02.945146+00:00,28.75,13.65,61.64,17.18,84940,0.96,2712.87,0.89,ZEC,7.56,TRX,-0.81
2026-09-27T12:15:03.466712+00:00,29.07,14.29,61.64,17.18,84963,1.01,2714.15,0.96,ZEC,7.32,TRX,-0.76
2026-09-27T12:18:06.057750+00:00,29.12,13.58,63.0,17.18,84981,0.97,2714.68,0.89,ZEC,7.26,TRX,-0.74
2026-09-27T12:21:02.504152+00:00,29.07,13.48,63.0,17.18,84984,0.97,2714.19,0.86,ZEC,7.38,TRX,-0.72
2026-09-27T12:24:02.757306+00:00,29.57,14.46,63.0,17.18,84986,1.03,2714.25,0.9,ZEC,7.63,TRX,-0.74
2026-09-27T12:27:02.956979+00:00,29.48,14.3,63.0,17.18,84957,1.01,2713.28,0.87,ZEC,7.64,TRX,-0.77
2026-09-27T12:30:03.159196+00:00,29.48,14.29,63.0,17.18,84945,1.01,2713.05,0.85,ZEC,7.62,TRX,-0.75
2026-09-27T12:33:02.480636+00:00,29.38,14.08,63.0,17.18,84945,1.01,2712.52,0.83,ZEC,7.39,TRX,-0.74
2026-09-27T12:36:03.432826+00:00,29.47,14.26,63.0,17.18,84954,1.01,2714.18,0.89,ZEC,7.5,TRX,-0.76
2026-09-27T12:39:02.989385+00:00,30.12,15.56,63.0,17.18,84974,1.07,2714.81,1.02,ZEC,8.19,TRX,-0.75
2026-09-27T12:42:02.916578+00:00,30.26,15.85,63.0,17.18,84982,1.08,2714.3,1.01,ZEC,8.27,TRX,-0.68
2026-09-27T12:45:04.137018+00:00,30.57,16.48,63.0,17.18,84984,1.13,2714.45,1.04,ZEC,8.39,TRX,-0.7
2026-09-27T12:48:03.350271+00:00,30.38,16.09,63.0,17.18,84967,1.1,2714.19,0.98,ZEC,8.9,TRX,-0.7
2026-09-27T12:51:03.064423+00:00,30.16,15.65,63.0,17.18,84962,1.07,2713.9,0.94,ZEC,8.74,TRX,-0.73
2026-09-27T12:54:03.969756+00:00,30.14,15.35,63.45,17.18,84951,1.06,2713.29,0.93,ZEC,8.45,TRX,-0.73
2026-09-27T12:57:02.601872+00:00,30.03,15.11,63.45,17.18,84931,1.06,2712.5,0.91,ZEC,7.9,TRX,-0.74
2026-09-27T13:00:15.714429+00:00,29.16,13.39,63.45,17.18,84824,0.96,2708.78,0.79,ZEC,7.59,TRX,-0.75
2026-09-27T13:03:03.657134+00:00,28.06,11.17,63.45,17.18,84748,0.83,2705.67,0.6,ZEC,7.17,XLM,-1.1
2026-09-27T13:06:02.790987+00:00,27.78,10.62,63.45,17.18,84745,0.82,2704.36,0.57,ZEC,6.69,XLM,-1.27
2026-09-27T13:09:02.414032+00:00,27.53,10.11,63.45,17.18,84741,0.79,2703.11,0.52,ZEC,6.86,XLM,-1.42
2026-09-27T13:12:04.055162+00:00,27.72,10.77,63.0,17.18,84764,0.84,2704.21,0.57,ZEC,7.07,XLM,-1.34
2026-09-27T13:15:03.659361+00:00,27.38,10.08,63.0,17.18,84662,0.8,2700.09,0.47,ZEC,7.06,XLM,-1.37
2026-09-27T13:18:05.164989+00:00,27.74,10.8,63.0,17.18,84696,0.87,2700.23,0.53,ZEC,6.98,XLM,-1.15
2026-09-27T13:21:02.622158+00:00,27.98,11.3,63.0,17.18,84733,0.89,2702.6,0.61,ZEC,6.94,XLM,-1.16
2026-09-27T13:24:02.620136+00:00,28.41,12.14,63.0,17.18,84767,0.95,2703.7,0.68,ZEC,6.92,XLM,-0.94
2026-09-27T13:27:03.057514+00:00,29.23,13.78,63.0,17.18,84818,1.06,2705.51,0.8,ZEC,7.15,XLM,-0.81
2026-09-27T13:30:13.621677+00:00,29.92,15.17,63.0,17.18,84859,1.17,2706.78,0.89,ZEC,7.23,TRX,-0.78
2026-09-27T13:33:03.012566+00:00,30.46,16.25,63.0,17.18,84954,1.25,2709.99,0.96,ZEC,7.4,TRX,-0.78
2026-09-27T13:36:02.542453+00:00,31.84,19.0,63.0,17.18,85060,1.44,2712.46,1.15,ZEC,8.31,TRX,-0.74
2026-09-27T13:39:02.138724+00:00,30.58,16.49,63.0,17.18,84961,1.27,2709.39,0.98,ZEC,7.82,TRX,-0.74
2026-09-27T13:42:02.690390+00:00,29.74,14.81,63.0,17.18,84889,1.16,2705.28,0.83,ZEC,7.44,TRX,-0.75
2026-09-27T13:45:03.273960+00:00,29.58,14.49,63.0,17.18,84864,1.14,2704.55,0.81,ZEC,7.38,XRP,-0.79
2026-09-27T13:48:03.858744+00:00,28.37,12.86,61.69,17.18,84771,1.01,2702.74,0.71,ZEC,7.35,XRP,-0.91
2026-09-27T13:51:02.675138+00:00,29.12,14.35,61.69,17.18,84883,1.12,2705.94,0.78,ZEC,7.63,TRX,-0.79
2026-09-27T13:54:02.285265+00:00,29.09,14.3,61.69,17.18,84879,1.13,2705.45,0.77,ZEC,7.57,LINK,-0.91
2026-09-27T13:57:02.840341+00:00,28.92,13.95,61.69,17.18,84876,1.11,2705.51,0.74,ZEC,7.39,LINK,-1.11
2026-09-27T14:00:03.157483+00:00,29.52,15.16,61.69,17.18,84931,1.21,2707.25,0.81,ZEC,7.44,LINK,-0.79
2026-09-27T14:03:02.659710+00:00,30.1,16.32,61.69,17.18,85002,1.28,2708.88,0.87,ZEC,7.58,TRX,-0.76
2026-09-27T14:06:04.035645+00:00,29.56,14.85,62.34,17.18,84936,1.2,2706.7,0.76,ZEC,6.97,LINK,-1.06
2026-09-27T14:09:02.603632+00:00,30.01,15.75,62.34,17.18,84955,1.27,2707.0,0.82,ZEC,6.96,LINK,-1.05
2026-09-27T14:12:02.174916+00:00,30.15,16.03,62.34,17.18,85010,1.29,2708.92,0.85,ZEC,6.99,LINK,-1.18
2026-09-27T14:15:03.759337+00:00,29.57,14.86,62.34,17.18,84984,1.24,2706.62,0.72,ZEC,6.78,LINK,-1.91
2026-09-27T14:18:04.864163+00:00,29.47,14.66,62.34,17.18,84982,1.23,2706.12,0.7,ZEC,6.87,LINK,-2.05
2026-09-27T14:21:02.644303+00:00,29.53,14.79,62.34,17.18,84981,1.23,2705.99,0.72,ZEC,6.79,LINK,-1.72
2026-09-27T14:24:04.042833+00:00,28.02,13.07,60.17,17.18,84917,1.13,2702.87,0.59,ZEC,6.39,LINK,-2.04
2026-09-27T14:27:03.378836+00:00,27.18,11.38,60.17,17.18,84829,1.03,2698.13,0.38,ZEC,5.99,LINK,-2.4
2026-09-27T14:30:21.534596+00:00,26.32,9.67,60.17,17.18,84760,0.92,2695.23,0.23,ZEC,5.53,LINK,-2.67
2026-09-27T14:33:02.982375+00:00,25.78,8.58,60.17,17.18,84713,0.85,2691.51,0.11,ZEC,5.57,LINK,-2.77
2026-09-27T14:36:02.735692+00:00,26.14,9.31,60.17,17.18,84743,0.89,2692.89,0.18,ZEC,5.65,LINK,-2.26
2026-09-27T14:39:02.460405+00:00,25.71,8.44,60.17,17.18,84719,0.84,2691.82,0.1,ZEC,5.36,RAIN,-2.42
2026-09-27T14:42:03.806526+00:00,25.32,8.09,58.67,18.35,84704,0.84,2689.29,0.05,ZEC,5.29,LINK,-2.45
2026-09-27T14:45:09.540025+00:00,25.73,8.92,58.67,18.35,84737,0.89,2689.71,0.09,ZEC,5.28,RAIN,-2.38
2026-09-27T14:48:02.947088+00:00,25.57,8.6,58.67,18.35,84721,0.86,2690.56,0.09,ZEC,5.18,LINK,-2.58
2026-09-27T14:51:02.556878+00:00,24.32,6.11,58.67,18.35,84654,0.67,2688.8,-0.06,ZEC,4.88,RAIN,-2.76
2026-09-27T14:54:02.483614+00:00,24.15,5.76,58.67,18.35,84548,0.63,2687.21,-0.03,ZEC,4.46,RAIN,-3.07
2026-09-27T14:57:03.169225+00:00,24.46,6.38,58.67,18.35,84598,0.69,2688.23,-0.01,ZEC,4.21,RAIN,-3.13
2026-09-27T15:00:14.352274+00:00,22.97,5.93,57.98,13.06,84549,0.66,2687.76,-0.01,ZEC,3.89,RAIN,-3.27
2026-09-27T15:03:03.159387+00:00,22.61,5.21,57.98,13.06,84538,0.62,2686.98,-0.07,FIGR_HELOC,3.28,RAIN,-3.7
2026-09-27T15:06:03.088236+00:00,22.26,4.5,57.98,13.06,84492,0.58,2685.64,-0.11,FIGR_HELOC,3.4,RAIN,-3.14
2026-09-27T15:09:02.914983+00:00,22.22,4.42,57.98,13.06,84481,0.56,2686.72,-0.07,FIGR_HELOC,3.4,RAIN,-2.1
2026-09-27T15:12:02.607658+00:00,22.25,4.49,57.98,13.06,84492,0.57,2687.51,-0.06,FIGR_HELOC,3.4,RAIN,-2.13
2026-09-27T15:15:03.558851+00:00,22.1,4.18,57.98,13.06,84476,0.55,2687.13,-0.07,FIGR_HELOC,3.4,RAIN,-2.18
2026-09-27T15:18:07.289235+00:00,22.59,4.87,57.98,13.83,84489,0.6,2688.2,0.02,FIGR_HELOC,3.4,RAIN,-2.06
2026-09-27T15:21:03.146734+00:00,22.76,5.19,57.98,13.83,84557,0.63,2690.82,0.04,FIGR_HELOC,3.4,LINK,-2.14
2026-09-27T15:24:02.407716+00:00,22.83,5.33,57.98,13.83,84552,0.64,2690.53,0.05,FIGR_HELOC,3.4,ADA,-2.13
2026-09-27T15:27:03.858342+00:00,22.63,4.94,57.98,13.83,84556,0.62,2690.02,0.0,FIGR_HELOC,3.4,ADA,-2.3
2026-09-27T15:30:03.087045+00:00,22.19,4.07,57.98,13.83,84526,0.57,2688.65,-0.06,FIGR_HELOC,3.4,ADA,-2.7
2026-09-27T15:33:02.725633+00:00,22.32,4.32,57.98,13.83,84579,0.6,2689.39,-0.08,FIGR_HELOC,3.39,ADA,-2.6
2026-09-27T15:36:03.598854+00:00,21.61,3.23,58.19,12.69,84551,0.52,2688.98,-0.16,FIGR_HELOC,3.36,ADA,-2.57
2026-09-27T15:39:02.435891+00:00,21.39,2.79,58.19,12.69,84505,0.48,2688.18,-0.14,FIGR_HELOC,3.36,XLM,-2.64
2026-09-27T15:42:02.940400+00:00,21.17,2.35,58.19,12.69,84473,0.44,2687.8,-0.16,FIGR_HELOC,3.36,XLM,-2.65
2026-09-27T15:45:03.961091+00:00,21.1,2.21,58.19,12.69,84467,0.43,2688.25,-0.14,FIGR_HELOC,3.36,XLM,-2.69
2026-09-27T15:48:02.351507+00:00,21.08,2.16,58.19,12.69,84433,0.42,2688.05,-0.1,FIGR_HELOC,3.36,XLM,-2.72
2026-09-27T15:51:02.886544+00:00,21.66,3.33,58.19,12.69,84475,0.48,2690.09,0.02,FIGR_HELOC,3.36,XLM,-2.42
2026-09-27T15:54:04.240569+00:00,21.04,2.23,57.97,12.69,84474,0.4,2690.86,-0.03,FIGR_HELOC,3.36,XLM,-2.64
2026-09-27T15:57:02.752412+00:00,20.88,1.91,57.97,12.69,84430,0.38,2689.81,-0.04,FIGR_HELOC,3.36,XLM,-2.59
2026-09-27T16:03:02.865618+00:00,21.4,2.95,57.97,12.69,84459,0.43,2689.82,-0.03,FIGR_HELOC,3.36,XMR,-2.18
2026-09-27T16:06:03.004934+00:00,21.06,2.26,57.97,12.69,84459,0.39,2688.92,-0.1,FIGR_HELOC,3.36,XLM,-2.2
2026-09-27T16:09:02.526186+00:00,21.9,3.95,57.97,12.69,84531,0.49,2691.64,0.03,FIGR_HELOC,3.36,XLM,-1.79
2026-09-27T16:12:04.346812+00:00,22.66,4.41,59.73,12.69,84560,0.52,2692.53,0.06,FIGR_HELOC,3.36,XMR,-1.79
2026-09-27T16:15:03.784568+00:00,22.45,3.98,59.73,12.69,84530,0.49,2691.58,0.03,FIGR_HELOC,3.36,XRP,-1.77
2026-09-27T16:18:05.476656+00:00,22.63,4.34,59.73,12.69,84548,0.51,2692.15,0.06,FIGR_HELOC,3.36,XRP,-1.71
2026-09-27T16:21:02.872964+00:00,22.59,4.27,59.73,12.69,84539,0.5,2691.94,0.04,FIGR_HELOC,3.36,XRP,-1.63
2026-09-27T16:24:02.703900+00:00,23.24,5.57,59.73,12.69,84604,0.6,2693.12,0.13,FIGR_HELOC,3.36,XRP,-1.52
2026-09-27T16:27:03.307374+00:00,22.95,4.98,59.73,12.69,84573,0.56,2692.39,0.1,FIGR_HELOC,3.36,XRP,-1.64
2026-09-27T16:30:05.628979+00:00,23.14,5.13,60.11,12.69,84573,0.58,2692.03,0.1,FIGR_HELOC,3.36,XLM,-1.67
2026-09-27T16:33:03.091513+00:00,21.79,2.44,60.11,12.69,84508,0.42,2688.95,-0.18,FIGR_HELOC,3.39,XLM,-2.14
2026-09-27T16:36:02.407839+00:00,21.96,2.77,60.11,12.69,84516,0.44,2689.49,-0.16,FIGR_HELOC,3.39,XLM,-2.04
2026-09-27T16:39:03.002833+00:00,21.57,2.0,60.11,12.69,84448,0.38,2686.9,-0.22,FIGR_HELOC,3.39,XLM,-2.26
2026-09-27T16:42:02.587983+00:00,21.57,1.99,60.11,12.69,84449,0.37,2686.81,-0.22,FIGR_HELOC,3.39,XLM,-2.2
2026-09-27T16:45:03.258526+00:00,21.51,1.88,60.11,12.69,84442,0.36,2686.14,-0.23,FIGR_HELOC,3.39,XLM,-2.14
2026-09-27T16:48:03.895745+00:00,21.35,1.46,60.27,12.69,84390,0.31,2685.62,-0.23,FIGR_HELOC,3.39,XLM,-1.96
2026-09-27T16:51:02.482826+00:00,21.43,1.62,60.27,12.69,84403,0.32,2686.53,-0.19,FIGR_HELOC,3.39,RAIN,-2.03
2026-09-27T16:54:02.406486+00:00,21.51,1.78,60.27,12.69,84388,0.34,2685.6,-0.17,FIGR_HELOC,3.39,RAIN,-2.45
2026-09-27T16:57:03.005219+00:00,21.51,1.79,60.27,12.69,84402,0.35,2686.1,-0.17,FIGR_HELOC,3.39,RAIN,-2.71
2026-09-27T17:00:03.270489+00:00,21.58,1.92,60.27,12.69,84405,0.36,2686.02,-0.17,FIGR_HELOC,3.7,RAIN,-2.76
2026-09-27T17:03:03.861580+00:00,21.54,1.84,60.27,12.69,84399,0.35,2685.57,-0.2,FIGR_HELOC,3.27,RAIN,-3.14
2026-09-27T17:06:03.934944+00:00,21.94,3.11,59.51,12.69,84426,0.42,2686.97,-0.08,FIGR_HELOC,3.27,RAIN,-3.22
2026-09-27T17:09:03.221437+00:00,22.11,3.44,59.51,12.69,84419,0.42,2688.19,0.02,FIGR_HELOC,3.27,RAIN,-3.51
2026-09-27T17:12:02.778093+00:00,21.9,3.02,59.51,12.69,84368,0.38,2686.73,-0.01,FIGR_HELOC,3.27,RAIN,-3.88
2026-09-27T17:15:03.271917+00:00,21.72,2.65,59.51,12.69,84370,0.35,2687.05,-0.02,FIGR_HELOC,3.24,RAIN,-4.18
2026-09-27T17:18:03.882351+00:00,21.88,2.98,59.51,12.69,84369,0.37,2687.52,0.0,FIGR_HELOC,3.24,RAIN,-4.24
2026-09-27T17:21:03.203777+00:00,22.36,3.93,59.51,12.69,84421,0.43,2688.83,0.06,FIGR_HELOC,3.15,RAIN,-4.46
2026-09-27T17:24:03.445074+00:00,22.28,3.88,59.32,12.69,84419,0.43,2688.11,0.04,FIGR_HELOC,3.15,RAIN,-4.79
2026-09-27T17:27:03.782008+00:00,22.19,3.71,59.32,12.69,84421,0.44,2687.25,-0.01,FIGR_HELOC,3.08,RAIN,-5.16
2026-09-27T17:30:10.092774+00:00,22.14,3.62,59.32,12.69,84420,0.44,2687.33,-0.04,FIGR_HELOC,3.08,RAIN,-5.39
2026-09-27T17:33:02.471099+00:00,22.24,3.81,59.32,12.69,84423,0.46,2686.33,-0.05,FIGR_HELOC,3.08,RAIN,-5.64
2026-09-27T17:36:02.785959+00:00,22.59,4.52,59.32,12.69,84453,0.5,2687.44,-0.01,FIGR_HELOC,3.08,RAIN,-5.85
2026-09-27T17:39:02.385901+00:00,22.59,4.52,59.32,12.69,84490,0.5,2688.47,-0.03,FIGR_HELOC,3.08,RAIN,-5.69
2026-09-27T17:42:04.074657+00:00,22.74,4.27,60.22,12.69,84476,0.48,2687.55,-0.03,FIGR_HELOC,3.08,RAIN,-5.47
2026-09-27T17:45:04.214185+00:00,22.56,3.91,60.22,12.69,84458,0.45,2687.22,-0.04,FIGR_HELOC,3.08,RAIN,-5.48
2026-09-27T17:48:02.546941+00:00,22.69,4.17,60.22,12.69,84464,0.45,2687.69,-0.04,FIGR_HELOC,3.08,RAIN,-5.5
2026-09-27T17:51:02.989272+00:00,22.96,4.7,60.22,12.69,84501,0.49,2689.02,-0.0,FIGR_HELOC,3.07,RAIN,-5.5
2026-09-27T17:54:02.511551+00:00,23.18,5.15,60.22,12.69,84530,0.52,2689.93,0.04,FIGR_HELOC,3.08,RAIN,-5.62
2026-09-27T17:57:03.093884+00:00,23.1,4.99,60.22,12.69,84534,0.52,2689.99,0.04,FIGR_HELOC,2.99,RAIN,-5.22
2026-09-27T18:00:05.865577+00:00,23.29,4.99,61.25,12.08,84545,0.52,2690.47,0.03,FIGR_HELOC,3.12,RAIN,-5.07
2026-09-27T18:03:03.923898+00:00,23.24,4.9,61.25,12.08,84550,0.51,2690.39,0.04,FIGR_HELOC,2.99,RAIN,-5.12
2026-09-27T18:06:02.752407+00:00,22.98,4.38,61.25,12.08,84546,0.48,2689.53,-0.01,FIGR_HELOC,2.98,RAIN,-5.17
2026-09-27T18:09:02.977267+00:00,23.43,5.29,61.25,12.08,84556,0.54,2689.74,0.04,FIGR_HELOC,2.88,RAIN,-4.67
2026-09-27T18:12:02.664742+00:00,23.46,5.34,61.25,12.08,84553,0.54,2689.67,0.03,FIGR_HELOC,2.88,RAIN,-4.48
2026-09-27T18:15:08.500467+00:00,24.45,5.91,63.6,12.08,84580,0.57,2691.71,0.12,FIGR_HELOC,2.89,RAIN,-4.29
2026-09-27T18:18:04.352775+00:00,24.77,6.55,63.6,12.08,84584,0.61,2691.83,0.16,FIGR_HELOC,2.89,RAIN,-3.95
2026-09-27T18:21:02.366254+00:00,25.31,7.64,63.6,12.08,84604,0.66,2693.35,0.25,FIGR_HELOC,2.87,RAIN,-3.98
2026-09-27T18:24:03.233172+00:00,25.4,7.8,63.6,12.08,84643,0.68,2695.25,0.29,FIGR_HELOC,2.85,RAIN,-3.8
2026-09-27T18:27:04.054962+00:00,25.62,8.24,63.6,12.08,84663,0.72,2695.34,0.27,FIGR_HELOC,2.85,RAIN,-3.89
2026-09-27T18:30:03.455159+00:00,25.76,8.53,63.6,12.08,84668,0.75,2695.22,0.3,FIGR_HELOC,2.85,RAIN,-3.81
2026-09-27T18:33:04.371845+00:00,25.43,8.48,62.6,12.08,84680,0.73,2695.87,0.29,FIGR_HELOC,2.85,RAIN,-4.08
2026-09-27T18:36:02.593819+00:00,25.8,9.21,62.6,12.08,84707,0.78,2695.81,0.33,FIGR_HELOC,2.85,RAIN,-4.01
2026-09-27T18:39:02.166406+00:00,26.08,9.77,62.6,12.08,84707,0.81,2695.7,0.35,FIGR_HELOC,2.84,RAIN,-3.81
2026-09-27T18:42:02.794907+00:00,26.31,10.22,62.6,12.08,84714,0.83,2695.52,0.37,FIGR_HELOC,2.85,RAIN,-3.91
2026-09-27T18:45:03.964544+00:00,26.69,11.0,62.6,12.08,84732,0.87,2696.48,0.45,FIGR_HELOC,2.84,RAIN,-4.0
2026-09-27T18:48:02.876590+00:00,26.96,11.53,62.6,12.08,84735,0.89,2696.52,0.49,FIGR_HELOC,2.85,RAIN,-4.06
2026-09-27T18:51:03.645024+00:00,26.98,11.79,62.24,12.08,84743,0.9,2697.61,0.51,ZEC,2.87,RAIN,-3.93
2026-09-27T18:54:02.485914+00:00,26.79,11.4,62.24,12.08,84713,0.86,2696.49,0.46,ZEC,3.14,RAIN,-3.99
2026-09-27T18:57:02.215384+00:00,26.77,11.36,62.24,12.08,84724,0.88,2696.62,0.45,ZEC,3.19,RAIN,-4.0
2026-09-27T19:00:03.482265+00:00,26.95,11.72,62.24,12.08,84748,0.91,2696.81,0.46,ZEC,3.15,RAIN,-3.99
2026-09-27T19:03:03.482454+00:00,26.66,11.14,62.24,12.08,84763,0.88,2696.55,0.41,FIGR_HELOC,2.84,RAIN,-3.99
2026-09-27T19:06:02.294898+00:00,26.14,10.1,62.24,12.08,84719,0.83,2693.57,0.3,FIGR_HELOC,2.84,RAIN,-3.96
2026-09-27T19:09:04.138685+00:00,25.89,10.48,60.76,12.08,84736,0.87,2694.06,0.32,FIGR_HELOC,2.84,RAIN,-3.89
2026-09-27T19:12:02.700698+00:00,26.04,10.8,60.76,12.08,84750,0.9,2694.24,0.33,ZEC,2.85,RAIN,-4.04
2026-09-27T19:15:04.102565+00:00,26.1,10.92,60.76,12.08,84766,0.9,2694.54,0.34,ZEC,2.9,RAIN,-4.02
2026-09-27T19:18:04.757568+00:00,26.33,11.37,60.76,12.08,84787,0.93,2695.07,0.36,ZEC,3.18,RAIN,-3.98
2026-09-27T19:21:02.493567+00:00,26.57,11.85,60.76,12.08,84812,0.95,2695.28,0.38,ZEC,3.35,RAIN,-3.88
2026-09-27T19:24:02.713665+00:00,26.35,11.41,60.76,12.08,84781,0.91,2694.65,0.41,ZEC,3.29,RAIN,-3.9
2026-09-27T19:27:04.661734+00:00,26.48,11.08,61.75,12.08,84757,0.88,2693.69,0.36,ZEC,3.4,RAIN,-3.85
2026-09-27T19:30:10.183099+00:00,25.94,10.01,61.75,12.08,84696,0.8,2692.33,0.32,ZEC,3.28,RAIN,-3.67
2026-09-27T19:33:02.884315+00:00,25.82,9.77,61.75,12.08,84666,0.78,2691.09,0.29,ZEC,3.16,RAIN,-3.75
2026-09-27T19:36:02.812803+00:00,25.68,9.48,61.75,12.08,84658,0.76,2690.23,0.26,ZEC,3.45,RAIN,-3.8
2026-09-27T19:39:02.417927+00:00,26.08,10.29,61.75,12.08,84673,0.83,2690.24,0.27,ZEC,3.79,RAIN,-3.75
2026-09-27T19:42:03.009748+00:00,26.75,11.62,61.75,12.08,84743,0.91,2692.86,0.38,ZEC,3.69,RAIN,-3.67
2026-09-27T19:45:05.318272+00:00,27.68,11.32,65.35,12.08,84752,0.9,2693.01,0.4,FIGR_HELOC,3.32,RAIN,-3.78
2026-09-27T19:48:03.278675+00:00,27.73,11.42,65.35,12.08,84773,0.92,2693.08,0.38,FIGR_HELOC,3.32,RAIN,-3.67
2026-09-27T19:51:02.619641+00:00,27.73,11.41,65.35,12.08,84776,0.92,2693.68,0.38,FIGR_HELOC,3.32,RAIN,-3.62
2026-09-27T19:54:02.277668+00:00,27.7,11.37,65.35,12.08,84765,0.92,2693.09,0.36,FIGR_HELOC,3.32,RAIN,-3.24
2026-09-27T19:57:02.853792+00:00,27.42,10.79,65.35,12.08,84731,0.87,2692.16,0.33,FIGR_HELOC,3.32,RAIN,-3.33
2026-09-27T20:00:03.061223+00:00,27.39,10.73,65.35,12.08,84731,0.87,2692.07,0.31,FIGR_HELOC,3.63,RAIN,-3.18
2026-09-27T20:03:04.967017+00:00,27.28,10.76,64.95,12.08,84728,0.86,2691.74,0.31,FIGR_HELOC,3.32,RAIN,-2.83
2026-09-27T20:06:02.702003+00:00,27.35,10.9,64.95,12.08,84747,0.86,2692.75,0.34,FIGR_HELOC,3.32,RAIN,-2.82
2026-09-27T20:09:02.295206+00:00,27.05,10.31,64.95,12.08,84723,0.82,2692.08,0.3,FIGR_HELOC,3.32,RAIN,-2.77
2026-09-27T20:12:02.829716+00:00,27.71,11.62,64.95,12.08,84744,0.89,2693.4,0.41,FIGR_HELOC,3.32,RAIN,-2.72
2026-09-27T20:15:02.962881+00:00,27.96,12.12,64.95,12.08,84773,0.92,2694.46,0.47,FIGR_HELOC,3.32,RAIN,-2.83
2026-09-27T20:18:09.087469+00:00,27.19,12.21,62.23,12.08,84787,0.92,2695.17,0.49,FIGR_HELOC,3.32,RAIN,-2.74
2026-09-27T20:21:02.161082+00:00,26.86,11.54,62.23,12.08,84761,0.86,2694.64,0.47,FIGR_HELOC,3.32,RAIN,-2.84
2026-09-27T20:24:03.018730+00:00,26.1,10.03,62.23,12.08,84680,0.77,2691.53,0.33,FIGR_HELOC,3.32,RAIN,-2.83
2026-09-27T20:27:03.661082+00:00,25.43,8.68,62.23,12.08,84620,0.68,2689.37,0.25,FIGR_HELOC,3.32,RAIN,-2.96
2026-09-27T20:30:03.070102+00:00,25.07,7.97,62.23,12.08,84612,0.65,2688.29,0.19,FIGR_HELOC,3.32,RAIN,-3.03
2026-09-27T20:33:03.146864+00:00,25.23,8.3,62.23,12.08,84613,0.65,2688.92,0.22,FIGR_HELOC,3.32,RAIN,-2.97
2026-09-27T20:36:03.985604+00:00,25.18,7.99,62.55,12.08,84584,0.62,2688.93,0.23,FIGR_HELOC,3.32,RAIN,-2.96
2026-09-27T20:39:02.594743+00:00,25.21,8.06,62.55,12.08,84582,0.6,2689.84,0.25,FIGR_HELOC,3.32,RAIN,-2.94
2026-09-27T20:42:02.150106+00:00,25.93,9.49,62.55,12.08,84582,0.68,2689.28,0.42,FIGR_HELOC,3.31,RAIN,-2.9
2026-09-27T20:45:03.776318+00:00,27.28,12.21,62.55,12.08,84579,0.83,2689.46,0.67,FIGR_HELOC,3.32,RAIN,-1.63
2026-09-27T20:48:02.691220+00:00,28.0,13.64,62.55,12.08,84615,0.9,2690.42,0.84,FIGR_HELOC,3.32,RAIN,-1.55
2026-09-27T20:51:02.799607+00:00,27.38,12.41,62.55,12.08,84551,0.82,2687.55,0.7,FIGR_HELOC,3.32,RAIN,-1.52
2026-09-27T20:54:02.992009+00:00,26.5,10.74,62.39,12.08,84559,0.72,2687.35,0.56,FIGR_HELOC,3.32,RAIN,-1.65
2026-09-27T20:57:02.566516+00:00,25.6,8.93,62.39,12.08,84538,0.63,2686.0,0.4,FIGR_HELOC,2.9,RAIN,-1.91
2026-09-27T21:00:03.462238+00:00,25.63,9.0,62.39,12.08,84541,0.63,2686.0,0.38,FIGR_HELOC,2.82,RAIN,-1.97
2026-09-27T21:03:03.378228+00:00,25.49,8.72,62.39,12.08,84533,0.61,2685.77,0.37,FIGR_HELOC,2.9,RAIN,-1.9
2026-09-27T21:06:02.198241+00:00,25.38,8.5,62.39,12.08,84613,0.63,2688.43,0.37,FIGR_HELOC,2.87,RAIN,-2.3
2026-09-27T21:09:04.212448+00:00,25.45,8.44,61.12,14.46,84594,0.61,2687.54,0.36,FIGR_HELOC,2.87,RAIN,-2.39
2026-09-27T21:12:02.891527+00:00,25.52,8.58,61.12,14.46,84605,0.63,2688.01,0.35,FIGR_HELOC,2.87,RAIN,-2.23
2026-09-27T21:15:03.370260+00:00,25.38,8.31,61.12,14.46,84608,0.62,2688.12,0.33,FIGR_HELOC,2.87,RAIN,-2.22
2026-09-27T21:18:05.364325+00:00,25.71,8.97,61.12,14.46,84655,0.66,2690.32,0.38,FIGR_HELOC,2.87,RAIN,-2.18
2026-09-27T21:21:02.545921+00:00,25.53,8.6,61.12,14.46,84661,0.66,2690.06,0.31,FIGR_HELOC,2.87,RAIN,-2.24
2026-09-27T21:24:02.727849+00:00,25.19,7.93,61.12,14.46,84656,0.65,2689.13,0.27,FIGR_HELOC,2.87,RAIN,-2.26
2026-09-27T21:27:04.464534+00:00,24.31,7.61,60.29,12.08,84661,0.62,2689.58,0.26,FIGR_HELOC,2.86,RAIN,-2.32
2026-09-27T21:30:04.326563+00:00,23.4,5.8,60.29,12.08,84639,0.55,2688.12,0.05,FIGR_HELOC,2.87,ZEC,-3.56
2026-09-27T21:33:02.705721+00:00,23.01,5.01,60.29,12.08,84590,0.49,2686.47,0.03,FIGR_HELOC,2.86,ZEC,-3.7
2026-09-27T21:36:02.969637+00:00,22.63,4.25,60.29,12.08,84591,0.45,2686.22,-0.12,FIGR_HELOC,2.87,ZEC,-3.46
2026-09-27T21:39:02.451708+00:00,22.29,3.58,60.29,12.08,84525,0.42,2681.58,-0.19,FIGR_HELOC,2.87,ZEC,-3.98
2026-09-27T21:42:02.965358+00:00,22.18,3.36,60.29,12.08,84503,0.4,2680.08,-0.25,FIGR_HELOC,2.86,ZEC,-4.23
2026-09-27T21:45:04.894965+00:00,22.27,3.71,60.0,12.08,84509,0.43,2680.79,-0.2,FIGR_HELOC,2.86,ZEC,-4.56
2026-09-27T21:48:03.020517+00:00,22.44,4.05,60.0,12.08,84529,0.45,2681.66,-0.14,FIGR_HELOC,2.86,ZEC,-4.86
2026-09-27T21:51:03.002924+00:00,23.46,6.1,60.0,12.08,84649,0.61,2684.1,-0.01,FIGR_HELOC,2.86,ZEC,-4.93
2026-09-27T21:54:02.744694+00:00,23.6,6.37,60.0,12.08,84656,0.63,2684.25,-0.01,FIGR_HELOC,2.86,ZEC,-4.95
2026-09-27T21:57:02.364891+00:00,23.85,6.87,60.0,12.08,84669,0.67,2683.74,-0.01,FIGR_HELOC,3.18,ZEC,-4.92
2026-09-27T22:00:03.456394+00:00,23.5,6.18,60.0,12.08,84657,0.62,2683.72,-0.06,FIGR_HELOC,3.18,ZEC,-4.83
2026-09-27T22:03:05.059858+00:00,22.83,5.53,58.82,12.08,84659,0.58,2683.27,-0.12,FIGR_HELOC,3.18,ZEC,-4.78
2026-09-27T22:06:02.203888+00:00,20.53,0.93,58.82,12.08,84426,0.25,2675.8,-0.42,FIGR_HELOC,3.18,ZEC,-5.42
2026-09-27T22:09:02.728459+00:00,20.54,0.96,58.82,12.08,84475,0.22,2678.07,-0.38,FIGR_HELOC,3.18,ZEC,-4.71
2026-09-27T22:12:02.246596+00:00,19.58,-0.96,58.82,12.08,84384,0.09,2674.98,-0.5,FIGR_HELOC,3.18,ZEC,-4.67
2026-09-27T22:15:03.057855+00:00,19.36,-1.4,58.82,12.08,84406,0.06,2675.57,-0.55,FIGR_HELOC,3.18,ZEC,-4.47
2026-09-27T22:18:07.161987+00:00,18.62,-2.89,58.82,12.08,84282,-0.04,2672.04,-0.64,FIGR_HELOC,3.17,ZEC,-4.59
2026-09-27T22:21:02.551004+00:00,20.26,0.4,58.82,12.08,84386,0.18,2676.57,-0.36,FIGR_HELOC,3.17,ZEC,-4.28
2026-09-27T22:24:02.670381+00:00,20.45,0.77,58.82,12.08,84429,0.21,2677.87,-0.35,FIGR_HELOC,3.18,ZEC,-4.3
2026-09-27T22:27:03.084700+00:00,20.91,1.7,58.82,12.08,84494,0.25,2681.31,-0.26,FIGR_HELOC,3.17,ZEC,-4.09
2026-09-27T22:30:03.373204+00:00,20.86,1.59,58.82,12.08,84514,0.23,2682.75,-0.24,FIGR_HELOC,3.18,ZEC,-3.77
2026-09-27T22:33:02.447620+00:00,20.9,1.68,58.82,12.08,84497,0.24,2682.55,-0.21,FIGR_HELOC,3.18,ZEC,-3.75
2026-09-27T22:36:03.975848+00:00,19.2,-1.42,58.33,12.08,84351,0.08,2675.59,-0.48,LEO,0.94,ZEC,-4.22
2026-09-27T22:39:02.494642+00:00,18.69,-2.44,58.33,12.08,84249,-0.01,2673.86,-0.5,LEO,0.96,ZEC,-4.45
2026-09-27T22:42:03.279203+00:00,18.54,-2.74,58.33,12.08,84219,-0.05,2672.68,-0.54,LEO,0.96,ZEC,-4.67
2026-09-27T22:45:04.081992+00:00,18.22,-3.39,58.33,12.08,84200,-0.1,2671.54,-0.58,LEO,0.96,ZEC,-4.6
2026-09-27T22:48:02.730466+00:00,17.91,-4.01,58.33,12.08,84150,-0.14,2670.21,-0.62,LEO,0.96,ZEC,-4.61
2026-09-27T22:51:02.341338+00:00,17.8,-4.22,58.33,12.08,84153,-0.15,2670.15,-0.63,LEO,0.96,ZEC,-4.55
2026-09-27T22:54:03.661969+00:00,17.9,-4.02,58.33,12.08,84183,-0.15,2671.68,-0.62,LEO,0.96,ZEC,-4.42
2026-09-27T22:57:02.239688+00:00,18.43,-2.96,58.33,12.08,84212,-0.08,2674.35,-0.53,LEO,0.96,ZEC,-4.08
2026-09-27T23:00:03.561013+00:00,18.62,-2.59,58.33,12.08,84209,-0.05,2675.15,-0.48,LEO,0.96,ZEC,-3.96
2026-09-27T23:03:03.483709+00:00,18.41,-3.01,58.33,12.08,84210,-0.11,2677.11,-0.46,LEO,0.96,ZEC,-3.93
2026-09-27T23:06:02.310681+00:00,18.61,-2.62,58.33,12.08,84227,-0.08,2678.74,-0.42,LEO,0.96,ZEC,-4.1
2026-09-27T23:09:03.206157+00:00,18.26,-3.3,58.33,12.08,84207,-0.11,2677.64,-0.51,LEO,0.96,ZEC,-3.94
2026-09-27T23:12:04.099635+00:00,17.38,-4.54,57.46,12.08,84168,-0.18,2674.93,-0.66,LEO,0.96,ZEC,-4.15
2026-09-27T23:15:03.782183+00:00,17.4,-4.5,57.46,12.08,84169,-0.17,2674.64,-0.65,LEO,0.96,ZEC,-4.31
2026-09-27T23:18:04.357611+00:00,17.4,-4.51,57.46,12.08,84197,-0.17,2675.9,-0.63,LEO,0.96,ZEC,-4.46
2026-09-27T23:21:03.104852+00:00,17.83,-3.64,57.46,12.08,84238,-0.13,2678.59,-0.54,LEO,0.96,ZEC,-4.23
2026-09-27T23:24:03.019446+00:00,18.22,-2.87,57.46,12.08,84296,-0.09,2681.09,-0.46,LEO,0.95,ZEC,-4.06
2026-09-27T23:27:03.264595+00:00,18.58,-2.14,57.46,12.08,84319,-0.04,2682.46,-0.4,LEO,0.95,ZEC,-3.72
2026-09-27T23:30:15.092860+00:00,19.7,-0.93,59.17,12.08,84364,0.05,2684.9,-0.3,LEO,0.95,ZEC,-3.69
2026-09-27T23:33:02.936514+00:00,19.92,-0.48,59.17,12.08,84428,0.08,2686.38,-0.27,LEO,0.94,ZEC,-3.74
2026-09-27T23:36:02.510668+00:00,19.31,-1.72,59.17,12.08,84406,-0.0,2686.02,-0.35,LEO,0.67,ZEC,-3.73
2026-09-27T23:39:02.985246+00:00,19.46,-1.41,59.17,12.08,84380,0.03,2685.33,-0.32,BNB,0.57,ZEC,-3.76
2026-09-27T23:42:02.624945+00:00,19.36,-1.61,59.17,12.08,84394,-0.0,2686.07,-0.31,BNB,0.57,ZEC,-3.67
2026-09-27T23:45:03.557703+00:00,19.33,-1.67,59.17,12.08,84351,0.0,2684.23,-0.35,LEO,0.62,ZEC,-3.89
2026-09-27T23:48:03.815970+00:00,18.89,-2.56,59.18,12.08,84327,-0.07,2682.78,-0.41,LEO,0.91,ZEC,-3.81
2026-09-27T23:51:02.785322+00:00,19.63,-1.08,59.18,12.08,84406,0.03,2685.57,-0.32,LEO,0.93,ZEC,-3.68
2026-09-27T23:54:02.479033+00:00,19.9,-0.55,59.18,12.08,84447,0.05,2686.89,-0.28,LEO,0.86,ZEC,-3.39
2026-09-27T23:57:03.112294+00:00,20.05,-0.25,59.18,12.08,84471,0.08,2688.94,-0.24,LEO,0.86,ZEC,-3.47
2026-09-28T00:00:17.469709+00:00,19.69,-0.95,59.18,12.08,84503,0.05,2689.8,-0.33,LEO,0.76,ZEC,-3.88
2026-09-28T00:03:03.266249+00:00,20.08,-0.19,59.18,12.08,84437,0.1,2687.16,-0.24,LEO,1.06,ZEC,-3.96
2026-09-28T00:06:03.655359+00:00,20.7,1.35,58.69,12.08,84525,0.22,2689.45,-0.14,LEO,1.03,ZEC,-3.85
2026-09-28T00:09:03.095839+00:00,20.6,1.15,58.69,12.08,84515,0.21,2689.37,-0.14,BNB,0.82,ZEC,-4.01
2026-09-28T00:12:02.840973+00:00,19.74,-0.57,58.69,12.08,84383,0.09,2685.37,-0.24,BNB,0.73,ZEC,-4.61
2026-09-28T00:15:04.247692+00:00,19.85,-0.35,58.69,12.08,84377,0.09,2685.2,-0.22,BNB,0.7,ZEC,-4.27
2026-09-28T00:18:05.857994+00:00,20.28,0.51,58.69,12.08,84409,0.14,2686.05,-0.18,ADA,0.85,ZEC,-4.0
2026-09-28T00:21:02.904862+00:00,20.99,1.93,58.69,12.08,84466,0.24,2687.43,-0.11,ADA,1.07,ZEC,-3.78
2026-09-28T00:24:03.847656+00:00,23.84,7.19,58.69,13.21,84926,0.63,2698.21,0.16,ADA,1.64,ZEC,-3.14
2026-09-28T00:27:03.358351+00:00,24.15,7.81,58.69,13.21,84872,0.7,2696.91,0.17,ADA,1.85,ZEC,-3.26
2026-09-28T00:30:02.986204+00:00,23.38,6.26,58.69,13.21,84799,0.58,2693.46,0.01,ADA,1.72,ZEC,-3.48
2026-09-28T00:33:02.733508+00:00,23.17,5.84,58.69,13.21,84721,0.55,2689.99,-0.08,ADA,1.92,ZEC,-3.87
2026-09-28T00:36:02.884442+00:00,19.39,-1.71,58.69,13.21,84380,0.0,2679.47,-0.61,BNB,0.82,ZEC,-4.87
2026-09-28T00:39:02.646269+00:00,18.73,-3.03,58.69,13.21,84279,-0.1,2676.66,-0.71,BNB,0.76,ZEC,-4.82
2026-09-28T00:42:03.381299+00:00,18.59,-3.61,59.17,13.21,84253,-0.13,2675.09,-0.78,BNB,0.67,ZEC,-4.88
2026-09-28T00:45:04.086183+00:00,18.82,-3.14,59.17,13.21,84252,-0.1,2675.44,-0.7,BNB,0.68,ZEC,-4.96
2026-09-28T00:48:02.719960+00:00,19.46,-1.86,59.17,13.21,84278,-0.03,2676.7,-0.58,ADA,0.95,ZEC,-4.49
2026-09-28T00:51:03.035245+00:00,20.85,0.91,59.17,13.21,84405,0.13,2682.09,-0.4,ADA,1.76,ZEC,-3.85
2026-09-28T00:54:02.354569+00:00,22.25,3.71,59.17,13.21,84512,0.32,2685.69,-0.2,ADA,2.25,ZEC,-3.63
2026-09-28T00:57:03.011689+00:00,20.98,1.17,59.17,13.21,84410,0.14,2683.03,-0.38,ADA,1.93,ZEC,-4.05
2026-09-28T01:00:05.056100+00:00,19.23,-2.33,59.17,13.21,84231,-0.12,2676.2,-0.62,XLM,1.53,ZEC,-4.39
2026-09-28T01:03:03.395905+00:00,18.55,-3.68,59.17,13.21,84089,-0.23,2673.95,-0.69,ADA,1.22,ZEC,-4.24
2026-09-28T01:06:02.610138+00:00,18.36,-4.06,59.17,13.21,84060,-0.27,2672.31,-0.73,ADA,1.44,ZEC,-4.26
2026-09-28T01:09:02.313885+00:00,17.82,-5.14,59.17,13.21,84001,-0.34,2670.94,-0.8,ADA,1.26,ZEC,-4.3
2026-09-28T01:12:02.914264+00:00,18.34,-4.11,59.17,13.21,84131,-0.27,2675.56,-0.73,ADA,1.57,ZEC,-4.43
2026-09-28T01:15:04.515939+00:00,17.48,-5.82,59.17,13.21,84040,-0.38,2671.74,-0.85,ADA,1.22,ZEC,-4.63
2026-09-28T01:18:07.255209+00:00,16.51,-7.44,58.63,13.21,83940,-0.5,2667.46,-0.99,LEO,1.18,ZEC,-4.63
2026-09-28T01:21:02.729421+00:00,16.8,-6.86,58.63,13.21,83931,-0.49,2668.53,-0.92,ADA,1.41,ZEC,-4.31
2026-09-28T01:24:03.090131+00:00,18.17,-4.12,58.63,13.21,84079,-0.32,2673.59,-0.73,ADA,2.2,ZEC,-3.99
2026-09-28T01:27:03.459185+00:00,17.7,-5.06,58.63,13.21,84014,-0.38,2671.66,-0.79,ADA,1.88,ZEC,-4.19
2026-09-28T01:30:03.156341+00:00,18.4,-3.66,58.63,13.21,84096,-0.3,2674.72,-0.7,ADA,2.25,ZEC,-3.73
2026-09-28T01:33:02.595995+00:00,18.66,-3.14,58.63,13.21,84110,-0.26,2675.72,-0.63,ADA,2.26,ZEC,-3.86
2026-09-28T01:36:03.628240+00:00,18.37,-3.73,58.63,13.21,84036,-0.3,2673.38,-0.66,ADA,2.1,ZEC,-4.1
2026-09-28T01:39:02.177469+00:00,17.58,-5.29,58.63,13.21,83985,-0.4,2672.36,-0.77,ADA,1.78,ZEC,-4.27
2026-09-28T01:42:02.796622+00:00,16.83,-6.79,58.63,13.21,83884,-0.51,2667.98,-0.89,ADA,1.58,ZEC,-4.3
2026-09-28T01:45:03.558856+00:00,16.52,-7.41,58.63,13.21,83922,-0.54,2669.07,-0.93,ADA,1.59,ZEC,-4.26
2026-09-28T01:48:02.939503+00:00,15.34,-9.77,58.63,13.21,83854,-0.71,2666.85,-1.09,ADA,1.23,ZEC,-4.51
2026-09-28T01:51:02.552735+00:00,15.63,-9.2,58.63,13.21,83882,-0.67,2667.46,-1.03,ADA,1.28,ZEC,-4.44
2026-09-28T01:54:04.077764+00:00,14.0,-12.47,58.63,13.21,83791,-0.84,2660.28,-1.54,ADA,0.84,ZEC,-4.63
2026-09-28T01:57:02.742330+00:00,13.64,-13.18,58.63,13.21,83760,-0.89,2659.03,-1.6,ADA,0.8,ZEC,-4.61
2026-09-28T02:00:14.026591+00:00,13.52,-13.42,58.63,13.21,83702,-0.9,2656.91,-1.62,ADA,0.84,ZEC,-4.74
2026-09-28T02:03:03.305234+00:00,12.62,-15.22,58.63,13.21,83619,-1.01,2654.29,-1.73,LEO,0.55,ZEC,-4.87
2026-09-28T02:06:02.695826+00:00,12.34,-15.77,58.63,13.21,83508,-1.09,2652.1,-1.72,LEO,0.59,ZEC,-4.48
2026-09-28T02:09:02.202361+00:00,12.73,-15.01,58.63,13.21,83585,-1.04,2653.59,-1.71,LEO,0.59,ZEC,-4.18
2026-09-28T02:12:03.955192+00:00,12.57,-14.93,57.97,13.21,83607,-1.04,2655.43,-1.7,LEO,0.59,ZEC,-4.23
2026-09-28T02:15:12.114802+00:00,14.1,-11.86,57.97,13.21,83699,-0.85,2658.37,-1.48,ADA,1.19,ZEC,-3.5
2026-09-28T02:18:05.477480+00:00,13.52,-13.02,57.97,13.21,83694,-0.92,2658.9,-1.57,ADA,0.97,ZEC,-3.56
2026-09-28T02:21:02.792975+00:00,12.93,-14.2,57.97,13.21,83648,-0.99,2656.47,-1.7,ADA,0.77,ZEC,-3.6
2026-09-28T02:24:02.154282+00:00,12.24,-15.58,57.97,13.21,83620,-1.09,2656.18,-1.81,LEO,0.57,ZEC,-3.74
2026-09-28T02:27:02.895959+00:00,12.48,-15.11,57.97,13.21,83618,-1.06,2655.6,-1.78,LEO,0.57,ZEC,-3.89
2026-09-28T02:30:04.974732+00:00,12.32,-14.51,57.12,12.2,83655,-1.01,2656.7,-1.73,ADA,0.73,ZEC,-3.97
2026-09-28T02:33:03.100147+00:00,11.58,-15.99,57.12,12.2,83589,-1.1,2654.27,-1.82,ADA,0.32,ZEC,-4.32
2026-09-28T02:36:02.999704+00:00,11.01,-17.13,57.12,12.2,83496,-1.18,2650.72,-1.9,LEO,0.29,ZEC,-4.45
2026-09-28T02:39:02.776718+00:00,11.24,-16.67,57.12,12.2,83521,-1.15,2652.17,-1.83,ADA,0.41,ZEC,-4.48
2026-09-28T02:42:02.507468+00:00,11.11,-16.94,57.12,12.2,83456,-1.19,2651.38,-1.8,ADA,0.31,ZEC,-4.51
2026-09-28T02:45:03.581012+00:00,11.21,-16.74,57.12,12.2,83483,-1.17,2652.92,-1.77,ADA,0.34,ZEC,-4.61
2026-09-28T02:48:04.040092+00:00,11.35,-16.23,56.76,12.2,83491,-1.13,2652.69,-1.73,ADA,0.43,ZEC,-4.79
2026-09-28T02:51:02.795361+00:00,10.77,-17.39,56.76,12.2,83443,-1.21,2651.74,-1.81,TRX,0.15,ZEC,-4.48
2026-09-28T02:54:02.813593+00:00,10.8,-17.34,56.76,12.2,83422,-1.21,2651.13,-1.75,LEO,0.4,ZEC,-4.65
2026-09-28T02:57:02.314812+00:00,11.13,-16.67,56.76,12.2,83432,-1.2,2652.06,-1.68,ADA,0.34,ZEC,-4.29
2026-09-28T03:00:03.689413+00:00,10.81,-17.3,56.76,12.2,83407,-1.24,2651.86,-1.7,TRX,0.15,ZEC,-4.29
2026-09-28T03:03:03.462110+00:00,11.59,-15.75,56.76,12.2,83484,-1.14,2654.62,-1.6,ADA,0.27,ZEC,-4.12
2026-09-28T03:06:03.555183+00:00,11.29,-16.74,57.42,12.2,83437,-1.21,2654.01,-1.65,TRX,0.12,ZEC,-4.28
2026-09-28T03:09:03.220102+00:00,11.0,-17.33,57.42,12.2,83437,-1.25,2654.1,-1.66,TRX,0.17,ZEC,-4.57
2026-09-28T03:12:02.841114+00:00,11.61,-16.1,57.42,12.2,83448,-1.18,2655.99,-1.57,ADA,0.19,ZEC,-4.48
2026-09-28T03:15:03.758245+00:00,11.11,-17.11,57.42,12.2,83390,-1.24,2654.05,-1.62,TRX,0.14,ZEC,-4.77
2026-09-28T03:18:05.357687+00:00,10.96,-17.4,57.42,12.2,83417,-1.26,2655.4,-1.65,TRX,0.12,ZEC,-4.8
2026-09-28T03:21:02.495314+00:00,11.73,-15.88,57.42,12.2,83449,-1.16,2655.47,-1.56,ADA,0.51,ZEC,-4.47
2026-09-28T03:24:03.377422+00:00,11.79,-15.98,57.81,12.19,83449,-1.17,2655.11,-1.61,ADA,0.43,ZEC,-4.54
2026-09-28T03:27:03.807085+00:00,11.52,-16.52,57.81,12.19,83403,-1.19,2652.76,-1.67,TRX,0.24,ZEC,-4.71
2026-09-28T03:30:04.390792+00:00,11.24,-17.08,57.81,12.19,83341,-1.22,2649.35,-1.73,TRX,0.23,ZEC,-4.64
2026-09-28T03:33:02.798543+00:00,10.6,-18.36,57.81,12.19,83291,-1.3,2646.27,-1.84,TRX,0.25,ZEC,-4.7
2026-09-28T03:36:03.036737+00:00,9.75,-20.06,57.81,12.19,83246,-1.41,2645.61,-1.94,TRX,0.2,ZEC,-5.04
2026-09-28T03:39:02.655745+00:00,11.22,-17.12,57.81,12.19,83320,-1.21,2648.17,-1.71,TRX,0.23,ZEC,-4.63
2026-09-28T03:42:03.545153+00:00,11.65,-16.21,57.73,12.19,83409,-1.15,2652.5,-1.65,TRX,0.28,ZEC,-4.69
2026-09-28T03:45:03.574973+00:00,12.02,-15.48,57.73,12.19,83442,-1.1,2652.87,-1.61,TRX,0.28,ZEC,-4.68
2026-09-28T03:48:03.234118+00:00,11.93,-15.65,57.73,12.19,83435,-1.11,2653.23,-1.6,TRX,0.28,ZEC,-4.89
2026-09-28T03:51:02.297600+00:00,11.86,-15.79,57.73,12.19,83422,-1.12,2652.24,-1.62,TRX,0.27,ZEC,-4.85
2026-09-28T03:54:02.753076+00:00,11.76,-16.0,57.73,12.19,83412,-1.14,2652.76,-1.61,TRX,0.3,ZEC,-4.87
2026-09-28T03:57:02.652256+00:00,11.56,-16.4,57.73,12.19,83386,-1.18,2653.07,-1.6,LEO,0.34,ZEC,-4.82
2026-09-28T04:00:05.165038+00:00,10.81,-17.09,58.72,8.69,83354,-1.22,2652.23,-1.63,LEO,0.34,ZEC,-5.03
2026-09-28T04:03:03.596585+00:00,10.33,-18.04,58.72,8.69,83283,-1.3,2650.53,-1.67,TRX,0.36,ZEC,-4.9
2026-09-28T04:06:02.792529+00:00,9.9,-18.9,58.72,8.69,83252,-1.33,2647.32,-1.74,LEO,0.34,ZEC,-4.91
2026-09-28T04:09:02.806828+00:00,9.9,-18.91,58.72,8.69,83297,-1.33,2649.88,-1.73,TRX,0.24,ZEC,-4.77
2026-09-28T04:12:02.302948+00:00,10.14,-18.42,58.72,8.69,83316,-1.3,2651.19,-1.67,TRX,0.23,ZEC,-4.62
2026-09-28T04:15:03.997708+00:00,10.19,-18.33,58.72,8.69,83363,-1.29,2652.93,-1.68,TRX,0.26,ZEC,-4.52
2026-09-28T04:18:06.585899+00:00,10.1,-18.19,58.18,8.69,83382,-1.28,2653.39,-1.66,TRX,0.25,ZEC,-4.62
2026-09-28T04:21:02.291169+00:00,10.93,-16.53,58.18,8.69,83421,-1.18,2654.69,-1.53,TRX,0.29,ZEC,-4.52
2026-09-28T04:24:02.477227+00:00,11.22,-15.93,58.18,8.69,83471,-1.16,2657.42,-1.5,TRX,0.28,ZEC,-4.55
2026-09-28T04:27:03.958728+00:00,11.44,-15.51,58.18,8.69,83480,-1.14,2657.87,-1.45,TRX,0.26,ZEC,-4.42
2026-09-28T04:30:17.968422+00:00,11.5,-15.37,58.18,8.69,83460,-1.14,2658.36,-1.39,TRX,0.3,ZEC,-4.4
2026-09-28T04:33:03.264831+00:00,11.87,-14.64,58.18,8.69,83458,-1.08,2657.51,-1.34,TRX,0.29,ZEC,-4.41
2026-09-28T04:36:03.814483+00:00,11.86,-14.62,56.52,11.07,83428,-1.07,2657.37,-1.32,TRX,0.24,ZEC,-4.4
2026-09-28T04:39:02.518226+00:00,11.94,-14.46,56.52,11.07,83435,-1.06,2657.2,-1.32,TRX,0.26,ZEC,-4.56
2026-09-28T04:42:03.132292+00:00,12.27,-13.8,56.52,11.07,83454,-1.01,2656.72,-1.32,TRX,0.27,ZEC,-4.54
2026-09-28T04:45:14.675149+00:00,12.6,-13.14,56.52,11.07,83473,-0.98,2658.17,-1.24,TRX,0.27,XMR,-4.35
2026-09-28T04:48:02.531630+00:00,12.42,-13.51,56.52,11.07,83472,-1.0,2658.28,-1.25,TRX,0.29,ZEC,-4.48
2026-09-28T04:51:02.524845+00:00,11.85,-14.64,56.52,11.07,83420,-1.07,2655.65,-1.36,TRX,0.28,ZEC,-4.62
2026-09-28T04:54:04.405459+00:00,11.93,-13.53,56.52,8.69,83469,-1.0,2657.96,-1.28,TRX,0.29,ZEC,-4.39
2026-09-28T04:57:02.960672+00:00,11.86,-13.67,56.52,8.69,83475,-1.01,2658.62,-1.27,TRX,0.3,ZEC,-4.32
2026-09-28T05:00:03.199224+00:00,11.84,-13.7,56.52,8.69,83447,-1.02,2657.96,-1.26,TRX,0.28,ZEC,-4.4
2026-09-28T05:03:03.586394+00:00,12.24,-12.9,56.52,8.69,83495,-0.97,2659.2,-1.21,TRX,0.26,ZEC,-4.42
2026-09-28T05:06:03.017264+00:00,10.89,-15.61,56.52,8.69,83377,-1.15,2655.05,-1.43,TRX,0.24,ZEC,-4.78
2026-09-28T05:09:02.721815+00:00,10.68,-16.02,56.52,8.69,83388,-1.16,2654.91,-1.48,TRX,0.25,ZEC,-5.04
2026-09-28T05:12:03.240216+00:00,9.37,-17.13,53.98,8.69,83341,-1.22,2653.32,-1.55,TRX,0.26,ZEC,-5.22
2026-09-28T05:15:02.959639+00:00,9.07,-17.72,53.98,8.69,83336,-1.24,2652.87,-1.59,TRX,0.26,ZEC,-5.58
2026-09-28T05:18:04.981037+00:00,9.02,-17.83,53.98,8.69,83315,-1.25,2651.53,-1.59,TRX,0.27,ZEC,-5.56
2026-09-28T05:21:02.414079+00:00,8.21,-19.44,53.98,8.69,83218,-1.37,2649.56,-1.69,TRX,0.24,ZEC,-5.53
2026-09-28T05:24:03.176920+00:00,8.09,-19.69,53.98,8.69,83217,-1.38,2649.58,-1.73,TRX,0.24,ZEC,-5.41
2026-09-28T05:27:05.077828+00:00,6.99,-21.88,53.98,8.69,83062,-1.55,2645.85,-1.86,LEO,0.44,ZEC,-5.3
2026-09-28T05:30:11.982745+00:00,7.34,-21.19,53.98,8.69,83085,-1.52,2647.65,-1.79,LEO,0.63,ZEC,-5.12
2026-09-28T05:33:02.640389+00:00,6.72,-22.43,53.98,8.69,83054,-1.58,2646.32,-1.89,LEO,0.64,ZEC,-5.55
2026-09-28T05:36:02.929177+00:00,4.99,-25.89,53.98,8.69,82965,-1.8,2642.42,-2.2,LEO,0.54,ZEC,-5.96
2026-09-28T05:39:02.486718+00:00,3.42,-29.02,53.98,8.69,82905,-1.99,2640.7,-2.49,LEO,0.63,ZEC,-5.88
2026-09-28T05:42:03.090486+00:00,3.45,-28.96,53.98,8.69,82784,-2.01,2637.27,-2.45,LEO,0.24,ZEC,-5.96
2026-09-28T05:45:05.659360+00:00,4.58,-25.87,52.59,8.69,82990,-1.81,2643.98,-2.2,LEO,0.24,ZEC,-5.89
2026-09-28T05:48:03.186904+00:00,5.17,-24.69,52.59,8.69,83102,-1.71,2649.57,-2.09,LEO,0.24,ZEC,-5.99
2026-09-28T05:51:02.717216+00:00,5.46,-24.1,52.59,8.69,83128,-1.65,2651.31,-2.04,LEO,0.25,ZEC,-6.08
2026-09-28T05:54:02.302028+00:00,5.25,-24.52,52.59,8.69,83066,-1.68,2648.64,-2.06,LEO,0.29,ZEC,-6.28
2026-09-28T05:57:03.106809+00:00,5.59,-23.85,52.59,8.69,83096,-1.62,2649.09,-2.06,LEO,0.67,ZEC,-6.37
2026-09-28T06:00:05.560409+00:00,6.05,-22.93,52.59,8.69,83142,-1.57,2650.45,-1.98,LEO,0.66,ZEC,-6.29
2026-09-28T06:03:05.563451+00:00,6.21,-23.16,53.51,8.69,83144,-1.58,2650.7,-2.03,LEO,0.66,ZEC,-6.24
2026-09-28T06:06:02.893350+00:00,6.19,-23.21,53.51,8.69,83164,-1.56,2649.72,-2.08,LEO,0.65,ZEC,-6.52
2026-09-28T06:09:03.287268+00:00,6.37,-22.85,53.51,8.69,83193,-1.55,2652.55,-1.99,LEO,0.65,ZEC,-6.35
2026-09-28T06:12:02.945723+00:00,6.06,-23.45,53.51,8.69,83208,-1.61,2654.64,-2.01,LEO,0.64,ZEC,-6.37
2026-09-28T06:15:03.004266+00:00,6.36,-22.85,53.51,8.69,83250,-1.56,2655.18,-2.0,LEO,0.65,ZEC,-6.08
2026-09-28T06:18:07.983777+00:00,6.28,-23.02,53.51,8.69,83207,-1.55,2652.84,-2.03,LEO,0.65,ZEC,-6.17
2026-09-28T06:21:02.850882+00:00,5.43,-24.73,53.51,8.69,83169,-1.65,2649.95,-2.21,LEO,0.37,ZEC,-6.73
2026-09-28T06:24:02.449351+00:00,4.96,-25.66,53.51,8.69,83137,-1.72,2649.02,-2.25,LEO,0.37,ZEC,-7.01
2026-09-28T06:27:02.871842+00:00,4.43,-26.72,53.51,8.69,83088,-1.79,2647.37,-2.29,LEO,0.37,ZEC,-6.89
2026-09-28T06:33:03.005090+00:00,4.65,-26.29,53.51,8.69,83050,-1.76,2646.82,-2.23,LEO,0.26,ZEC,-6.8
2026-09-28T06:36:03.551118+00:00,4.96,-25.2,52.75,8.69,83087,-1.69,2648.8,-2.15,LEO,0.33,ZEC,-6.58
2026-09-28T06:39:02.391217+00:00,4.87,-25.38,52.75,8.69,83089,-1.7,2648.47,-2.19,LEO,0.44,ZEC,-6.44
2026-09-28T06:42:02.981919+00:00,5.04,-25.05,52.75,8.69,83089,-1.67,2648.27,-2.15,LEO,0.44,ZEC,-6.36
2026-09-28T06:45:04.068748+00:00,5.79,-23.54,52.75,8.69,83169,-1.57,2650.9,-2.05,LEO,0.46,ZEC,-6.06
2026-09-28T06:48:03.341925+00:00,5.76,-23.61,52.75,8.69,83189,-1.56,2651.23,-2.03,TRX,0.13,ZEC,-6.25
2026-09-28T06:51:02.798085+00:00,5.27,-24.58,52.75,8.69,83149,-1.62,2649.13,-2.1,LEO,0.24,ZEC,-6.29
2026-09-28T06:54:03.568895+00:00,4.64,-24.9,51.18,8.69,83121,-1.64,2648.83,-2.13,TRX,0.16,ZEC,-6.28
2026-09-28T06:57:03.099910+00:00,4.89,-24.39,51.18,8.69,83133,-1.61,2649.24,-2.1,LEO,0.18,ZEC,-6.29
2026-09-28T07:00:03.358071+00:00,4.67,-24.84,51.18,8.69,83104,-1.63,2647.85,-2.15,LEO,0.18,ZEC,-6.42
2026-09-28T07:03:03.468301+00:00,4.99,-24.19,51.18,8.69,83145,-1.59,2649.06,-2.12,TRX,0.15,ZEC,-6.41
2026-09-28T07:06:03.073269+00:00,5.42,-23.35,51.18,8.69,83221,-1.56,2654.12,-1.99,TRX,0.19,ZEC,-6.08
2026-09-28T07:09:03.067260+00:00,5.09,-24.0,51.18,8.69,83156,-1.6,2650.8,-2.05,TRX,0.21,ZEC,-6.43
2026-09-28T07:12:03.699761+00:00,4.13,-25.09,49.8,8.69,83099,-1.67,2648.35,-2.13,TRX,0.23,ZEC,-6.99
2026-09-28T07:15:08.586173+00:00,3.95,-25.46,49.8,8.69,83079,-1.68,2647.04,-2.15,TRX,0.18,ZEC,-7.08
2026-09-28T07:18:04.691306+00:00,3.57,-26.21,49.8,8.69,83047,-1.74,2646.81,-2.19,TRX,0.14,ZEC,-7.01
2026-09-28T07:21:02.376146+00:00,4.37,-24.62,49.8,8.69,83098,-1.62,2648.95,-2.08,TRX,0.15,ZEC,-7.01
2026-09-28T07:24:02.331281+00:00,4.2,-24.95,49.8,8.69,83097,-1.62,2649.07,-2.09,LEO,0.29,ZEC,-7.04
2026-09-28T07:27:03.358159+00:00,2.86,-27.63,49.8,8.69,82973,-1.8,2644.78,-2.29,LEO,0.21,ZEC,-7.42
2026-09-28T07:30:04.856733+00:00,2.71,-28.39,50.56,8.69,82921,-1.86,2643.45,-2.32,LEO,0.33,ZEC,-7.37
2026-09-28T07:33:03.025633+00:00,2.64,-28.52,50.56,8.69,82948,-1.85,2643.96,-2.39,LEO,0.28,ZEC,-7.28
2026-09-28T07:36:02.361244+00:00,2.04,-29.74,50.56,8.69,82933,-1.93,2643.12,-2.46,LEO,0.37,ZEC,-7.31
2026-09-28T07:39:03.097485+00:00,2.92,-27.96,50.56,8.69,83006,-1.81,2645.5,-2.33,LEO,0.36,ZEC,-6.86
2026-09-28T07:42:02.758956+00:00,2.0,-29.81,50.56,8.69,82926,-1.94,2643.99,-2.49,LEO,0.44,ZEC,-7.04
2026-09-28T07:45:04.748525+00:00,1.75,-30.31,50.56,8.69,82924,-1.98,2643.31,-2.52,LEO,0.58,ZEC,-7.06
2026-09-28T07:48:04.231006+00:00,1.86,-30.36,50.99,8.69,82913,-1.98,2643.32,-2.51,LEO,0.51,ZEC,-7.0
2026-09-28T07:51:03.155084+00:00,1.97,-30.13,50.99,8.69,82977,-1.95,2645.4,-2.51,TRX,0.05,ZEC,-6.99
2026-09-28T07:54:02.826729+00:00,1.65,-30.78,50.99,8.69,83001,-1.98,2645.48,-2.54,TRX,0.04,ZEC,-7.05
2026-09-28T07:57:02.436846+00:00,1.64,-30.79,50.99,8.69,82998,-1.97,2644.68,-2.54,TRX,0.04,ZEC,-7.22
2026-09-28T08:00:03.058397+00:00,0.94,-32.19,50.99,8.69,82994,-2.05,2645.51,-2.63,LEO,0.05,ZEC,-7.35
2026-09-28T08:03:03.658148+00:00,0.63,-32.8,50.99,8.69,82951,-2.09,2643.74,-2.66,LEO,0.04,ZEC,-7.31
2026-09-28T08:06:04.005610+00:00,0.47,-31.5,48.26,8.69,83077,-2.02,2647.74,-2.55,LEO,0.04,ZEC,-6.89
2026-09-28T08:09:02.529778+00:00,-0.26,-32.94,48.26,8.69,83006,-2.13,2645.68,-2.66,LEO,0.02,ZEC,-6.89
2026-09-28T08:12:02.250934+00:00,-0.29,-33.01,48.26,8.69,82983,-2.16,2646.8,-2.65,USDC,-0.01,ZEC,-6.79
2026-09-28T08:15:04.057788+00:00,-0.07,-32.56,48.26,8.69,82957,-2.15,2647.48,-2.56,USDS,-0.0,ZEC,-6.74
2026-09-28T08:18:06.258762+00:00,-0.07,-32.58,48.26,8.69,82985,-2.15,2649.69,-2.51,USDC,-0.01,ZEC,-6.55
2026-09-28T08:21:02.482699+00:00,-0.26,-32.96,48.26,8.69,82941,-2.21,2649.05,-2.48,USDC,-0.01,ZEC,-6.6
2026-09-28T08:24:04.314709+00:00,-0.36,-33.23,46.81,11.07,82895,-2.23,2648.09,-2.53,LEO,0.09,ZEC,-6.67
2026-09-28T08:27:04.273612+00:00,-0.82,-34.16,46.81,11.07,82841,-2.28,2645.77,-2.64,LEO,-0.0,ZEC,-6.66
2026-09-28T08:30:11.987560+00:00,-0.68,-33.87,46.81,11.07,82862,-2.27,2645.77,-2.58,USDC,-0.0,ZEC,-6.54
2026-09-28T08:33:03.236380+00:00,-1.06,-34.63,46.81,11.07,82837,-2.33,2646.6,-2.62,USDC,-0.0,ZEC,-6.49
2026-09-28T08:36:02.537248+00:00,-0.56,-33.63,46.81,11.07,82911,-2.24,2648.23,-2.61,USDC,-0.01,ZEC,-6.51
2026-09-28T08:39:02.192097+00:00,-0.45,-33.41,46.81,11.07,82882,-2.21,2645.69,-2.67,LEO,0.66,ZEC,-6.48
2026-09-28T08:42:04.108580+00:00,-0.1,-33.61,48.09,11.4,82825,-2.22,2642.28,-2.71,LEO,0.53,ZEC,-6.37
2026-09-28T08:45:03.777303+00:00,-0.06,-33.53,48.09,11.4,82840,-2.2,2641.84,-2.71,LEO,0.53,ZEC,-6.38
2026-09-28T08:48:02.623331+00:00,0.4,-32.62,48.09,11.4,82873,-2.14,2642.37,-2.63,LEO,0.17,ZEC,-6.43
2026-09-28T08:51:02.734966+00:00,0.42,-32.57,48.09,11.4,82925,-2.14,2645.3,-2.56,LEO,0.16,ZEC,-6.57
2026-09-28T08:54:02.548402+00:00,0.39,-32.63,48.09,11.4,82917,-2.18,2647.9,-2.49,LEO,0.16,ZEC,-6.58
2026-09-28T08:57:02.273982+00:00,0.73,-31.95,48.09,11.4,82985,-2.15,2650.93,-2.39,LEO,0.51,ZEC,-6.72
2026-09-28T09:00:05.698792+00:00,1.37,-31.9,51.95,8.69,82950,-2.16,2650.07,-2.36,LEO,0.5,ZEC,-6.64
2026-09-28T09:03:04.267253+00:00,1.86,-30.92,51.95,8.69,82961,-2.1,2651.51,-2.25,LEO,0.51,ZEC,-6.58
2026-09-28T09:06:02.740302+00:00,0.25,-34.15,51.95,8.69,82750,-2.31,2643.4,-2.51,LEO,0.51,ZEC,-6.87
2026-09-28T09:09:03.134982+00:00,0.37,-33.9,51.95,8.69,82714,-2.3,2641.43,-2.5,LEO,0.51,ZEC,-6.46
2026-09-28T09:12:02.843745+00:00,0.07,-34.51,51.95,8.69,82629,-2.35,2638.59,-2.57,LEO,0.5,ZEC,-6.67
2026-09-28T09:15:03.384434+00:00,0.75,-33.14,51.95,8.69,82705,-2.26,2641.54,-2.45,LEO,0.47,ZEC,-6.53
2026-09-28T09:18:06.462127+00:00,1.61,-29.75,49.17,8.69,82881,-2.06,2648.83,-2.14,LEO,0.46,ZEC,-5.86
2026-09-28T09:21:02.333746+00:00,1.36,-30.26,49.17,8.69,82837,-2.1,2649.36,-2.15,LEO,0.18,ZEC,-6.07
2026-09-28T09:24:03.088909+00:00,1.65,-29.68,49.17,8.69,82881,-2.05,2651.04,-2.11,TRX,0.06,ZEC,-5.82
2026-09-28T09:27:03.669919+00:00,0.9,-31.17,49.17,8.69,82830,-2.14,2649.1,-2.24,TRX,0.04,ZEC,-6.26
2026-09-28T09:30:18.090477+00:00,0.11,-32.75,49.17,8.69,82766,-2.25,2645.97,-2.35,TRX,0.02,ZEC,-6.6
2026-09-28T09:33:02.922989+00:00,-0.09,-33.16,49.17,8.69,82787,-2.29,2646.92,-2.39,TRX,0.05,ZEC,-6.47
2026-09-28T09:36:03.824319+00:00,-1.2,-33.61,46.22,8.69,82710,-2.31,2642.9,-2.45,TRX,0.05,ZEC,-6.79
2026-09-28T09:39:02.618036+00:00,-2.24,-35.69,46.22,8.69,82649,-2.46,2641.8,-2.6,TRX,0.03,ZEC,-7.17
2026-09-28T09:42:02.700760+00:00,-2.83,-36.86,46.22,8.69,82604,-2.53,2639.0,-2.71,TRX,0.09,ZEC,-7.13
2026-09-28T09:45:03.852459+00:00,-2.67,-36.55,46.22,8.69,82634,-2.52,2640.1,-2.68,TRX,0.1,ZEC,-6.98
2026-09-28T09:48:03.138944+00:00,-3.46,-38.12,46.22,8.69,82628,-2.63,2639.01,-2.77,TRX,0.03,ZEC,-6.97
2026-09-28T09:51:02.808705+00:00,-3.42,-38.05,46.22,8.69,82657,-2.63,2639.81,-2.77,TRX,0.06,ZEC,-6.91
2026-09-28T09:54:03.794193+00:00,-3.67,-36.99,43.63,8.69,82715,-2.57,2641.84,-2.67,TRX,0.13,ZEC,-6.96
2026-09-28T09:57:02.516137+00:00,-4.22,-38.09,43.63,8.69,82634,-2.64,2639.79,-2.73,TRX,0.13,ZEC,-7.4
2026-09-28T10:00:03.464583+00:00,-4.45,-38.55,43.63,8.69,82630,-2.68,2640.06,-2.76,TRX,0.1,ZEC,-7.21
2026-09-28T10:03:04.056417+00:00,-3.78,-37.21,43.63,8.69,82685,-2.61,2642.5,-2.62,TRX,0.19,ZEC,-7.03
2026-09-28T10:06:02.299075+00:00,-2.87,-35.39,43.63,8.69,82771,-2.51,2648.53,-2.4,TRX,0.19,ZEC,-6.89
2026-09-28T10:09:02.651063+00:00,-3.23,-36.12,43.63,8.69,82767,-2.54,2647.47,-2.47,TRX,0.25,ZEC,-7.07
2026-09-28T10:12:03.633938+00:00,-5.21,-37.75,39.77,8.69,82707,-2.67,2646.75,-2.55,TRX,0.12,ZEC,-7.22
2026-09-28T10:15:03.957561+00:00,-5.6,-38.53,39.77,8.69,82677,-2.73,2645.59,-2.61,TRX,0.1,ZEC,-7.15
2026-09-28T10:18:04.158888+00:00,-5.78,-38.89,39.77,8.69,82697,-2.76,2646.16,-2.6,TRX,0.08,ZEC,-7.01
2026-09-28T10:21:02.536037+00:00,-4.81,-36.96,39.77,8.69,82750,-2.62,2647.47,-2.47,TRX,0.1,ZEC,-6.93
2026-09-28T10:24:02.405798+00:00,-4.96,-37.26,39.77,8.69,82728,-2.64,2647.31,-2.46,TRX,0.11,ZEC,-7.04
2026-09-28T10:27:03.057706+00:00,-3.98,-35.29,39.77,8.69,82796,-2.5,2649.27,-2.32,TRX,0.14,ZEC,-6.88
2026-09-28T10:30:05.595439+00:00,-4.48,-35.18,40.29,5.08,82776,-2.5,2648.11,-2.32,TRX,0.14,ZEC,-6.94
2026-09-28T10:33:03.134912+00:00,-4.54,-35.29,40.29,5.08,82773,-2.5,2648.16,-2.32,TRX,0.13,ZEC,-6.96
2026-09-28T10:36:02.702206+00:00,-4.33,-34.87,40.29,5.08,82780,-2.49,2649.01,-2.25,TRX,0.12,ZEC,-6.82
2026-09-28T10:39:02.548749+00:00,-3.27,-32.75,40.29,5.08,82867,-2.36,2651.61,-2.11,TRX,0.14,ZEC,-6.48
2026-09-28T10:42:02.323480+00:00,-3.1,-32.41,40.29,5.08,82901,-2.34,2653.22,-2.07,TRX,0.15,ZEC,-6.56
2026-09-28T10:45:03.359425+00:00,-2.83,-31.86,40.29,5.08,82914,-2.29,2654.53,-2.01,TRX,0.19,ZEC,-6.5
2026-09-28T10:48:04.191346+00:00,-2.08,-31.98,41.91,6.67,82892,-2.3,2654.82,-1.99,TRX,0.19,ZEC,-6.68
2026-09-28T10:51:02.415726+00:00,-2.68,-33.18,41.91,6.67,82848,-2.38,2653.59,-2.08,TRX,0.19,ZEC,-6.69
2026-09-28T10:54:03.140478+00:00,-2.1,-32.02,41.91,6.67,82879,-2.28,2654.04,-2.03,TRX,0.16,ZEC,-6.62
2026-09-28T10:57:02.848959+00:00,-1.36,-30.53,41.91,6.67,82959,-2.17,2656.23,-1.93,TRX,0.15,ZEC,-6.32
2026-09-28T11:00:03.196578+00:00,-1.47,-30.75,41.91,6.67,82971,-2.19,2656.69,-1.93,TRX,0.13,ZEC,-6.14
2026-09-28T11:03:03.658560+00:00,-1.7,-31.21,41.91,6.67,82964,-2.23,2657.19,-1.92,TRX,0.1,ZEC,-6.4
2026-09-28T11:06:04.589954+00:00,-1.11,-30.66,42.96,6.67,82977,-2.21,2658.77,-1.84,TRX,0.06,ZEC,-6.14
2026-09-28T11:09:02.912841+00:00,-1.09,-30.62,42.96,6.67,82993,-2.22,2659.83,-1.79,TRX,0.06,ZEC,-6.03
2026-09-28T11:12:02.514609+00:00,-1.29,-31.02,42.96,6.67,82990,-2.24,2661.41,-1.78,TRX,0.06,ZEC,-6.16
2026-09-28T11:15:04.358168+00:00,-1.57,-31.58,42.96,6.67,82959,-2.28,2660.42,-1.82,TRX,0.01,ZEC,-6.27
2026-09-28T11:18:05.057026+00:00,-1.14,-30.73,42.96,6.67,82977,-2.23,2661.82,-1.73,USDC,-0.0,ZEC,-5.89
2026-09-28T11:21:02.809043+00:00,-0.38,-29.2,42.96,6.67,83008,-2.13,2663.44,-1.6,USDC,-0.01,ZEC,-5.71
2026-09-28T11:24:04.189383+00:00,-1.18,-30.42,42.33,6.67,82966,-2.21,2662.15,-1.68,USDC,-0.0,ZEC,-5.9
2026-09-28T11:27:03.458113+00:00,-1.17,-30.42,42.33,6.67,83005,-2.22,2664.39,-1.66,USDC,-0.0,ZEC,-5.87
2026-09-28T11:30:03.273578+00:00,-1.46,-30.99,42.33,6.67,82986,-2.26,2663.62,-1.7,USDC,-0.01,ZEC,-6.06
2026-09-28T11:33:03.098845+00:00,-1.29,-30.65,42.33,6.67,82990,-2.24,2663.4,-1.7,USDC,-0.01,ZEC,-6.04
2026-09-28T11:36:02.530995+00:00,-1.1,-30.27,42.33,6.67,82966,-2.21,2662.81,-1.66,USDC,-0.0,ZEC,-5.92
2026-09-28T11:39:02.272712+00:00,-0.74,-29.55,42.33,6.67,82988,-2.18,2664.11,-1.57,LEO,0.29,ZEC,-5.88
2026-09-28T11:42:04.262876+00:00,-0.16,-29.04,42.65,7.8,83019,-2.15,2665.51,-1.55,LEO,0.29,ZEC,-5.73
2026-09-28T11:45:03.771670+00:00,-0.11,-28.92,42.65,7.8,83048,-2.14,2667.08,-1.51,LEO,0.51,ZEC,-5.68
2026-09-28T11:48:03.014693+00:00,-0.24,-29.2,42.65,7.8,83054,-2.16,2666.03,-1.55,LEO,0.51,ZEC,-5.69
2026-09-28T11:51:02.648644+00:00,-0.33,-29.37,42.65,7.8,83024,-2.16,2664.77,-1.56,LEO,0.46,ZEC,-5.79
2026-09-28T11:54:02.394539+00:00,-0.84,-30.39,42.65,7.8,82965,-2.22,2663.12,-1.66,LEO,0.46,ZEC,-5.74
2026-09-28T11:57:03.118967+00:00,-1.24,-31.2,42.65,7.8,82966,-2.26,2663.2,-1.74,LEO,0.46,ZEC,-5.86
2026-09-28T12:00:06.481411+00:00,-0.5,-29.91,42.16,9.05,83011,-2.19,2665.41,-1.58,LEO,0.45,ZEC,-5.72
2026-09-28T12:03:03.258618+00:00,-0.5,-29.93,42.16,9.05,83052,-2.19,2667.92,-1.56,LEO,0.48,ZEC,-5.61
2026-09-28T12:06:02.941994+00:00,-0.97,-30.86,42.16,9.05,83029,-2.24,2665.99,-1.71,LEO,0.46,DOGE,-5.35
2026-09-28T12:09:02.963187+00:00,2.13,-24.66,42.16,9.05,83386,-1.83,2681.13,-1.14,LEO,0.45,ZEC,-4.29
2026-09-28T12:12:02.811261+00:00,2.34,-24.24,42.16,9.05,83341,-1.84,2685.02,-0.97,LEO,0.47,XMR,-4.39
2026-09-28T12:15:03.659887+00:00,1.92,-25.09,42.16,9.05,83418,-1.89,2685.36,-1.14,LEO,0.42,ZEC,-4.35
2026-09-28T12:18:06.571318+00:00,1.98,-25.61,43.25,9.05,83314,-1.95,2682.96,-1.16,LEO,0.38,DOGE,-4.31
2026-09-28T12:21:03.208532+00:00,2.53,-24.51,43.25,9.05,83302,-1.92,2682.9,-1.07,LINK,3.4,ZEC,-4.34
2026-09-28T12:24:02.571310+00:00,2.9,-23.77,43.25,9.05,83418,-1.87,2686.07,-1.06,LINK,3.49,XMR,-4.45
2026-09-28T12:27:03.601694+00:00,2.64,-24.29,43.25,9.05,83359,-1.89,2682.27,-1.17,LINK,3.31,ZEC,-4.51
2026-09-28T12:30:10.699954+00:00,2.88,-23.81,43.25,9.05,83351,-1.86,2681.06,-1.17,LINK,3.56,ZEC,-4.56
2026-09-28T12:33:02.868631+00:00,2.63,-24.31,43.25,9.05,83354,-1.89,2679.75,-1.22,XLM,3.93,ZEC,-4.65
2026-09-28T12:36:03.288829+00:00,2.3,-25.08,44.09,8.07,83295,-1.94,2677.78,-1.31,XLM,4.38,ZEC,-4.82
2026-09-28T12:39:03.048037+00:00,2.71,-24.27,44.09,8.07,83346,-1.88,2679.37,-1.23,XLM,4.88,ZEC,-4.64
2026-09-28T12:42:03.028350+00:00,1.83,-26.02,44.09,8.07,83307,-1.97,2677.23,-1.38,XLM,3.74,DOGE,-4.86
2026-09-28T12:45:04.256307+00:00,1.53,-26.62,44.09,8.07,83279,-2.01,2675.64,-1.44,XLM,4.21,ZEC,-5.17
2026-09-28T12:48:02.736372+00:00,3.01,-23.66,44.09,8.07,83358,-1.83,2679.54,-1.17,XLM,5.6,ZEC,-4.87
2026-09-28T12:51:02.656445+00:00,3.14,-23.4,44.09,8.07,83391,-1.82,2683.4,-1.1,XLM,5.64,ZEC,-4.88
2026-09-28T12:54:03.725741+00:00,2.2,-23.04,38.97,10.12,83404,-1.8,2683.34,-1.07,XLM,5.24,ZEC,-4.81
2026-09-28T12:57:03.068146+00:00,3.18,-21.06,38.97,10.12,83511,-1.67,2688.6,-0.89,XLM,4.82,DOGE,-4.32
2026-09-28T13:00:03.657190+00:00,3.86,-19.7,38.97,10.12,83554,-1.58,2689.17,-0.79,XLM,4.76,DOGE,-4.14
2026-09-28T13:03:03.660821+00:00,4.56,-18.31,38.97,10.12,83478,-1.47,2687.14,-0.6,XLM,5.14,FIGR_HELOC,-5.78
2026-09-28T13:06:02.596766+00:00,4.16,-19.1,38.97,10.12,83443,-1.52,2685.83,-0.67,XLM,4.91,FIGR_HELOC,-5.78
2026-09-28T13:09:02.676005+00:00,3.34,-20.75,38.97,10.12,83368,-1.65,2683.41,-0.76,XLM,3.91,FIGR_HELOC,-5.77
2026-09-28T13:12:03.715894+00:00,2.62,-21.16,39.37,6.94,83339,-1.68,2683.62,-0.76,XLM,3.97,FIGR_HELOC,-5.41
2026-09-28T13:15:03.586282+00:00,3.42,-19.56,39.37,6.94,83338,-1.56,2682.67,-0.63,XLM,4.0,FIGR_HELOC,-5.42
2026-09-28T13:18:05.057657+00:00,3.61,-19.18,39.37,6.94,83377,-1.55,2684.93,-0.59,XLM,3.79,FIGR_HELOC,-5.42
2026-09-28T13:21:02.436669+00:00,3.11,-20.18,39.37,6.94,83375,-1.61,2682.83,-0.73,XLM,3.63,FIGR_HELOC,-5.42
2026-09-28T13:24:03.160875+00:00,2.46,-21.47,39.37,6.94,83381,-1.7,2683.11,-0.85,XLM,3.47,FIGR_HELOC,-5.42
2026-09-28T13:27:03.060889+00:00,2.52,-21.37,39.37,6.94,83392,-1.7,2683.75,-0.81,XLM,3.64,FIGR_HELOC,-5.42
2026-09-28T13:30:04.849899+00:00,3.09,-20.73,38.64,9.32,83478,-1.66,2687.21,-0.74,XLM,4.31,FIGR_HELOC,-5.42
2026-09-28T13:33:02.481191+00:00,2.83,-21.25,38.64,9.32,83524,-1.67,2688.92,-0.76,XLM,3.62,FIGR_HELOC,-5.41
2026-09-28T13:36:02.318919+00:00,1.35,-24.2,38.64,9.32,83470,-1.88,2686.2,-1.01,LINK,2.93,FIGR_HELOC,-5.42
2026-09-28T13:39:02.973133+00:00,3.29,-20.32,38.64,9.32,83430,-1.63,2683.17,-0.68,LINK,3.75,FIGR_HELOC,-5.41
2026-09-28T13:42:03.110601+00:00,4.88,-17.15,38.64,9.32,83724,-1.41,2694.6,-0.44,LINK,4.57,FIGR_HELOC,-5.41
2026-09-28T13:45:03.853481+00:00,6.07,-14.77,38.64,9.32,83751,-1.27,2695.78,-0.29,LINK,4.48,ZEC,-3.27
2026-09-28T13:48:04.118291+00:00,5.36,-14.92,38.09,6.94,83731,-1.29,2696.85,-0.27,LINK,4.64,ZEC,-3.48
2026-09-28T13:51:03.028853+00:00,4.39,-16.84,38.09,6.94,83629,-1.42,2693.02,-0.42,LINK,4.58,ZEC,-3.89
2026-09-28T13:54:02.798196+00:00,3.24,-19.16,38.09,6.94,83489,-1.58,2688.55,-0.58,LINK,3.92,ZEC,-3.99
2026-09-28T13:57:02.570226+00:00,4.51,-16.61,38.09,6.94,83711,-1.38,2693.88,-0.45,LINK,4.48,ZEC,-3.8
2026-09-28T14:00:03.375685+00:00,3.1,-19.44,38.09,6.94,83644,-1.59,2691.62,-0.63,LINK,4.27,ZEC,-4.04
2026-09-28T14:03:03.257485+00:00,2.75,-20.12,38.09,6.94,83548,-1.63,2687.65,-0.68,LINK,3.73,ZEC,-4.27
2026-09-28T14:06:04.658027+00:00,2.29,-21.19,38.32,6.94,83463,-1.7,2684.02,-0.78,LINK,3.36,ZEC,-4.17
2026-09-28T14:09:03.074513+00:00,1.39,-22.98,38.32,6.94,83434,-1.83,2683.53,-0.9,LINK,2.85,DOGE,-4.27
2026-09-28T14:12:03.919067+00:00,1.68,-22.4,38.32,6.94,83497,-1.79,2685.76,-0.86,LINK,3.03,ZEC,-4.24
2026-09-28T14:15:03.864521+00:00,1.98,-21.8,38.32,6.94,83505,-1.74,2685.05,-0.78,LINK,2.96,DOGE,-4.17
2026-09-28T14:18:06.083101+00:00,0.28,-25.21,38.32,6.94,83358,-1.96,2679.67,-1.03,LINK,2.29,DOGE,-4.77
2026-09-28T14:21:03.210708+00:00,0.94,-23.88,38.32,6.94,83325,-1.88,2679.02,-0.89,LINK,2.22,DOGE,-4.56
2026-09-28T14:24:03.771645+00:00,2.26,-22.82,40.94,6.94,83407,-1.81,2681.19,-0.83,LINK,2.27,DOGE,-4.38
2026-09-28T14:27:03.656186+00:00,4.06,-19.22,40.94,6.94,83524,-1.56,2684.94,-0.48,LINK,2.72,DOGE,-4.09
2026-09-28T14:30:03.571534+00:00,4.05,-19.24,40.94,6.94,83406,-1.55,2679.76,-0.49,LINK,2.15,DOGE,-4.27
2026-09-28T14:33:03.058896+00:00,2.59,-22.16,40.94,6.94,83268,-1.74,2673.27,-0.72,LINK,1.79,DOGE,-4.74
2026-09-28T14:36:02.338031+00:00,2.26,-22.82,40.94,6.94,83237,-1.78,2672.69,-0.77,LINK,1.69,DOGE,-4.91
2026-09-28T14:39:02.225644+00:00,4.33,-18.67,40.94,6.94,83377,-1.53,2678.83,-0.37,LINK,2.52,DOGE,-4.27
2026-09-28T14:42:03.649414+00:00,4.77,-18.61,42.3,6.94,83398,-1.54,2680.28,-0.29,LINK,2.4,DOGE,-4.15
2026-09-28T14:45:03.986345+00:00,1.57,-25.02,42.3,6.94,83068,-1.98,2669.5,-0.77,LINK,1.7,DOGE,-5.07
2026-09-28T14:48:02.566605+00:00,0.92,-26.31,42.3,6.94,82926,-2.06,2662.3,-1.01,LINK,1.45,DOGE,-5.02
2026-09-28T14:51:03.120559+00:00,1.66,-24.84,42.3,6.94,82919,-1.91,2662.72,-0.94,LINK,1.63,DOGE,-4.89
2026-09-28T14:54:02.470892+00:00,2.23,-23.7,42.3,6.94,82988,-1.85,2667.35,-0.75,LINK,1.91,ADA,-4.7
2026-09-28T14:57:02.344133+00:00,0.67,-26.82,42.3,6.94,82771,-2.08,2659.47,-0.98,LINK,1.09,ADA,-5.01
2026-09-28T15:00:06.984366+00:00,1.42,-24.96,41.72,6.94,82866,-1.94,2662.8,-0.85,LINK,1.48,ADA,-4.84
2026-09-28T15:03:03.852464+00:00,2.39,-23.03,41.72,6.94,82985,-1.8,2666.28,-0.73,XLM,1.64,ADA,-4.58
2026-09-28T15:06:02.440376+00:00,3.35,-21.12,41.72,6.94,83019,-1.7,2668.53,-0.57,XLM,2.04,ADA,-4.08
2026-09-28T15:09:03.430692+00:00,2.72,-22.37,41.72,6.94,83010,-1.76,2668.65,-0.69,XLM,1.53,ADA,-4.43
2026-09-28T15:12:02.810077+00:00,3.96,-19.89,41.72,6.94,83070,-1.59,2670.52,-0.51,LINK,1.8,ADA,-4.16
2026-09-28T15:15:03.554831+00:00,2.36,-23.08,41.72,6.94,82955,-1.78,2664.2,-0.83,LINK,1.07,ADA,-4.66
2026-09-28T15:18:07.524740+00:00,1.17,-25.2,41.28,6.94,82926,-1.92,2663.22,-1.02,LINK,0.58,ADA,-5.05
2026-09-28T15:21:03.120019+00:00,0.51,-26.52,41.28,6.94,82853,-2.0,2659.39,-1.14,LINK,0.28,ADA,-5.25
2026-09-28T15:24:02.896719+00:00,0.6,-26.34,41.28,6.94,82880,-2.0,2659.54,-1.2,LINK,0.55,ADA,-5.14
2026-09-28T15:27:03.499260+00:00,0.88,-25.78,41.28,6.94,82877,-1.99,2659.5,-1.14,LINK,0.75,ADA,-4.67
2026-09-28T15:30:04.529455+00:00,2.24,-23.07,41.28,6.94,82937,-1.85,2664.19,-0.84,LINK,1.69,DOGE,-4.02
2026-09-28T15:33:02.395870+00:00,2.65,-22.23,41.28,6.94,83076,-1.77,2668.41,-0.77,LINK,1.35,ADA,-4.32
2026-09-28T15:36:04.691712+00:00,2.28,-21.46,37.36,9.02,83078,-1.71,2669.34,-0.7,LINK,1.4,ADA,-4.21
2026-09-28T15:39:03.143516+00:00,3.67,-18.68,37.36,9.02,83174,-1.51,2673.69,-0.47,LINK,1.99,DOGE,-3.75
2026-09-28T15:42:04.002109+00:00,3.82,-18.38,37.36,9.02,83224,-1.47,2675.87,-0.45,XLM,2.21,DOGE,-3.75
2026-09-28T15:45:06.463274+00:00,4.29,-17.44,37.36,9.02,83249,-1.41,2676.69,-0.41,XLM,2.42,ADA,-3.66
2026-09-28T15:48:02.368299+00:00,3.88,-18.26,37.36,9.02,83220,-1.45,2675.51,-0.5,XLM,2.52,ADA,-3.79
2026-09-28T15:51:03.232604+00:00,3.67,-18.68,37.36,9.02,83228,-1.48,2674.8,-0.58,XLM,2.48,ADA,-3.98
2026-09-28T15:54:04.940365+00:00,4.51,-17.52,38.23,9.02,83271,-1.4,2676.75,-0.52,XLM,2.58,ADA,-3.76
2026-09-28T15:57:03.203441+00:00,4.5,-17.54,38.23,9.02,83289,-1.38,2677.1,-0.52,XLM,2.49,ADA,-3.88
2026-09-28T16:00:04.257710+00:00,4.8,-16.96,38.23,9.02,83322,-1.32,2677.5,-0.49,XLM,2.36,ADA,-3.91
2026-09-28T16:03:04.259761+00:00,4.89,-16.77,38.23,9.02,83349,-1.3,2677.69,-0.45,XLM,2.47,ADA,-3.91
2026-09-28T16:06:03.212014+00:00,3.9,-18.75,38.23,9.02,83321,-1.43,2675.21,-0.61,XLM,2.31,ZEC,-4.57
2026-09-28T16:09:02.483852+00:00,3.39,-19.76,38.23,9.02,83280,-1.49,2672.92,-0.73,XLM,2.59,ZEC,-4.57
2026-09-28T16:12:04.395813+00:00,3.75,-17.62,39.16,4.06,83372,-1.36,2675.88,-0.57,XLM,3.18,ADA,-4.09
2026-09-28T16:15:03.658411+00:00,3.92,-17.28,39.16,4.06,83425,-1.33,2676.01,-0.6,LINK,3.55,ADA,-4.17
2026-09-28T16:18:07.472566+00:00,3.76,-17.61,39.16,4.06,83386,-1.34,2673.75,-0.68,LINK,3.87,ZEC,-4.33
2026-09-28T16:21:03.394849+00:00,5.61,-13.89,39.16,4.06,83558,-1.09,2680.16,-0.36,LINK,4.33,ZEC,-3.84
2026-09-28T16:24:02.974559+00:00,6.08,-12.95,39.16,4.06,83690,-1.07,2687.68,-0.22,LINK,4.53,ZEC,-3.57
2026-09-28T16:27:07.561134+00:00,8.64,-10.12,40.03,8.45,83766,-0.87,2689.74,-0.0,LINK,5.14,ZEC,-3.44
2026-09-28T16:30:04.059267+00:00,10.13,-7.14,40.03,8.45,84081,-0.67,2695.8,0.17,LINK,5.91,ZEC,-2.7
2026-09-28T16:33:02.397241+00:00,10.84,-5.72,40.03,8.45,84081,-0.53,2695.96,0.23,LINK,6.0,ZEC,-2.56
2026-09-28T16:36:03.099641+00:00,10.27,-6.87,40.03,8.45,83935,-0.61,2691.09,0.16,LINK,6.83,ZEC,-2.79
2026-09-28T16:39:02.792568+00:00,9.96,-7.49,40.03,8.45,83938,-0.64,2691.47,0.12,LINK,7.29,ZEC,-2.9
2026-09-28T16:42:02.463864+00:00,9.22,-8.95,40.03,8.45,83829,-0.74,2687.01,0.0,LINK,6.9,ADA,-3.15
2026-09-28T16:45:09.818309+00:00,8.19,-9.65,39.35,6.07,83780,-0.78,2685.89,-0.04,LINK,6.58,ZEC,-3.24
2026-09-28T16:48:03.308562+00:00,7.48,-11.09,39.35,6.07,83703,-0.88,2683.17,-0.17,LINK,6.18,ZEC,-3.57
2026-09-28T16:51:03.487607+00:00,7.44,-11.15,39.35,6.07,83635,-0.89,2682.12,-0.15,LINK,6.25,ZEC,-3.47
2026-09-28T16:54:03.115255+00:00,6.73,-12.58,39.35,6.07,83582,-1.0,2680.63,-0.23,LINK,5.91,ZEC,-3.77
2026-09-28T16:57:02.685837+00:00,7.74,-10.55,39.35,6.07,83669,-0.86,2685.4,-0.02,LINK,7.01,ZEC,-3.49
2026-09-28T17:00:03.760012+00:00,7.62,-10.8,39.35,6.07,83657,-0.88,2685.72,-0.0,LINK,7.61,ZEC,-3.52
2026-09-28T17:03:05.971560+00:00,7.32,-11.4,39.35,6.07,83632,-0.91,2684.46,-0.05,LINK,8.05,ZEC,-3.73
2026-09-28T17:06:02.550768+00:00,7.57,-10.89,39.35,6.07,83631,-0.87,2684.31,-0.06,LINK,9.05,ZEC,-3.69
2026-09-28T17:09:03.228032+00:00,7.13,-11.79,39.35,6.07,83625,-0.9,2683.99,-0.12,LINK,8.04,ZEC,-4.06
2026-09-28T17:12:03.345296+00:00,6.62,-12.8,39.35,6.07,83556,-0.97,2681.97,-0.19,LINK,7.62,ZEC,-3.97
2026-09-28T17:15:03.880669+00:00,10.11,-5.81,39.35,6.07,83958,-0.48,2696.54,0.34,LINK,8.83,ZEC,-2.97
2026-09-28T17:18:05.082351+00:00,11.54,-2.96,39.35,6.07,84109,-0.34,2711.47,0.85,LINK,8.99,ZEC,-2.92
2026-09-28T17:21:04.736202+00:00,11.31,-3.56,39.58,6.07,84093,-0.39,2712.24,0.89,LINK,8.98,ZEC,-3.23
2026-09-28T17:24:02.907467+00:00,10.74,-4.69,39.58,6.07,84026,-0.45,2707.72,0.74,LINK,8.66,ZEC,-3.19
2026-09-28T17:27:03.059404+00:00,10.49,-5.2,39.58,6.07,83999,-0.51,2708.06,0.77,LINK,8.42,ZEC,-3.32
2026-09-28T17:30:03.560661+00:00,9.56,-7.06,39.58,6.07,83889,-0.63,2700.94,0.53,LINK,7.82,ZEC,-3.53
2026-09-28T17:33:02.643267+00:00,9.62,-6.93,39.58,6.07,83935,-0.62,2700.16,0.46,LINK,7.72,ZEC,-3.44
2026-09-28T17:36:02.910629+00:00,9.41,-7.36,39.58,6.07,83915,-0.65,2701.37,0.48,LINK,7.42,ZEC,-3.7
2026-09-28T17:39:03.732885+00:00,8.97,-7.76,38.8,6.07,83911,-0.69,2699.49,0.44,LINK,7.58,ZEC,-3.67
2026-09-28T17:42:02.526444+00:00,9.26,-7.19,38.8,6.07,83911,-0.63,2698.05,0.43,LINK,7.74,ZEC,-3.7
2026-09-28T17:45:04.237980+00:00,9.32,-7.07,38.8,6.07,83932,-0.62,2699.88,0.47,LINK,7.75,ZEC,-3.72
2026-09-28T17:48:03.002868+00:00,9.58,-6.55,38.8,6.07,84008,-0.56,2701.45,0.49,LINK,7.73,ZEC,-3.67
2026-09-28T17:51:05.201145+00:00,8.58,-8.54,38.8,6.07,83935,-0.71,2698.78,0.31,LINK,7.56,ZEC,-3.75
2026-09-28T17:54:03.620616+00:00,8.06,-9.6,38.8,6.07,83872,-0.79,2695.58,0.2,LINK,7.31,ZEC,-3.75
2026-09-28T17:57:04.351458+00:00,7.9,-9.65,38.37,6.07,83876,-0.79,2694.41,0.14,LINK,6.87,ZEC,-3.52
2026-09-28T18:00:04.362800+00:00,8.08,-9.3,38.37,6.07,83896,-0.78,2695.91,0.19,LINK,7.08,ZEC,-3.63
2026-09-28T18:03:03.858412+00:00,7.65,-10.16,38.37,6.07,83838,-0.84,2693.25,0.12,LINK,7.34,ZEC,-3.68
2026-09-28T18:06:02.821184+00:00,8.45,-8.54,38.37,6.07,83918,-0.74,2696.7,0.26,LINK,7.94,ZEC,-3.88
2026-09-28T18:09:03.225502+00:00,8.25,-8.95,38.37,6.07,83905,-0.77,2695.41,0.21,LINK,7.96,ZEC,-4.02
2026-09-28T18:12:03.319565+00:00,7.97,-9.5,38.37,6.07,83893,-0.79,2694.85,0.15,LINK,7.52,ZEC,-3.98
2026-09-28T18:15:05.801802+00:00,8.28,-9.07,38.66,6.07,83929,-0.77,2696.4,0.17,LINK,8.14,ZEC,-3.8
2026-09-28T18:18:07.955348+00:00,7.96,-9.71,38.66,6.07,83950,-0.8,2697.69,0.12,LINK,8.26,ZEC,-4.1
2026-09-28T18:21:03.082275+00:00,7.74,-10.15,38.66,6.07,83912,-0.84,2696.11,0.07,LINK,8.0,ZEC,-4.25
2026-09-28T18:24:03.405544+00:00,6.85,-11.92,38.66,6.07,83901,-0.93,2694.43,-0.11,LINK,7.25,ZEC,-4.55
2026-09-28T18:27:03.183655+00:00,7.46,-10.7,38.66,6.07,83939,-0.86,2695.55,0.04,XLM,7.79,ZEC,-4.5
2026-09-28T18:30:03.461356+00:00,6.93,-11.77,38.66,6.07,83954,-0.92,2695.99,-0.04,LINK,7.14,ZEC,-4.45
2026-09-28T18:33:04.465288+00:00,6.38,-11.92,39.9,1.86,83886,-0.93,2693.28,-0.05,XLM,7.55,ZEC,-4.37
2026-09-28T18:36:02.510372+00:00,5.46,-13.77,39.9,1.86,83815,-1.06,2689.6,-0.26,XLM,7.7,ZEC,-4.61
2026-09-28T18:39:02.196288+00:00,5.65,-13.38,39.9,1.86,83840,-1.04,2689.69,-0.24,XLM,7.85,ZEC,-4.78
2026-09-28T18:42:03.306101+00:00,5.25,-14.17,39.9,1.86,83801,-1.08,2688.27,-0.29,LINK,7.01,ZEC,-5.14
2026-09-28T18:45:03.558486+00:00,5.09,-14.51,39.9,1.86,83817,-1.09,2687.96,-0.32,LINK,7.14,ZEC,-5.45
2026-09-28T18:48:03.029884+00:00,4.95,-14.78,39.9,1.86,83808,-1.1,2688.64,-0.33,LINK,7.07,ZEC,-5.76
2026-09-28T18:51:04.481362+00:00,5.6,-13.76,40.36,1.86,83860,-1.03,2690.51,-0.22,LINK,6.97,ZEC,-5.89
2026-09-28T18:54:02.722753+00:00,6.04,-12.89,40.36,1.86,83884,-0.98,2692.52,-0.16,LINK,7.13,ZEC,-5.98
2026-09-28T18:57:02.928371+00:00,6.81,-11.34,40.36,1.86,83960,-0.88,2695.95,-0.0,LINK,7.97,ZEC,-5.71
2026-09-28T19:00:03.959748+00:00,6.49,-11.97,40.36,1.86,83982,-0.93,2697.47,0.02,LINK,7.91,ZEC,-6.16
2026-09-28T19:03:04.179278+00:00,6.77,-11.42,40.36,1.86,83990,-0.89,2698.14,0.08,LINK,7.79,ZEC,-5.93
2026-09-28T19:06:03.437747+00:00,6.08,-12.81,40.36,1.86,83895,-0.98,2693.68,-0.0,LINK,7.77,ZEC,-6.74
2026-09-28T19:09:05.067189+00:00,5.44,-14.61,41.23,1.86,83779,-1.12,2689.78,-0.15,LINK,7.52,ZEC,-7.07
2026-09-28T19:12:03.202542+00:00,4.04,-17.4,41.23,1.86,83657,-1.3,2684.91,-0.36,LINK,6.91,ZEC,-7.71
2026-09-28T19:15:04.073640+00:00,4.15,-17.18,41.23,1.86,83678,-1.3,2685.12,-0.35,LINK,7.74,ZEC,-7.3
2026-09-28T19:18:09.264191+00:00,4.0,-17.47,41.23,1.86,83683,-1.31,2684.9,-0.36,LINK,7.78,ZEC,-7.63
2026-09-28T19:21:02.723233+00:00,3.73,-18.02,41.23,1.86,83681,-1.33,2683.89,-0.45,LINK,7.36,ZEC,-7.75
2026-09-28T19:24:02.307548+00:00,3.96,-17.56,41.23,1.86,83669,-1.3,2683.17,-0.4,LINK,7.16,ZEC,-7.7
2026-09-28T19:27:05.665442+00:00,3.04,-17.89,38.71,1.86,83651,-1.31,2681.94,-0.44,LINK,7.04,ZEC,-8.08
2026-09-28T19:30:03.158654+00:00,3.81,-16.35,38.71,1.86,83655,-1.2,2682.24,-0.35,LINK,7.4,ZEC,-7.86
2026-09-28T19:33:03.729264+00:00,3.41,-17.14,38.71,1.86,83608,-1.25,2680.5,-0.41,LINK,7.36,ZEC,-8.16
2026-09-28T19:36:02.226171+00:00,3.04,-17.9,38.71,1.86,83614,-1.31,2681.13,-0.45,LINK,6.89,ZEC,-8.27
2026-09-28T19:39:03.007334+00:00,1.18,-21.61,38.71,1.86,83427,-1.56,2673.27,-0.76,LINK,6.14,ZEC,-9.17
2026-09-28T19:42:03.290660+00:00,0.05,-23.87,38.71,1.86,83196,-1.74,2666.86,-0.9,LINK,5.99,ZEC,-9.42
2026-09-28T19:45:05.751129+00:00,-0.8,-25.03,37.81,1.86,83202,-1.86,2668.88,-0.92,LINK,6.32,ZEC,-8.89
2026-09-28T19:48:03.107957+00:00,-0.13,-23.68,37.81,1.86,83315,-1.75,2672.67,-0.81,LINK,6.52,ZEC,-9.1
2026-09-28T19:51:02.644695+00:00,-0.4,-24.23,37.81,1.86,83275,-1.79,2670.31,-0.89,LINK,6.66,ZEC,-9.59
2026-09-28T19:54:02.808015+00:00,0.45,-22.52,37.81,1.86,83334,-1.68,2672.63,-0.76,LINK,7.27,ZEC,-8.82
2026-09-28T19:57:02.561489+00:00,0.84,-21.74,37.81,1.86,83360,-1.62,2674.73,-0.65,LINK,7.38,ZEC,-9.18
2026-09-28T20:00:03.592485+00:00,0.85,-21.74,37.81,1.86,83362,-1.6,2673.84,-0.65,LINK,7.3,ZEC,-9.48
2026-09-28T20:03:06.777072+00:00,1.38,-21.89,38.64,3.67,83384,-1.59,2673.51,-0.69,LINK,7.43,ZEC,-9.54
2026-09-28T20:06:02.828087+00:00,1.13,-22.39,38.64,3.67,83375,-1.63,2675.34,-0.68,LINK,7.6,ZEC,-9.33
2026-09-28T20:09:02.195330+00:00,2.41,-19.83,38.64,3.67,83477,-1.47,2679.77,-0.47,LINK,8.11,ZEC,-8.65
2026-09-28T20:12:03.050734+00:00,2.74,-19.16,38.64,3.67,83539,-1.44,2683.86,-0.38,LINK,8.17,ZEC,-8.49
2026-09-28T20:15:03.858994+00:00,2.31,-20.04,38.64,3.67,83526,-1.49,2683.35,-0.43,LINK,7.65,ZEC,-8.79
2026-09-28T20:18:04.661255+00:00,2.5,-19.65,38.64,3.67,83519,-1.47,2683.64,-0.39,LINK,7.69,ZEC,-8.75
2026-09-28T20:21:05.539182+00:00,3.93,-20.61,41.55,8.83,83470,-1.53,2681.11,-0.51,LINK,7.32,ZEC,-8.63
2026-09-28T20:24:02.877712+00:00,5.08,-18.31,41.55,8.83,83495,-1.38,2681.73,-0.35,LINK,7.87,ZEC,-8.65
2026-09-28T20:27:04.223369+00:00,5.49,-17.48,41.55,8.83,83492,-1.33,2681.04,-0.3,LINK,8.69,ZEC,-8.34
2026-09-28T20:30:03.361263+00:00,5.57,-17.33,41.55,8.83,83497,-1.31,2679.88,-0.33,LINK,8.54,ZEC,-8.4
2026-09-28T20:33:03.655688+00:00,5.16,-18.14,41.55,8.83,83458,-1.38,2678.9,-0.38,LINK,8.77,ZEC,-8.34
2026-09-28T20:36:03.321283+00:00,5.73,-17.0,41.55,8.83,83503,-1.27,2680.98,-0.32,LINK,8.73,ZEC,-8.49
2026-09-28T20:39:03.571510+00:00,5.46,-16.78,41.63,6.81,83516,-1.25,2680.55,-0.32,LINK,8.54,ZEC,-8.53
2026-09-28T20:42:02.597535+00:00,5.3,-17.09,41.63,6.81,83504,-1.27,2680.49,-0.33,LINK,8.58,ZEC,-8.7
2026-09-28T20:45:03.684308+00:00,5.41,-16.88,41.63,6.81,83529,-1.26,2681.71,-0.31,LINK,9.13,ZEC,-8.64
2026-09-28T20:48:02.983849+00:00,4.71,-18.29,41.63,6.81,83457,-1.35,2679.39,-0.4,LINK,8.69,ZEC,-9.14
2026-09-28T20:51:02.975460+00:00,5.37,-16.95,41.63,6.81,83462,-1.29,2680.22,-0.25,LINK,8.73,ZEC,-8.53
2026-09-28T20:54:02.717873+00:00,5.05,-17.6,41.63,6.81,83428,-1.33,2678.93,-0.32,LINK,8.76,ZEC,-8.66
2026-09-28T20:57:04.060988+00:00,5.45,-16.79,41.63,6.81,83455,-1.28,2679.75,-0.23,LINK,8.75,ZEC,-8.95
2026-09-28T21:00:03.557604+00:00,5.84,-16.02,41.63,6.81,83498,-1.23,2681.39,-0.16,LINK,8.9,ZEC,-8.98
2026-09-28T21:03:03.558095+00:00,6.32,-15.05,41.63,6.81,83565,-1.17,2684.62,-0.07,LINK,9.47,ZEC,-8.85
2026-09-28T21:06:02.954273+00:00,6.21,-15.29,41.63,6.81,83591,-1.2,2686.07,-0.08,LINK,9.54,ZEC,-8.81
2026-09-28T21:09:02.918317+00:00,6.35,-15.0,41.63,6.81,83609,-1.17,2688.04,0.01,LINK,9.42,ZEC,-8.93
2026-09-28T21:12:03.040298+00:00,6.03,-15.64,41.63,6.81,83586,-1.21,2686.47,-0.05,LINK,9.29,ZEC,-9.0
2026-09-28T21:15:06.798723+00:00,5.31,-16.81,42.05,5.53,83579,-1.27,2686.67,-0.13,LINK,9.05,ZEC,-9.1
2026-09-28T21:18:04.870344+00:00,5.07,-17.3,42.05,5.53,83555,-1.3,2685.51,-0.15,LINK,8.75,ZEC,-9.33
2026-09-28T21:21:02.740751+00:00,4.39,-18.66,42.05,5.53,83492,-1.38,2682.91,-0.24,LINK,8.44,ZEC,-9.65
2026-09-28T21:24:02.627509+00:00,4.45,-18.55,42.05,5.53,83474,-1.39,2681.95,-0.26,LINK,8.57,ZEC,-9.23
2026-09-28T21:27:03.284030+00:00,4.16,-19.13,42.05,5.53,83445,-1.43,2681.19,-0.3,LINK,8.68,ZEC,-9.28
2026-09-28T21:30:03.821112+00:00,4.51,-18.42,42.05,5.53,83432,-1.38,2679.95,-0.25,LINK,9.15,ZEC,-9.4
2026-09-28T21:33:04.613073+00:00,4.4,-18.25,41.38,5.53,83438,-1.38,2681.13,-0.21,LINK,9.06,ZEC,-9.37
2026-09-28T21:36:02.902233+00:00,4.29,-18.47,41.38,5.53,83412,-1.39,2679.11,-0.27,LINK,8.94,ZEC,-9.14
2026-09-28T21:39:02.453555+00:00,5.65,-15.75,41.38,5.53,83433,-1.24,2681.07,0.04,LINK,9.34,ZEC,-8.1
2026-09-28T21:42:02.440741+00:00,5.05,-16.94,41.38,5.53,83400,-1.3,2679.13,-0.02,LINK,8.9,ZEC,-8.49
2026-09-28T21:45:03.371977+00:00,4.69,-17.67,41.38,5.53,83401,-1.34,2679.84,-0.08,LINK,8.59,ZEC,-8.4
2026-09-28T21:48:02.849100+00:00,4.19,-18.66,41.38,5.53,83403,-1.42,2679.73,-0.13,LINK,8.41,ZEC,-8.44
2026-09-28T21:51:04.591286+00:00,3.96,-20.02,41.69,7.34,83373,-1.51,2677.59,-0.26,LINK,8.06,ZEC,-8.34
2026-09-28T21:54:02.517396+00:00,3.51,-20.93,41.69,7.34,83321,-1.58,2676.46,-0.28,LINK,8.09,ZEC,-8.48
2026-09-28T21:57:02.381271+00:00,2.84,-22.26,41.69,7.34,83235,-1.7,2675.18,-0.35,LINK,7.94,ZEC,-8.59
2026-09-28T22:00:02.768136+00:00,2.81,-22.34,41.69,7.34,83224,-1.71,2674.46,-0.37,LINK,7.95,ZEC,-8.48
2026-09-28T22:03:03.858962+00:00,3.81,-20.34,41.69,7.34,83175,-1.59,2672.73,-0.2,LINK,8.27,ZEC,-7.77
2026-09-28T22:06:03.069351+00:00,4.25,-19.44,41.69,7.34,83108,-1.52,2670.06,-0.14,LINK,8.04,ZEC,-7.88
2026-09-28T22:09:04.732320+00:00,3.64,-20.79,41.87,7.34,83125,-1.58,2669.4,-0.29,LINK,7.7,ZEC,-8.41
2026-09-28T22:12:02.809998+00:00,4.28,-19.49,41.87,7.34,83147,-1.49,2671.13,-0.17,LINK,7.96,ZEC,-8.37
2026-09-28T22:15:04.060990+00:00,5.24,-17.58,41.87,7.34,83174,-1.35,2671.15,-0.07,LINK,7.96,ZEC,-8.1
2026-09-28T22:18:05.464886+00:00,4.76,-18.53,41.87,7.34,83143,-1.44,2670.57,-0.15,LINK,7.89,ZEC,-8.18
2026-09-28T22:21:03.010309+00:00,4.59,-18.87,41.87,7.34,83191,-1.46,2673.4,-0.16,LINK,7.94,ZEC,-8.01
2026-09-28T22:24:02.709034+00:00,4.19,-19.68,41.87,7.34,83194,-1.51,2673.29,-0.24,LINK,7.52,ZEC,-8.2
2026-09-28T22:27:05.964770+00:00,3.73,-20.6,41.87,7.34,83185,-1.56,2672.59,-0.34,LINK,7.32,ZEC,-8.31
2026-09-28T22:30:03.460766+00:00,3.55,-20.97,41.87,7.34,83194,-1.59,2673.57,-0.39,LINK,7.19,ZEC,-8.4
2026-09-28T22:33:02.670589+00:00,4.4,-19.25,41.87,7.34,83212,-1.48,2674.89,-0.25,LINK,7.47,ZEC,-8.21
2026-09-28T22:36:02.383915+00:00,6.72,-14.61,41.87,7.34,83277,-1.15,2676.15,0.11,LINK,7.85,ZEC,-7.71
2026-09-28T22:39:03.498369+00:00,7.64,-12.78,41.87,7.34,83357,-1.01,2679.62,0.26,LINK,8.11,ZEC,-7.5
2026-09-28T22:42:02.696000+00:00,8.37,-11.32,41.87,7.34,83427,-0.92,2683.29,0.44,LINK,8.26,ZEC,-7.18
2026-09-28T22:45:05.324230+00:00,9.28,-10.61,43.73,7.34,83451,-0.87,2683.6,0.47,LINK,8.42,ZEC,-7.15
2026-09-28T22:48:02.636184+00:00,9.75,-9.68,43.73,7.34,83471,-0.8,2684.42,0.54,LINK,8.92,ZEC,-7.22
2026-09-28T22:51:02.327756+00:00,9.37,-10.44,43.73,7.34,83460,-0.84,2683.99,0.47,LINK,8.94,ZEC,-7.27
2026-09-28T22:54:02.877470+00:00,9.27,-10.64,43.73,7.34,83488,-0.85,2684.8,0.42,LINK,8.84,ZEC,-7.33
2026-09-28T22:57:02.512028+00:00,9.12,-10.93,43.73,7.34,83490,-0.87,2685.12,0.38,LINK,8.75,ZEC,-7.26
2026-09-28T23:00:02.601148+00:00,9.31,-10.56,43.73,7.34,83503,-0.83,2685.83,0.38,LINK,9.03,ZEC,-7.21
2026-09-28T23:03:05.287103+00:00,8.99,-11.22,43.78,7.34,83519,-0.86,2686.72,0.28,LINK,9.31,ZEC,-7.27
2026-09-28T23:06:02.995001+00:00,9.59,-10.03,43.78,7.34,83556,-0.79,2688.88,0.39,LINK,9.92,ZEC,-6.76
2026-09-28T23:09:03.114678+00:00,9.77,-9.67,43.78,7.34,83511,-0.8,2689.77,0.54,LINK,9.68,ZEC,-6.78
2026-09-28T23:12:02.888681+00:00,9.96,-9.28,43.78,7.34,83517,-0.76,2690.13,0.58,LINK,9.94,ZEC,-6.85
2026-09-28T23:15:04.062087+00:00,8.7,-11.81,43.78,7.34,83456,-0.95,2688.03,0.39,LINK,9.49,ZEC,-6.98
2026-09-28T23:18:04.857280+00:00,8.79,-11.63,43.78,7.34,83460,-0.93,2686.35,0.31,LINK,9.84,ZEC,-6.78
2026-09-28T23:21:05.505166+00:00,8.36,-11.97,43.07,7.1,83473,-0.96,2687.54,0.28,LINK,10.13,ZEC,-6.65
2026-09-28T23:24:03.308206+00:00,7.99,-12.71,43.07,7.1,83461,-1.02,2687.53,0.21,LINK,10.04,ZEC,-6.67
2026-09-28T23:27:03.555301+00:00,7.98,-12.73,43.07,7.1,83500,-1.0,2687.78,0.14,LINK,9.92,ZEC,-6.65
2026-09-28T23:30:21.491872+00:00,8.05,-12.59,43.07,7.1,83541,-1.0,2689.65,0.17,LINK,10.22,ZEC,-6.61
2026-09-28T23:33:02.644140+00:00,7.94,-12.8,43.07,7.1,83571,-1.01,2690.17,0.14,LINK,10.21,ZEC,-6.77
2026-09-28T23:36:02.709193+00:00,8.12,-12.44,43.07,7.1,83559,-0.99,2690.34,0.17,LINK,10.15,ZEC,-6.84
2026-09-28T23:39:04.905512+00:00,7.66,-12.29,41.29,7.1,83558,-0.98,2691.28,0.21,LINK,10.52,ZEC,-6.87
2026-09-28T23:42:03.119842+00:00,7.64,-12.33,41.29,7.1,83566,-0.97,2690.97,0.19,LINK,10.46,ZEC,-6.91
2026-09-28T23:45:03.696535+00:00,8.2,-11.21,41.29,7.1,83572,-0.91,2690.89,0.28,LINK,10.55,ZEC,-6.67
2026-09-28T23:48:03.138881+00:00,7.76,-12.1,41.29,7.1,83568,-0.97,2690.99,0.23,LINK,10.02,ZEC,-6.82
2026-09-28T23:51:03.158826+00:00,7.1,-13.41,41.29,7.1,83532,-1.06,2689.54,0.13,LINK,9.92,ZEC,-6.88
2026-09-28T23:54:02.795686+00:00,6.55,-14.52,41.29,7.1,83511,-1.13,2688.71,-0.0,LINK,9.89,ZEC,-6.93
2026-09-28T23:57:04.392955+00:00,6.49,-14.04,39.48,8.35,83535,-1.11,2689.84,0.03,LINK,10.15,ZEC,-6.64
2026-09-29T00:00:05.188514+00:00,6.84,-13.34,39.48,8.35,83536,-1.08,2689.71,0.11,LINK,10.16,ZEC,-6.47
2026-09-29T00:03:03.561797+00:00,6.01,-15.0,39.48,8.35,83465,-1.2,2687.46,-0.05,LINK,10.26,ZEC,-6.57
2026-09-29T00:06:02.922551+00:00,5.95,-15.13,39.48,8.35,83481,-1.24,2688.96,-0.03,LINK,10.95,ZEC,-6.37
2026-09-29T00:09:03.168936+00:00,6.61,-13.8,39.48,8.35,83489,-1.15,2689.93,0.06,LINK,11.08,ZEC,-6.01
2026-09-29T00:12:03.204082+00:00,7.25,-12.53,39.48,8.35,83498,-1.07,2689.66,0.15,LINK,11.24,ZEC,-5.42
2026-09-29T00:15:06.040402+00:00,6.64,-12.85,39.96,5.39,83469,-1.08,2688.24,0.12,LINK,11.44,ZEC,-5.85
2026-09-29T00:18:06.658793+00:00,6.2,-13.72,39.96,5.39,83491,-1.12,2688.79,0.07,LINK,11.4,ZEC,-6.04
2026-09-29T00:21:03.206153+00:00,3.88,-18.38,39.96,5.39,83399,-1.44,2685.12,-0.23,LINK,10.72,ZEC,-6.65
2026-09-29T00:24:02.763200+00:00,1.85,-22.43,39.96,5.39,83392,-1.77,2684.36,-0.43,LINK,10.16,ZEC,-7.24
2026-09-29T00:27:03.658495+00:00,1.74,-22.65,39.96,5.39,83348,-1.77,2683.22,-0.47,LINK,9.79,ZEC,-7.26
2026-09-29T00:30:03.571586+00:00,3.24,-19.66,39.96,5.39,83406,-1.56,2684.81,-0.21,LINK,10.17,ZEC,-6.88
2026-09-29T00:33:04.129151+00:00,5.96,-15.33,39.37,9.06,83525,-1.25,2688.98,0.17,LINK,10.88,ZEC,-6.14
2026-09-29T00:36:03.476285+00:00,8.79,-9.67,39.37,9.06,83534,-0.86,2691.65,0.61,LINK,11.92,ZEC,-5.66
2026-09-29T00:39:01.991515+00:00,9.03,-9.18,39.37,9.06,83576,-0.83,2693.39,0.62,LINK,12.09,ZEC,-5.6
2026-09-29T00:42:02.653430+00:00,8.87,-9.5,39.37,9.06,83508,-0.87,2689.9,0.58,LINK,11.92,ZEC,-5.55
2026-09-29T00:45:04.330910+00:00,8.53,-10.19,39.37,9.06,83479,-0.92,2689.05,0.51,LINK,11.9,ZEC,-5.41
2026-09-29T00:48:02.741958+00:00,7.05,-13.15,39.37,9.06,83451,-1.08,2687.64,0.26,LINK,11.45,ZEC,-5.95
2026-09-29T00:51:04.475274+00:00,4.66,-16.6,39.6,5.39,83419,-1.31,2686.86,-0.02,LINK,10.48,ZEC,-6.42
2026-09-29T00:54:02.991708+00:00,3.76,-18.4,39.6,5.39,83318,-1.42,2682.11,-0.15,LINK,10.09,ZEC,-6.96
2026-09-29T00:57:02.763778+00:00,4.49,-16.93,39.6,5.39,83263,-1.31,2679.77,-0.05,LINK,10.07,ZEC,-7.17
2026-09-29T01:00:15.486350+00:00,5.46,-14.99,39.6,5.39,83197,-1.16,2678.51,0.14,LINK,10.06,ZEC,-7.7
2026-09-29T01:03:02.981233+00:00,5.52,-14.88,39.6,5.39,83142,-1.14,2676.5,0.09,LINK,9.8,ZEC,-7.87
2026-09-29T01:06:03.007560+00:00,6.13,-13.65,39.6,5.39,83185,-1.07,2678.69,0.22,LINK,10.21,ZEC,-7.59
2026-09-29T01:09:04.855354+00:00,4.71,-16.36,39.37,5.39,83131,-1.21,2675.18,-0.06,LINK,9.01,ZEC,-8.36
2026-09-29T01:12:02.512474+00:00,4.41,-16.96,39.37,5.39,83065,-1.26,2672.92,-0.08,LINK,8.95,ZEC,-7.96
2026-09-29T01:15:03.057479+00:00,4.97,-15.83,39.37,5.39,83010,-1.17,2669.65,0.0,LINK,9.13,ZEC,-8.89
2026-09-29T01:18:06.456206+00:00,5.29,-15.19,39.37,5.39,83003,-1.12,2669.94,0.05,LINK,9.37,ZEC,-9.49
2026-09-29T01:21:03.505918+00:00,4.46,-16.86,39.37,5.39,82923,-1.2,2666.06,-0.09,LINK,9.02,ZEC,-10.41
2026-09-29T01:24:02.879418+00:00,3.25,-19.27,39.37,5.39,82921,-1.34,2664.48,-0.31,LINK,8.62,ZEC,-11.73
2026-09-29T01:27:06.076189+00:00,3.31,-19.3,39.6,5.39,82984,-1.33,2666.64,-0.31,LINK,8.96,ZEC,-11.68
2026-09-29T01:30:18.347565+00:00,2.94,-20.04,39.6,5.39,82923,-1.35,2663.82,-0.37,LINK,8.36,ZEC,-11.94
2026-09-29T01:33:02.386328+00:00,2.86,-20.2,39.6,5.39,82851,-1.36,2660.67,-0.41,LINK,8.39,ZEC,-11.72
2026-09-29T01:36:02.914406+00:00,3.13,-19.66,39.6,5.39,82875,-1.31,2662.29,-0.36,LINK,8.37,ZEC,-11.63
2026-09-29T01:39:03.121119+00:00,2.8,-20.32,39.6,5.39,82813,-1.34,2659.14,-0.43,LINK,8.07,ZEC,-11.87
2026-09-29T01:42:03.037506+00:00,3.35,-19.22,39.6,5.39,82833,-1.26,2658.95,-0.33,LINK,8.17,ZEC,-11.73
2026-09-29T01:45:06.457758+00:00,5.57,-15.98,40.3,7.33,82929,-1.07,2662.47,-0.1,LINK,9.2,ZEC,-11.13
2026-09-29T01:48:03.466794+00:00,5.72,-15.68,40.3,7.33,82951,-1.05,2663.88,-0.07,LINK,8.8,ZEC,-11.09
2026-09-29T01:51:02.609397+00:00,6.67,-13.76,40.3,7.33,82971,-0.95,2663.65,0.18,LINK,8.76,ZEC,-10.89
2026-09-29T01:54:02.175521+00:00,5.98,-15.15,40.3,7.33,82907,-1.02,2661.24,0.09,LINK,7.91,ZEC,-11.05
2026-09-29T01:57:03.416662+00:00,6.88,-13.35,40.3,7.33,83001,-0.91,2664.93,0.23,LINK,8.38,ZEC,-10.77
2026-09-29T02:00:03.658185+00:00,7.34,-12.44,40.3,7.33,83000,-0.84,2664.36,0.28,LINK,8.52,ZEC,-10.85
2026-09-29T02:03:06.384511+00:00,9.58,-9.3,40.52,10.35,83061,-0.61,2665.8,0.47,LINK,8.86,ZEC,-10.61
2026-09-29T02:06:02.796471+00:00,8.52,-11.42,40.52,10.35,82992,-0.72,2662.18,0.26,LINK,8.22,ZEC,-11.02
2026-09-29T02:09:03.041346+00:00,8.63,-11.19,40.52,10.35,82948,-0.71,2659.74,0.31,LINK,8.45,ZEC,-11.22
2026-09-29T02:12:02.800526+00:00,7.72,-13.0,40.52,10.35,82960,-0.8,2658.63,0.1,LINK,8.02,ZEC,-11.48
2026-09-29T02:15:05.369025+00:00,6.98,-14.48,40.52,10.35,82958,-0.88,2658.77,-0.04,LINK,7.65,ZEC,-12.04
2026-09-29T02:18:08.623015+00:00,7.57,-13.45,40.74,10.35,83021,-0.82,2660.85,0.05,LINK,7.86,ZEC,-11.64
2026-09-29T02:21:02.952185+00:00,8.25,-12.09,40.74,10.35,83038,-0.73,2660.64,0.15,LINK,7.78,ZEC,-11.79
2026-09-29T02:24:02.714590+00:00,9.34,-9.9,40.74,10.35,83070,-0.57,2660.79,0.31,LINK,8.04,ZEC,-12.07
2026-09-29T02:27:03.459477+00:00,7.65,-13.29,40.74,10.35,82990,-0.78,2656.85,0.01,LINK,7.13,ZEC,-12.97
2026-09-29T02:30:02.965644+00:00,7.31,-13.96,40.74,10.35,82959,-0.83,2655.73,-0.03,LINK,6.93,ZEC,-12.71
2026-09-29T02:33:02.956824+00:00,8.01,-12.57,40.74,10.35,82962,-0.73,2655.87,0.09,LINK,7.38,ZEC,-12.68
2026-09-29T02:36:04.423863+00:00,8.09,-13.14,41.96,10.35,82909,-0.76,2653.63,0.01,LINK,7.14,ZEC,-12.96
2026-09-29T02:39:03.396948+00:00,8.52,-12.28,41.96,10.35,82892,-0.71,2652.76,0.05,LINK,6.99,ZEC,-12.62
2026-09-29T02:42:03.034778+00:00,9.14,-11.03,41.96,10.35,82972,-0.64,2656.99,0.13,LINK,7.16,ZEC,-12.13
2026-09-29T02:45:03.684366+00:00,9.12,-11.08,41.96,10.35,82962,-0.65,2657.22,0.14,LINK,6.91,ZEC,-12.26
2026-09-29T02:48:02.831186+00:00,10.52,-8.28,41.96,10.35,83035,-0.46,2659.64,0.33,LINK,7.07,ZEC,-11.78
2026-09-29T02:51:02.684813+00:00,10.26,-8.81,41.96,10.35,83027,-0.5,2658.53,0.28,LINK,6.58,ZEC,-11.86
2026-09-29T02:54:03.917705+00:00,9.41,-10.61,42.17,10.35,82907,-0.61,2654.55,0.13,LINK,6.08,ZEC,-12.49
2026-09-29T02:57:02.636648+00:00,9.66,-10.13,42.17,10.35,82939,-0.57,2655.37,0.12,LINK,6.28,ZEC,-12.45
2026-09-29T03:00:03.082746+00:00,9.79,-9.87,42.17,10.35,82932,-0.56,2655.32,0.11,LINK,6.35,ZEC,-12.51
2026-09-29T03:03:03.561118+00:00,9.14,-11.15,42.17,10.35,82941,-0.65,2656.25,0.06,LINK,6.03,ZEC,-12.53
2026-09-29T03:06:02.942904+00:00,10.0,-9.44,42.17,10.35,82987,-0.56,2660.17,0.2,LINK,6.71,ZEC,-12.47
2026-09-29T03:09:03.158360+00:00,9.32,-10.8,42.17,10.35,82889,-0.66,2657.11,0.1,LINK,6.59,ZEC,-12.45
2026-09-29T03:12:04.627075+00:00,8.34,-11.05,39.32,10.35,82902,-0.66,2658.49,0.07,LINK,6.65,ZEC,-12.63
2026-09-29T03:15:03.861814+00:00,8.98,-9.76,39.32,10.35,82903,-0.58,2658.54,0.17,LINK,6.76,ZEC,-12.44
2026-09-29T17:57:28.005803+00:00,12.12,-17.03,60.52,12.39,83030,-1.04,2671.23,-0.89,RAIN,0.89,ZEC,-8.74
2026-09-29T18:00:03.758412+00:00,12.0,-17.26,60.52,12.39,82995,-1.04,2670.77,-0.92,RAIN,0.78,ZEC,-8.65
2026-09-29T18:04:02.483213+00:00,13.74,-13.8,60.52,12.39,83164,-0.83,2677.02,-0.61,RAIN,0.91,ZEC,-7.82
2026-09-29T18:08:02.414063+00:00,14.35,-12.57,60.52,12.39,83296,-0.72,2681.12,-0.52,RAIN,0.99,ZEC,-7.7
2026-09-29T18:12:02.597042+00:00,13.96,-13.35,60.52,12.39,83313,-0.75,2680.79,-0.59,RAIN,0.84,ZEC,-7.75
2026-09-29T18:16:11.760252+00:00,14.44,-12.13,60.99,11.02,83375,-0.65,2682.58,-0.52,RAIN,0.94,ZEC,-7.34
2026-09-29T18:20:04.231479+00:00,14.94,-11.11,60.99,11.02,83403,-0.59,2684.59,-0.39,RAIN,0.98,ZEC,-7.28
2026-09-29T18:24:02.563246+00:00,14.99,-11.03,60.99,11.02,83423,-0.6,2684.98,-0.37,RAIN,1.09,ZEC,-7.29
2026-09-29T18:28:02.550759+00:00,15.16,-10.69,60.99,11.02,83477,-0.58,2686.9,-0.35,RAIN,0.94,ZEC,-7.09
2026-09-29T18:32:06.257960+00:00,15.74,-10.04,61.18,12.03,83436,-0.55,2685.75,-0.28,RAIN,1.03,ZEC,-7.02
2026-09-29T18:36:03.141542+00:00,16.71,-8.11,61.18,12.03,83516,-0.4,2688.98,-0.07,RAIN,1.14,ZEC,-6.85
2026-09-29T18:40:02.655085+00:00,17.4,-6.71,61.18,12.03,83532,-0.33,2691.19,0.1,RAIN,1.05,ZEC,-6.49
2026-09-29T18:44:02.756168+00:00,18.45,-4.62,61.18,12.03,83618,-0.2,2693.82,0.24,RAIN,1.35,ZEC,-5.54
2026-09-29T18:48:03.845197+00:00,18.38,-4.6,60.9,12.03,83633,-0.2,2695.23,0.26,RAIN,1.26,ZEC,-5.5
2026-09-29T18:52:03.225572+00:00,17.25,-6.86,60.9,12.03,83601,-0.32,2693.13,0.05,RAIN,1.1,ZEC,-6.14
2026-09-29T18:56:03.681680+00:00,16.46,-8.43,60.9,12.03,83613,-0.45,2694.84,-0.07,RAIN,1.13,ZEC,-6.02
2026-09-29T19:00:03.657169+00:00,16.07,-9.22,60.9,12.03,83596,-0.51,2693.22,-0.21,RAIN,0.94,ZEC,-5.66
2026-09-29T19:04:03.683638+00:00,17.48,-6.17,60.52,12.03,83592,-0.33,2694.72,0.06,RAIN,1.26,FIGR_HELOC,-5.45
2026-09-29T19:08:12.644045+00:00,17.48,-6.17,60.52,12.03,83592,-0.33,2694.72,0.06,RAIN,1.26,FIGR_HELOC,-5.45
2026-09-29T19:12:02.537423+00:00,19.91,-1.32,60.52,12.03,83641,-0.02,2697.89,0.51,RAIN,1.5,FIGR_HELOC,-5.35
2026-09-29T19:16:07.077422+00:00,19.28,-2.57,60.52,12.03,83591,-0.11,2696.67,0.47,RAIN,1.32,FIGR_HELOC,-5.35
2026-09-29T19:20:05.109025+00:00,19.18,-2.31,60.52,10.9,83581,-0.1,2696.74,0.51,RAIN,1.71,FIGR_HELOC,-5.35
2026-09-29T19:24:03.234083+00:00,19.3,-2.08,60.52,10.9,83585,-0.09,2695.94,0.5,RAIN,1.53,FIGR_HELOC,-5.35
2026-09-29T19:28:03.182288+00:00,19.43,-1.81,60.52,10.9,83605,-0.08,2697.36,0.53,RAIN,1.38,FIGR_HELOC,-5.35
2026-09-29T19:32:04.075108+00:00,19.27,-2.14,60.52,10.9,83537,-0.1,2694.96,0.5,RAIN,1.42,FIGR_HELOC,-5.36
2026-09-29T19:36:03.943421+00:00,21.2,0.86,61.96,10.9,83559,0.1,2695.53,0.8,RAIN,1.66,FIGR_HELOC,-5.35
2026-09-29T19:40:03.012860+00:00,23.22,4.9,61.96,10.9,83540,0.41,2695.18,1.07,RAIN,1.72,FIGR_HELOC,-5.36
2026-09-29T19:44:02.849885+00:00,22.16,2.79,61.96,10.9,83486,0.28,2693.27,0.84,RAIN,1.74,FIGR_HELOC,-5.35
2026-09-29T19:48:02.364452+00:00,20.78,0.03,61.96,10.9,83414,0.11,2687.93,0.58,RAIN,1.56,FIGR_HELOC,-5.35
2026-09-29T19:52:04.173334+00:00,21.32,1.22,61.77,10.9,83522,0.24,2689.68,0.64,RAIN,1.58,FIGR_HELOC,-5.36
2026-09-29T19:56:03.560648+00:00,21.29,1.15,61.77,10.9,83540,0.23,2689.49,0.61,RAIN,1.52,FIGR_HELOC,-5.36
2026-09-29T20:00:03.756201+00:00,21.3,1.17,61.77,10.9,83556,0.22,2690.1,0.6,RAIN,1.57,FIGR_HELOC,-5.35
2026-09-29T20:04:03.129777+00:00,20.82,0.22,61.77,10.9,83515,0.17,2687.51,0.44,RAIN,1.52,FIGR_HELOC,-5.35
2026-09-29T20:08:03.751444+00:00,20.05,-1.68,62.37,10.9,83537,0.05,2688.22,0.27,RAIN,1.44,FIGR_HELOC,-5.35
2026-09-29T20:12:02.586172+00:00,19.15,-3.49,62.37,10.9,83524,-0.08,2688.31,0.1,RAIN,1.48,ZEC,-5.67
2026-09-29T20:16:08.606938+00:00,19.89,-2.0,62.37,10.9,83524,0.02,2688.78,0.2,RAIN,1.64,ZEC,-5.45
2026-09-29T20:20:04.886712+00:00,20.65,-0.48,62.37,10.9,83557,0.11,2691.22,0.39,RAIN,1.63,FIGR_HELOC,-5.32
2026-09-29T20:24:04.340825+00:00,21.02,0.35,62.2,10.9,83597,0.16,2692.27,0.47,RAIN,1.79,FIGR_HELOC,-5.11
2026-09-29T20:28:02.740821+00:00,20.68,-0.32,62.2,10.9,83580,0.11,2691.14,0.44,RAIN,1.55,ZEC,-5.16
2026-09-29T20:32:04.358396+00:00,20.87,0.05,62.2,10.9,83602,0.15,2691.3,0.45,RAIN,1.65,FIGR_HELOC,-5.11
2026-09-29T20:36:02.840932+00:00,20.51,-0.66,62.2,10.9,83586,0.09,2690.85,0.35,RAIN,1.58,FIGR_HELOC,-5.11
2026-09-29T20:40:04.046168+00:00,20.73,-0.93,62.71,11.91,83579,0.06,2690.94,0.35,RAIN,1.61,FIGR_HELOC,-5.11
2026-09-29T20:44:02.632256+00:00,21.37,0.34,62.71,11.91,83605,0.15,2691.76,0.44,RAIN,1.65,FIGR_HELOC,-5.11
2026-09-29T20:48:03.017637+00:00,21.19,-0.01,62.71,11.91,83613,0.15,2691.13,0.36,RAIN,1.48,FIGR_HELOC,-5.11
2026-09-29T20:52:03.883688+00:00,21.84,1.29,62.71,11.91,83622,0.23,2691.72,0.47,RAIN,1.6,FIGR_HELOC,-5.11
2026-09-29T20:56:05.364721+00:00,21.47,0.62,62.58,11.91,83625,0.19,2691.05,0.4,RAIN,1.54,FIGR_HELOC,-5.11
2026-09-29T21:00:02.777584+00:00,21.05,-0.22,62.58,11.91,83611,0.12,2690.27,0.32,RAIN,1.49,FIGR_HELOC,-5.02
2026-09-29T21:04:03.029294+00:00,19.87,-2.58,62.58,11.91,83586,-0.02,2688.78,0.09,RAIN,1.41,FIGR_HELOC,-5.02
2026-09-29T21:08:02.375385+00:00,19.37,-3.57,62.58,11.91,83520,-0.1,2686.96,-0.03,RAIN,1.4,FIGR_HELOC,-5.01
2026-09-29T21:12:03.840888+00:00,19.37,-2.85,62.07,10.9,83507,-0.08,2686.73,0.02,RAIN,1.39,FIGR_HELOC,-5.01
2026-09-29T21:16:07.875395+00:00,19.79,-2.03,62.07,10.9,83527,-0.04,2688.31,0.08,RAIN,1.44,FIGR_HELOC,-5.02
2026-09-29T21:20:04.239831+00:00,20.29,-1.02,62.07,10.9,83473,0.01,2686.93,0.19,RAIN,1.65,FIGR_HELOC,-5.01
2026-09-29T21:24:02.591565+00:00,19.97,-1.67,62.07,10.9,83436,-0.02,2683.48,0.09,RAIN,1.54,FIGR_HELOC,-4.61
2026-09-29T21:28:03.661351+00:00,20.14,-1.73,62.76,10.9,83408,-0.01,2680.21,0.01,RAIN,1.56,FIGR_HELOC,-4.62
2026-09-29T21:32:04.073580+00:00,19.92,-2.18,62.76,10.9,83393,-0.03,2678.2,-0.06,RAIN,1.54,FIGR_HELOC,-4.61
2026-09-29T21:36:03.061186+00:00,19.93,-2.16,62.76,10.9,83399,-0.02,2678.34,-0.07,RAIN,1.49,FIGR_HELOC,-4.62
2026-09-29T21:40:03.017609+00:00,20.4,-1.22,62.76,10.9,83441,0.04,2678.42,-0.02,RAIN,1.42,FIGR_HELOC,-4.62
2026-09-29T21:44:04.476891+00:00,20.79,-0.4,62.71,10.9,83488,0.11,2680.26,0.02,RAIN,1.52,FIGR_HELOC,-4.62
2026-09-29T21:48:02.507678+00:00,20.41,-1.17,62.71,10.9,83421,0.04,2678.07,-0.0,RAIN,1.28,FIGR_HELOC,-4.43
2026-09-29T21:52:02.375173+00:00,20.86,-0.26,62.71,10.9,83415,0.07,2677.19,0.03,XMR,1.57,FIGR_HELOC,-4.43
2026-09-29T21:56:03.776141+00:00,21.93,1.88,62.71,10.9,83454,0.27,2677.4,0.1,XMR,1.7,FIGR_HELOC,-4.44
2026-09-29T22:00:05.954893+00:00,22.11,2.23,62.71,10.9,83449,0.3,2676.88,0.12,XMR,1.8,FIGR_HELOC,-4.43
2026-09-29T22:04:03.238206+00:00,23.02,4.06,62.71,10.9,83527,0.42,2681.76,0.29,XMR,1.86,FIGR_HELOC,-4.44
2026-09-29T22:08:02.713565+00:00,24.06,6.14,62.71,10.9,83522,0.52,2682.02,0.49,RAIN,1.92,FIGR_HELOC,-4.43
2026-09-29T22:12:02.371355+00:00,23.71,5.43,62.71,10.9,83528,0.47,2681.3,0.41,RAIN,2.03,FIGR_HELOC,-4.43
2026-09-29T22:16:08.492378+00:00,25.44,6.95,62.71,15.79,83657,0.59,2684.35,0.49,RAIN,2.03,FIGR_HELOC,-4.44
2026-09-29T22:20:04.190406+00:00,24.08,4.23,62.71,15.79,83550,0.44,2679.65,0.24,RAIN,1.77,FIGR_HELOC,-4.44
2026-09-29T22:24:02.443871+00:00,24.38,4.83,62.71,15.79,83588,0.48,2680.1,0.28,RAIN,1.83,FIGR_HELOC,-4.44
2026-09-29T22:28:03.138780+00:00,24.75,5.57,62.71,15.79,83620,0.53,2681.51,0.32,RAIN,1.88,FIGR_HELOC,-4.44
2026-09-29T22:32:05.769723+00:00,23.97,3.88,62.9,15.79,83577,0.41,2680.0,0.17,RAIN,1.89,FIGR_HELOC,-4.28
2026-09-29T22:36:03.012777+00:00,23.16,2.27,62.9,15.79,83547,0.28,2677.11,0.01,RAIN,1.69,ZEC,-4.04
2026-09-29T22:40:03.123483+00:00,22.31,0.56,62.9,15.79,83557,0.16,2678.24,-0.18,RAIN,1.64,ZEC,-4.16
2026-09-29T22:44:03.434226+00:00,22.23,0.4,62.9,15.79,83553,0.13,2679.26,-0.16,RAIN,1.64,ZEC,-3.78
2026-09-29T22:48:04.198882+00:00,22.74,0.45,63.02,18.02,83583,0.13,2680.75,-0.13,RAIN,1.71,ZEC,-3.97
2026-09-29T22:52:02.834167+00:00,22.46,-0.09,63.02,18.02,83562,0.09,2680.35,-0.17,RAIN,1.7,ZEC,-3.92
2026-09-29T22:56:03.572265+00:00,22.68,0.33,63.02,18.02,83596,0.12,2681.42,-0.15,RAIN,1.75,ZEC,-3.74
2026-09-29T23:00:03.355071+00:00,22.49,-0.04,63.02,18.02,83591,0.1,2681.61,-0.18,RAIN,1.78,LINK,-3.76
2026-09-29T23:04:04.510628+00:00,21.68,-1.33,63.21,16.89,83625,0.03,2681.7,-0.33,RAIN,1.66,LINK,-4.5
2026-09-29T23:08:02.398923+00:00,23.43,2.18,63.21,16.89,83745,0.29,2686.4,-0.12,RAIN,1.72,LINK,-3.59
2026-09-29T23:12:03.157862+00:00,23.79,2.9,63.21,16.89,83743,0.36,2684.65,-0.13,RAIN,1.44,LINK,-3.58
2026-09-29T23:16:11.785370+00:00,24.19,3.7,63.21,16.89,83802,0.41,2686.44,0.01,RAIN,1.4,ZEC,-3.75
2026-09-29T23:20:05.586107+00:00,23.37,2.96,63.21,14.65,83793,0.38,2684.76,-0.11,RAIN,1.3,LINK,-4.13
2026-09-29T23:24:02.977669+00:00,22.66,1.53,63.21,14.65,83724,0.28,2682.03,-0.22,RAIN,1.32,ZEC,-4.4
2026-09-29T23:28:02.503183+00:00,21.99,0.2,63.21,14.65,83703,0.2,2680.98,-0.33,RAIN,1.26,ZEC,-4.53
2026-09-29T23:32:04.489009+00:00,21.89,-0.0,63.21,14.65,83705,0.18,2679.54,-0.36,RAIN,1.17,LINK,-4.45
2026-09-29T23:36:03.862953+00:00,21.93,-0.69,64.47,14.65,83687,0.15,2678.57,-0.46,RAIN,0.96,LINK,-4.83
2026-09-29T23:40:02.631403+00:00,21.65,-1.24,64.47,14.65,83665,0.12,2678.07,-0.48,RAIN,1.01,LINK,-5.01
2026-09-29T23:44:02.434992+00:00,21.39,-1.76,64.47,14.65,83653,0.11,2676.53,-0.52,RAIN,1.0,LINK,-5.14
2026-09-29T23:48:02.857303+00:00,21.66,-1.23,64.47,14.65,83654,0.15,2677.41,-0.46,RAIN,0.98,LINK,-5.21
2026-09-29T23:52:04.019016+00:00,22.44,-0.48,65.83,14.65,83685,0.2,2678.28,-0.39,RAIN,0.97,LINK,-5.36
2026-09-29T23:56:03.656719+00:00,21.95,-1.47,65.83,14.65,83627,0.13,2676.87,-0.46,RAIN,1.1,LINK,-5.54
2026-09-30T00:00:04.855762+00:00,22.2,-0.97,65.83,14.65,83632,0.17,2676.75,-0.42,RAIN,1.11,LINK,-5.44
2026-09-30T00:04:02.708365+00:00,22.48,-0.4,65.83,14.65,83685,0.22,2678.09,-0.44,RAIN,1.08,LINK,-6.21
2026-09-30T00:08:04.070044+00:00,22.67,-0.81,65.64,16.89,83670,0.2,2677.67,-0.47,RAIN,1.04,LINK,-6.47
2026-09-30T00:12:02.808119+00:00,22.42,-1.3,65.64,16.89,83594,0.16,2674.88,-0.47,RAIN,0.94,LINK,-6.91
2026-09-30T00:16:07.829406+00:00,21.5,-3.13,65.64,16.89,83518,0.04,2671.63,-0.65,FIGR_HELOC,0.93,LINK,-7.26
2026-09-30T00:20:04.080782+00:00,21.94,-2.26,65.64,16.89,83504,0.08,2671.16,-0.55,RAIN,1.07,LINK,-7.05
2026-09-30T00:24:04.158429+00:00,21.99,-2.28,65.82,16.89,83406,0.07,2668.35,-0.57,RAIN,1.09,LINK,-6.67
2026-09-30T00:28:02.630309+00:00,21.79,-2.66,65.82,16.89,83477,0.06,2668.93,-0.62,RAIN,0.94,LINK,-7.01
2026-09-30T00:32:03.657791+00:00,22.05,-2.15,65.82,16.89,83560,0.07,2672.64,-0.57,RAIN,0.94,LINK,-7.1
2026-09-30T00:36:02.859434+00:00,21.5,-3.24,65.82,16.89,83556,0.0,2673.01,-0.71,FIGR_HELOC,1.17,LINK,-7.88
2026-09-30T00:40:03.965662+00:00,20.85,-3.54,65.62,14.65,83498,-0.01,2671.65,-0.69,FIGR_HELOC,1.36,LINK,-7.7
2026-09-30T00:44:02.732211+00:00,21.09,-3.05,65.62,14.65,83481,0.02,2670.43,-0.68,FIGR_HELOC,1.37,LINK,-7.57
2026-09-30T00:48:02.604110+00:00,21.08,-3.08,65.62,14.65,83420,0.01,2668.49,-0.65,FIGR_HELOC,1.32,LINK,-7.41
2026-09-30T00:52:03.458636+00:00,21.97,-1.3,65.62,14.65,83402,0.11,2668.3,-0.5,FIGR_HELOC,1.52,LINK,-7.05
2026-09-30T00:56:05.944691+00:00,22.49,-1.02,65.43,16.89,83351,0.11,2668.22,-0.5,FIGR_HELOC,2.75,LINK,-7.35
2026-09-30T01:00:03.463666+00:00,23.62,1.22,65.43,16.89,83382,0.22,2671.52,-0.25,FIGR_HELOC,2.75,LINK,-6.25
2026-09-30T01:04:02.930517+00:00,23.72,1.43,65.43,16.89,83407,0.26,2670.77,-0.31,FIGR_HELOC,2.75,LINK,-6.49
2026-09-30T01:08:02.687643+00:00,24.68,3.35,65.43,16.89,83404,0.34,2671.8,-0.1,FIGR_HELOC,2.76,LINK,-5.39
2026-09-30T01:12:03.528715+00:00,24.72,6.04,64.66,11.54,83432,0.5,2672.66,0.11,FIGR_HELOC,2.75,LINK,-5.21
2026-09-30T01:16:09.020101+00:00,24.58,5.75,64.66,11.54,83393,0.47,2671.71,0.09,FIGR_HELOC,2.76,LINK,-5.66
2026-09-30T01:20:04.575284+00:00,26.45,9.48,64.66,11.54,83408,0.69,2671.77,0.37,FIGR_HELOC,2.75,LINK,-5.22
2026-09-30T01:24:02.704889+00:00,24.98,6.54,64.66,11.54,83390,0.49,2671.73,0.16,FIGR_HELOC,2.75,LINK,-5.66
2026-09-30T01:28:04.080686+00:00,26.22,9.37,64.11,11.54,83503,0.67,2675.33,0.38,FIGR_HELOC,2.75,LINK,-5.42
2026-09-30T01:32:04.382696+00:00,25.5,7.93,64.11,11.54,83367,0.55,2670.63,0.29,FIGR_HELOC,2.76,LINK,-5.54
2026-09-30T01:36:02.402019+00:00,25.91,8.74,64.11,11.54,83330,0.59,2668.78,0.33,FIGR_HELOC,2.75,LINK,-5.4
2026-09-30T01:40:03.071653+00:00,26.02,8.96,64.11,11.54,83339,0.6,2668.73,0.34,FIGR_HELOC,2.75,LINK,-5.44
2026-09-30T01:44:03.855613+00:00,25.21,7.48,63.89,11.54,83334,0.5,2668.61,0.25,FIGR_HELOC,2.75,LINK,-5.7
2026-09-30T01:48:03.354100+00:00,25.25,7.55,63.89,11.54,83413,0.5,2671.44,0.27,FIGR_HELOC,2.75,LINK,-5.52
2026-09-30T01:52:02.255744+00:00,26.0,9.04,63.89,11.54,83409,0.59,2672.28,0.4,FIGR_HELOC,2.75,LINK,-4.99
2026-09-30T01:56:02.799383+00:00,25.09,7.23,63.89,11.54,83424,0.49,2672.1,0.25,FIGR_HELOC,2.75,LINK,-5.3
2026-09-30T02:00:05.404667+00:00,24.88,7.07,63.45,11.54,83418,0.46,2671.48,0.26,FIGR_HELOC,2.75,LINK,-5.24
2026-09-30T02:04:03.244332+00:00,25.1,7.51,63.45,11.54,83426,0.5,2672.21,0.33,FIGR_HELOC,2.76,LINK,-5.14
2026-09-30T02:08:02.647619+00:00,26.09,9.51,63.45,11.54,83496,0.63,2673.61,0.5,FIGR_HELOC,2.76,LINK,-4.83
2026-09-30T02:12:02.276262+00:00,26.63,10.58,63.45,11.54,83492,0.67,2673.41,0.57,FIGR_HELOC,2.75,LINK,-4.49
2026-09-30T02:16:08.219572+00:00,25.58,8.34,63.67,11.54,83486,0.54,2672.67,0.4,FIGR_HELOC,2.76,LINK,-4.97
2026-09-30T02:20:04.375130+00:00,24.89,6.96,63.67,11.54,83410,0.43,2668.7,0.28,FIGR_HELOC,2.76,LINK,-5.01
2026-09-30T02:24:02.610817+00:00,25.58,8.34,63.67,11.54,83360,0.49,2667.8,0.47,ZEC,2.79,LINK,-4.5
2026-09-30T02:28:02.638499+00:00,26.15,9.48,63.67,11.54,83454,0.57,2670.41,0.54,FIGR_HELOC,2.76,LINK,-4.26
2026-09-30T02:32:05.762230+00:00,26.61,9.05,63.26,15.55,83397,0.53,2668.21,0.47,ZEC,2.83,LINK,-4.29
2026-09-30T02:36:03.120730+00:00,26.75,9.33,63.26,15.55,83336,0.53,2667.06,0.53,FIGR_HELOC,2.75,LINK,-3.89
2026-09-30T02:40:02.868552+00:00,25.63,7.09,63.26,15.55,83299,0.4,2666.14,0.35,FIGR_HELOC,2.76,LINK,-4.21
2026-09-30T02:44:02.959775+00:00,26.62,9.07,63.26,15.55,83388,0.53,2670.31,0.5,FIGR_HELOC,2.76,LINK,-3.8
2026-09-30T02:48:04.323917+00:00,25.15,7.32,62.66,13.44,83336,0.39,2670.56,0.45,FIGR_HELOC,2.75,LINK,-3.91
2026-09-30T02:52:02.394786+00:00,26.08,9.19,62.66,13.44,83410,0.51,2673.68,0.6,ZEC,3.14,LINK,-3.31
2026-09-30T02:56:03.924884+00:00,26.45,9.93,62.66,13.44,83400,0.55,2675.36,0.77,ZEC,3.12,LINK,-3.36
2026-09-30T03:00:04.102494+00:00,25.95,8.94,62.66,13.44,83356,0.5,2673.7,0.65,ZEC,2.8,LINK,-3.46
2026-09-30T03:04:03.713711+00:00,25.69,7.29,64.51,13.44,83333,0.42,2672.42,0.48,FIGR_HELOC,2.75,LINK,-4.06
2026-09-30T03:08:02.454929+00:00,26.56,9.04,64.51,13.44,83368,0.55,2673.68,0.57,ZEC,2.81,LINK,-3.78
2026-09-30T03:12:02.375266+00:00,26.5,8.93,64.51,13.44,83354,0.54,2673.32,0.56,ZEC,2.96,LINK,-3.73
2026-09-30T03:16:08.395357+00:00,26.54,9.0,64.51,13.44,83316,0.54,2672.44,0.62,ZEC,2.77,LINK,-3.02
2026-09-30T03:20:05.617455+00:00,24.58,5.18,63.59,14.58,83222,0.3,2669.11,0.33,FIGR_HELOC,2.76,LINK,-3.64
2026-09-30T03:24:03.167860+00:00,24.05,4.11,63.59,14.58,83203,0.24,2668.2,0.29,FIGR_HELOC,2.76,LINK,-3.81
2026-09-30T03:28:02.553037+00:00,23.21,2.43,63.59,14.58,83238,0.13,2669.97,0.18,FIGR_HELOC,2.75,LINK,-4.06
2026-09-30T03:32:04.357298+00:00,23.79,3.6,63.59,14.58,83277,0.2,2670.36,0.23,FIGR_HELOC,2.76,LINK,-3.54
2026-09-30T03:36:03.782242+00:00,22.88,2.4,62.54,14.58,83242,0.13,2669.52,0.13,FIGR_HELOC,2.75,LINK,-3.86
2026-09-30T03:40:02.429399+00:00,23.69,4.03,62.54,14.58,83297,0.24,2672.14,0.24,FIGR_HELOC,2.75,LINK,-3.34
2026-09-30T03:44:02.784179+00:00,24.14,4.93,62.54,14.58,83356,0.31,2673.75,0.28,FIGR_HELOC,2.75,LINK,-3.09
2026-09-30T03:48:02.664232+00:00,23.57,3.8,62.54,14.58,83311,0.22,2673.04,0.25,FIGR_HELOC,2.75,LINK,-3.12
2026-09-30T03:52:04.235159+00:00,23.39,3.73,62.04,14.58,83294,0.23,2672.45,0.25,FIGR_HELOC,2.75,LINK,-3.18
2026-09-30T03:56:03.695603+00:00,23.24,3.43,62.04,14.58,83258,0.23,2670.62,0.2,FIGR_HELOC,2.75,LINK,-3.42
2026-09-30T04:00:16.068814+00:00,23.48,3.91,62.04,14.58,83256,0.27,2669.85,0.22,FIGR_HELOC,2.75,LINK,-3.28
2026-09-30T04:04:03.161306+00:00,24.18,5.31,62.04,14.58,83326,0.34,2672.01,0.32,FIGR_HELOC,2.75,LINK,-2.5
2026-09-30T04:08:04.058910+00:00,25.12,6.81,62.66,14.58,83380,0.41,2674.9,0.44,FIGR_HELOC,2.75,LINK,-1.83
2026-09-30T04:12:02.918399+00:00,24.03,4.63,62.66,14.58,83302,0.28,2672.25,0.28,FIGR_HELOC,2.75,XLM,-2.44
2026-09-30T04:16:08.395124+00:00,24.04,4.66,62.66,14.58,83331,0.27,2673.14,0.25,FIGR_HELOC,2.76,XLM,-2.51
2026-09-30T04:20:04.956338+00:00,23.76,4.09,62.66,14.58,83379,0.23,2675.01,0.2,FIGR_HELOC,2.76,XLM,-2.46
2026-09-30T04:24:03.663275+00:00,23.08,2.8,61.88,15.59,83357,0.14,2674.33,0.11,FIGR_HELOC,2.76,LINK,-2.61
2026-09-30T04:28:02.671289+00:00,23.58,3.8,61.88,15.59,83369,0.19,2674.19,0.17,FIGR_HELOC,2.75,LINK,-2.04
2026-09-30T04:32:04.059237+00:00,23.53,3.69,61.88,15.59,83330,0.19,2671.82,0.12,FIGR_HELOC,2.76,LINK,-1.94
2026-09-30T04:36:02.780613+00:00,23.94,4.51,61.88,15.59,83294,0.23,2670.62,0.22,FIGR_HELOC,2.76,LINK,-1.96
2026-09-30T04:40:03.544306+00:00,23.6,4.27,61.14,15.59,83334,0.23,2672.46,0.22,FIGR_HELOC,2.76,LINK,-2.32
2026-09-30T04:44:02.803747+00:00,23.38,3.85,61.14,15.59,83297,0.19,2671.88,0.22,FIGR_HELOC,2.76,LINK,-2.5
2026-09-30T04:48:03.371173+00:00,23.97,5.03,61.14,15.59,83290,0.23,2671.64,0.3,ZEC,3.41,LINK,-1.97
2026-09-30T04:52:03.498141+00:00,24.08,5.23,61.14,15.59,83256,0.23,2671.14,0.35,ZEC,3.32,LINK,-1.94
2026-09-30T04:56:05.518133+00:00,22.75,2.27,61.4,16.0,83205,0.03,2669.67,0.12,ZEC,3.03,LINK,-2.61
2026-09-30T05:00:14.407024+00:00,22.61,1.98,61.4,16.0,83193,0.02,2669.41,0.08,ZEC,3.07,LINK,-2.66
2026-09-30T05:04:02.414520+00:00,23.04,2.83,61.4,16.0,83284,0.08,2672.19,0.13,ZEC,3.5,LINK,-2.77
2026-09-30T05:08:02.447134+00:00,23.26,3.28,61.4,16.0,83246,0.09,2670.09,0.17,ZEC,3.26,LINK,-2.45
2026-09-30T05:12:03.749419+00:00,23.38,3.52,61.4,16.0,83268,0.11,2669.94,0.2,ZEC,2.98,LINK,-2.58
2026-09-30T05:16:09.226210+00:00,22.25,1.26,61.4,16.0,83214,-0.02,2667.85,-0.0,FIGR_HELOC,2.76,LINK,-3.06
2026-09-30T05:20:04.327172+00:00,21.65,0.07,61.4,16.0,83186,-0.1,2666.92,-0.11,FIGR_HELOC,2.75,LINK,-3.05
2026-09-30T05:24:02.489466+00:00,21.98,0.73,61.4,16.0,83254,-0.04,2668.7,-0.07,FIGR_HELOC,2.76,LINK,-3.04
2026-09-30T05:28:03.931966+00:00,22.27,1.31,61.4,16.0,83289,0.01,2671.06,-0.0,FIGR_HELOC,2.76,LINK,-3.05
2026-09-30T05:32:04.333636+00:00,23.11,2.99,61.4,16.0,83336,0.1,2673.34,0.15,FIGR_HELOC,2.75,LINK,-2.77
2026-09-30T05:36:03.164733+00:00,26.0,8.76,61.4,16.0,83375,0.49,2674.56,0.65,FIGR_HELOC,2.75,LINK,-1.81
2026-09-30T05:40:02.997269+00:00,25.47,7.7,61.4,16.0,83406,0.41,2675.92,0.57,FIGR_HELOC,2.76,LINK,-2.23
2026-09-30T05:44:04.237425+00:00,24.89,6.19,62.0,16.0,83418,0.32,2675.84,0.45,FIGR_HELOC,2.76,LINK,-2.71
2026-09-30T05:48:02.772744+00:00,24.85,6.1,62.0,16.0,83442,0.28,2677.36,0.46,FIGR_HELOC,2.76,LINK,-2.2
2026-09-30T05:52:02.373888+00:00,23.49,3.38,62.0,16.0,83402,0.12,2675.25,0.2,FIGR_HELOC,2.75,LINK,-2.78
2026-09-30T05:56:02.960201+00:00,22.24,0.88,62.0,16.0,83349,-0.04,2672.74,-0.07,FIGR_HELOC,2.75,LINK,-2.93
2026-09-30T06:00:24.021494+00:00,21.31,-0.11,60.56,16.0,83300,-0.11,2671.66,-0.14,FIGR_HELOC,2.75,LINK,-2.99
2026-09-30T06:04:02.393904+00:00,21.41,0.08,60.56,16.0,83363,-0.09,2674.29,-0.15,FIGR_HELOC,2.72,LINK,-3.02
2026-09-30T06:08:02.648366+00:00,21.01,-0.72,60.56,16.0,83382,-0.16,2673.77,-0.21,FIGR_HELOC,2.72,LINK,-2.87
2026-09-30T06:12:02.667502+00:00,18.35,-6.03,60.56,16.0,83280,-0.54,2670.81,-0.66,FIGR_HELOC,2.72,LINK,-3.63
2026-09-30T06:16:08.771771+00:00,16.7,-8.98,59.96,16.0,83179,-0.75,2667.55,-0.87,FIGR_HELOC,2.72,LINK,-3.96
2026-09-30T06:20:04.437946+00:00,17.07,-8.24,59.96,16.0,83133,-0.73,2666.14,-0.81,FIGR_HELOC,2.72,LINK,-3.6
2026-09-30T06:24:02.311593+00:00,16.21,-9.95,59.96,16.0,83122,-0.83,2666.12,-0.94,FIGR_HELOC,2.72,LINK,-3.75
2026-09-30T06:28:02.979068+00:00,15.64,-11.09,59.96,16.0,83066,-0.9,2663.82,-1.04,FIGR_HELOC,2.72,LINK,-3.78
2026-09-30T06:32:06.308569+00:00,15.67,-11.14,60.13,16.0,83122,-0.89,2665.28,-1.09,FIGR_HELOC,2.72,LINK,-3.9
2026-09-30T06:36:02.707753+00:00,15.03,-12.42,60.13,16.0,83094,-0.98,2663.28,-1.21,FIGR_HELOC,2.72,LINK,-4.31
2026-09-30T06:40:05.642780+00:00,15.45,-11.57,60.13,16.0,83074,-0.9,2662.48,-1.23,FIGR_HELOC,2.72,LINK,-4.4
2026-09-30T06:44:02.887280+00:00,14.82,-12.84,60.13,16.0,83036,-0.98,2659.97,-1.37,FIGR_HELOC,2.72,LINK,-4.6
2026-09-30T06:48:03.841104+00:00,14.57,-13.33,60.13,16.0,83013,-1.02,2659.96,-1.39,FIGR_HELOC,2.72,LINK,-4.45
2026-09-30T06:52:02.940931+00:00,13.7,-15.08,60.13,16.0,82969,-1.14,2657.99,-1.58,FIGR_HELOC,2.72,LINK,-4.63
2026-09-30T06:56:04.176250+00:00,13.6,-15.28,60.13,16.0,83022,-1.11,2661.44,-1.67,FIGR_HELOC,2.72,LINK,-4.79
2026-09-30T07:00:13.446975+00:00,14.12,-14.24,60.13,16.0,83115,-1.03,2663.91,-1.53,FIGR_HELOC,2.72,LINK,-4.43
2026-09-30T07:04:04.729648+00:00,14.39,-14.8,61.97,16.0,82980,-1.1,2662.4,-1.44,FIGR_HELOC,2.72,LINK,-4.45
2026-09-30T07:08:03.277022+00:00,13.86,-15.87,61.97,16.0,83007,-1.13,2662.01,-1.59,FIGR_HELOC,2.72,LINK,-4.97
2026-09-30T07:12:03.139291+00:00,13.38,-16.82,61.97,16.0,83015,-1.17,2662.34,-1.76,FIGR_HELOC,2.72,LINK,-5.68
2026-09-30T07:16:08.397746+00:00,13.43,-16.73,61.97,16.0,82981,-1.16,2661.32,-1.73,FIGR_HELOC,2.72,LINK,-5.49
2026-09-30T07:20:04.959184+00:00,14.67,-15.66,63.06,17.9,83065,-1.08,2663.93,-1.73,FIGR_HELOC,2.72,LINK,-5.68
2026-09-30T07:24:02.238886+00:00,16.5,-12.01,63.06,17.9,83216,-0.81,2668.85,-1.49,FIGR_HELOC,2.72,LINK,-5.51
2026-09-30T07:28:03.028085+00:00,16.55,-11.9,63.06,17.9,83331,-0.77,2671.18,-1.59,FIGR_HELOC,2.72,LINK,-5.6
2026-09-30T07:32:04.087131+00:00,16.53,-11.95,63.06,17.9,83275,-0.8,2670.03,-1.51,FIGR_HELOC,2.72,LINK,-5.53
2026-09-30T07:36:03.970992+00:00,16.33,-13.04,62.0,21.23,83296,-0.87,2670.49,-1.55,FIGR_HELOC,2.72,LINK,-5.86
2026-09-30T07:40:07.685215+00:00,16.62,-12.45,62.0,21.23,83377,-0.84,2673.24,-1.51,FIGR_HELOC,2.72,LINK,-6.07
2026-09-30T07:44:02.469099+00:00,16.89,-11.91,62.0,21.23,83368,-0.79,2673.64,-1.45,FIGR_HELOC,2.72,LINK,-5.94
2026-09-30T07:48:02.920263+00:00,17.41,-10.88,62.0,21.23,83393,-0.73,2675.21,-1.36,FIGR_HELOC,2.73,LINK,-5.62
2026-09-30T07:52:04.181900+00:00,17.8,-11.12,62.37,23.24,83390,-0.75,2674.89,-1.36,FIGR_HELOC,2.72,LINK,-5.79
2026-09-30T07:56:04.956789+00:00,18.21,-10.29,62.37,23.24,83398,-0.69,2675.53,-1.3,FIGR_HELOC,2.72,LINK,-5.74
2026-09-30T08:00:20.004925+00:00,17.81,-11.1,62.37,23.24,83315,-0.75,2673.7,-1.35,FIGR_HELOC,2.73,LINK,-5.86
2026-09-30T08:04:03.139701+00:00,16.68,-13.36,62.37,23.24,83267,-0.94,2673.0,-1.52,FIGR_HELOC,2.72,LINK,-6.12
2026-09-30T08:08:03.476292+00:00,16.42,-13.22,62.6,21.23,83238,-0.92,2670.06,-1.64,FIGR_HELOC,2.72,LINK,-5.9
2026-09-30T08:12:02.795532+00:00,16.08,-13.9,62.6,21.23,83196,-0.95,2668.27,-1.71,FIGR_HELOC,2.73,LINK,-6.08
2026-09-30T08:16:07.879415+00:00,15.08,-15.9,62.6,21.23,83142,-1.1,2666.79,-1.85,FIGR_HELOC,2.72,LINK,-6.3
2026-09-30T08:20:04.739216+00:00,15.37,-15.31,62.6,21.23,83154,-1.05,2667.66,-1.77,FIGR_HELOC,2.73,LINK,-6.42
2026-09-30T08:24:03.894524+00:00,13.75,-17.88,61.49,21.23,83223,-1.22,2669.6,-2.15,FIGR_HELOC,2.72,LINK,-6.6
2026-09-30T08:28:02.293021+00:00,13.63,-18.12,61.49,21.23,83145,-1.26,2668.3,-2.12,FIGR_HELOC,2.73,LINK,-6.41
2026-09-30T08:32:04.015267+00:00,14.27,-16.85,61.49,21.23,83121,-1.18,2667.93,-1.95,FIGR_HELOC,2.73,LINK,-6.08
2026-09-30T08:36:02.415531+00:00,14.47,-16.45,61.49,21.23,83018,-1.16,2664.46,-1.84,FIGR_HELOC,2.73,LINK,-6.12
2026-09-30T08:40:07.444202+00:00,14.94,-14.76,60.26,21.23,83037,-1.05,2665.17,-1.73,FIGR_HELOC,2.73,LINK,-6.08
2026-09-30T08:44:02.631560+00:00,15.34,-13.98,60.26,21.23,83076,-1.0,2667.77,-1.66,FIGR_HELOC,2.73,LINK,-6.04
2026-09-30T08:48:03.560896+00:00,15.99,-12.67,60.26,21.23,83044,-0.91,2667.92,-1.53,FIGR_HELOC,2.72,LINK,-6.25
2026-09-30T08:52:03.153280+00:00,16.48,-11.68,60.26,21.23,83109,-0.86,2671.67,-1.42,FIGR_HELOC,2.73,LINK,-6.67
2026-09-30T08:56:05.471287+00:00,15.91,-12.52,59.73,21.23,83035,-0.94,2669.33,-1.44,FIGR_HELOC,2.73,LINK,-6.72
2026-09-30T09:00:03.464850+00:00,15.78,-12.77,59.73,21.23,83031,-0.97,2669.8,-1.41,FIGR_HELOC,2.73,LINK,-6.64
2026-09-30T09:04:02.738403+00:00,16.2,-11.94,59.73,21.23,83054,-0.91,2670.49,-1.31,FIGR_HELOC,2.73,LINK,-6.58
2026-09-30T09:08:02.978234+00:00,17.47,-9.39,59.73,21.23,83177,-0.71,2674.52,-1.11,FIGR_HELOC,2.73,LINK,-6.11
2026-09-30T09:12:03.999564+00:00,18.54,-8.24,61.39,21.23,83192,-0.64,2675.55,-0.98,FIGR_HELOC,2.73,LINK,-6.04
2026-09-30T09:16:07.778870+00:00,18.61,-8.11,61.39,21.23,83234,-0.63,2677.42,-0.96,FIGR_HELOC,2.73,LINK,-6.14
2026-09-30T09:20:04.585192+00:00,18.47,-8.39,61.39,21.23,83256,-0.62,2676.34,-1.03,FIGR_HELOC,2.73,LINK,-6.26
2026-09-30T09:24:02.304354+00:00,18.93,-7.47,61.39,21.23,83313,-0.56,2679.78,-0.9,FIGR_HELOC,2.73,LINK,-6.13
2026-09-30T09:28:04.392423+00:00,19.72,-6.53,60.98,23.47,83362,-0.51,2682.66,-0.77,FIGR_HELOC,2.73,LINK,-6.05
2026-09-30T09:32:04.571652+00:00,19.46,-7.06,60.98,23.47,83379,-0.57,2684.24,-0.76,FIGR_HELOC,2.73,LINK,-6.23
2026-09-30T09:36:03.120747+00:00,21.03,-3.92,60.98,23.47,83661,-0.32,2692.39,-0.59,FIGR_HELOC,2.74,LINK,-6.06
2026-09-30T09:40:03.005154+00:00,20.02,-5.94,60.98,23.47,83583,-0.46,2689.72,-0.76,FIGR_HELOC,2.74,LINK,-6.53
2026-09-30T09:44:03.898252+00:00,19.48,-6.88,61.48,22.37,83504,-0.52,2686.37,-0.86,FIGR_HELOC,2.74,LINK,-6.61
2026-09-30T09:48:03.373259+00:00,18.87,-8.09,61.48,22.37,83529,-0.61,2686.49,-0.99,FIGR_HELOC,2.74,LINK,-6.79
2026-09-30T09:52:02.948305+00:00,18.12,-9.59,61.48,22.37,83559,-0.75,2688.3,-1.04,FIGR_HELOC,2.74,LINK,-6.7
2026-09-30T09:56:03.975276+00:00,17.12,-11.6,61.48,22.37,83549,-0.86,2687.67,-1.16,TRX,0.81,LINK,-6.99
2026-09-30T10:00:18.610461+00:00,17.92,-10.15,61.75,22.37,83602,-0.75,2687.88,-1.07,TRX,0.81,LINK,-7.0
2026-09-30T10:04:02.746795+00:00,18.86,-8.29,61.75,22.37,83704,-0.59,2690.11,-0.98,TRX,0.81,LINK,-6.94
2026-09-30T10:08:02.886669+00:00,19.24,-7.51,61.75,22.37,83717,-0.51,2688.65,-1.02,TRX,0.86,LINK,-7.25
2026-09-30T10:12:03.370452+00:00,18.24,-9.52,61.75,22.37,83701,-0.68,2689.45,-1.08,TRX,0.86,LINK,-7.69
2026-09-30T10:16:09.043185+00:00,18.76,-7.94,61.52,21.36,83720,-0.57,2690.52,-0.95,TRX,0.94,LINK,-7.41
2026-09-30T10:20:04.132630+00:00,19.16,-7.14,61.52,21.36,83677,-0.5,2688.71,-0.95,TRX,0.93,LINK,-7.02
2026-09-30T10:24:03.133361+00:00,20.06,-5.33,61.52,21.36,83770,-0.39,2691.97,-0.79,TRX,0.99,LINK,-6.61
2026-09-30T10:28:03.122277+00:00,20.26,-4.93,61.52,21.36,83818,-0.35,2693.09,-0.77,TRX,0.98,LINK,-6.5
2026-09-30T10:32:06.416122+00:00,19.83,-5.5,61.02,21.36,83765,-0.41,2692.06,-0.78,TRX,0.95,LINK,-6.51
2026-09-30T10:36:02.759859+00:00,21.05,-3.06,61.02,21.36,83825,-0.24,2695.56,-0.6,TRX,0.91,LINK,-6.11
2026-09-30T10:40:06.900117+00:00,21.56,-2.04,61.02,21.36,83866,-0.17,2695.17,-0.57,TRX,0.95,LINK,-5.81
2026-09-30T10:44:03.336151+00:00,21.13,-2.9,61.02,21.36,83834,-0.22,2692.59,-0.67,TRX,0.98,LINK,-5.86
2026-09-30T10:48:03.633489+00:00,21.15,-2.19,59.91,21.36,83846,-0.15,2692.56,-0.64,TRX,0.96,LINK,-5.88
2026-09-30T10:52:02.974911+00:00,21.0,-2.48,59.91,21.36,83871,-0.17,2692.56,-0.67,TRX,1.01,LINK,-5.99
2026-09-30T10:56:03.759020+00:00,21.06,-2.38,59.91,21.36,83898,-0.16,2694.01,-0.65,TRX,1.02,LINK,-6.04
2026-09-30T11:00:04.321649+00:00,21.15,-2.19,59.91,21.36,83897,-0.13,2694.41,-0.7,TRX,1.0,LINK,-5.9
2026-09-30T11:04:03.691152+00:00,20.07,-4.21,59.67,21.36,83762,-0.26,2689.26,-0.95,TRX,1.0,LINK,-6.2
2026-09-30T11:08:02.255242+00:00,19.65,-5.04,59.67,21.36,83730,-0.31,2689.47,-1.03,TRX,1.04,LINK,-6.58
2026-09-30T11:12:02.628418+00:00,19.67,-5.0,59.67,21.36,83714,-0.33,2688.65,-1.04,TRX,1.03,LINK,-6.32
2026-09-30T11:16:09.321553+00:00,20.24,-3.86,59.67,21.36,83789,-0.24,2689.58,-0.98,TRX,1.04,LINK,-6.47
2026-09-30T11:20:09.376527+00:00,19.65,-4.83,57.94,23.4,83773,-0.3,2688.38,-1.06,TRX,1.09,LINK,-6.55
2026-09-30T11:24:02.573538+00:00,19.14,-5.85,57.94,23.4,83697,-0.39,2687.05,-1.1,TRX,1.16,LINK,-6.46
2026-09-30T11:28:03.159587+00:00,20.18,-3.76,57.94,23.4,83821,-0.26,2693.56,-0.88,TRX,1.27,LINK,-6.18
2026-09-30T11:32:04.494181+00:00,19.84,-4.44,57.94,23.4,83817,-0.3,2692.93,-0.98,TRX,1.2,LINK,-6.37
2026-09-30T11:36:04.451715+00:00,17.81,-8.43,57.81,23.4,83772,-0.56,2693.07,-1.33,TRX,1.28,LINK,-6.98
2026-09-30T11:40:02.247299+00:00,18.33,-7.39,57.81,23.4,83789,-0.52,2695.32,-1.14,TRX,1.38,LINK,-6.66
2026-09-30T11:44:03.028264+00:00,19.66,-4.73,57.81,23.4,83909,-0.33,2697.91,-0.87,TRX,1.41,LINK,-6.07
2026-09-30T11:48:02.778500+00:00,18.72,-6.6,57.81,23.4,83887,-0.45,2697.05,-1.07,TRX,1.44,LINK,-6.38
2026-09-30T11:52:04.010939+00:00,18.06,-9.88,61.4,22.94,83862,-0.67,2695.89,-1.39,TRX,1.32,LINK,-6.62
2026-09-30T11:56:03.677417+00:00,17.92,-10.17,61.4,22.94,83821,-0.71,2694.97,-1.4,TRX,1.36,LINK,-6.31
2026-09-30T12:00:14.183510+00:00,18.46,-9.1,61.4,22.94,83820,-0.63,2694.82,-1.37,FIGR_HELOC,2.74,LINK,-6.12
2026-09-30T12:04:03.320857+00:00,18.93,-8.15,61.4,22.94,83873,-0.57,2695.72,-1.26,FIGR_HELOC,2.74,LINK,-5.68
2026-09-30T12:08:04.513090+00:00,18.84,-8.81,62.18,22.94,83789,-0.64,2694.09,-1.3,FIGR_HELOC,2.74,LINK,-5.64
2026-09-30T12:12:02.464363+00:00,18.72,-9.05,62.18,22.94,83765,-0.64,2692.62,-1.33,FIGR_HELOC,2.73,LINK,-5.93
2026-09-30T12:16:06.641374+00:00,19.06,-8.36,62.18,22.94,83809,-0.6,2695.79,-1.29,FIGR_HELOC,2.73,LINK,-5.91
2026-09-30T12:20:04.680611+00:00,17.69,-11.1,62.18,22.94,83757,-0.73,2693.93,-1.75,FIGR_HELOC,2.74,LINK,-6.51
2026-09-30T12:24:04.039737+00:00,18.68,-8.3,62.28,20.73,83765,-0.53,2693.5,-1.49,FIGR_HELOC,2.74,LINK,-6.29
2026-09-30T12:28:02.465107+00:00,19.93,-5.81,62.28,20.73,83870,-0.33,2697.62,-1.33,FIGR_HELOC,2.73,LINK,-6.19
2026-09-30T12:32:03.768513+00:00,20.58,-4.51,62.28,20.73,83872,-0.26,2697.97,-1.19,FIGR_HELOC,2.73,LINK,-6.06
2026-09-30T12:36:02.964486+00:00,22.06,-1.53,62.28,20.73,84256,-0.02,2713.1,-0.98,FIGR_HELOC,2.73,LINK,-5.11
2026-09-30T12:40:04.082275+00:00,23.24,0.67,62.52,20.73,84607,0.24,2720.13,-0.82,FIGR_HELOC,2.74,LINK,-5.09
2026-09-30T12:44:02.845840+00:00,25.38,4.95,62.52,20.73,84942,0.56,2729.2,-0.51,FIGR_HELOC,2.73,LINK,-4.26
2026-09-30T12:48:03.247557+00:00,26.72,7.63,62.52,20.73,84922,0.73,2733.16,-0.16,FIGR_HELOC,2.73,LINK,-3.79
2026-09-30T12:52:03.055886+00:00,28.01,10.21,62.52,20.73,85080,0.97,2732.31,-0.07,FIGR_HELOC,2.73,LINK,-3.7
2026-09-30T12:56:05.006201+00:00,29.27,13.42,61.36,20.73,85393,1.28,2735.78,0.03,FIGR_HELOC,2.73,LINK,-3.09
2026-09-30T13:00:04.199936+00:00,29.47,13.83,61.36,20.73,85429,1.31,2735.95,-0.01,FIGR_HELOC,2.71,LINK,-3.19
2026-09-30T13:04:03.047616+00:00,27.58,10.06,61.36,20.73,85171,1.02,2728.27,-0.32,FIGR_HELOC,2.73,LINK,-3.77
2026-09-30T13:08:02.942376+00:00,28.24,11.36,61.36,20.73,85216,1.1,2730.03,-0.23,FIGR_HELOC,2.73,LINK,-3.79
2026-09-30T13:12:05.527655+00:00,29.6,13.3,62.67,20.73,85510,1.28,2733.57,-0.16,FIGR_HELOC,2.72,LINK,-3.64
2026-09-30T13:16:07.450830+00:00,29.78,13.66,62.67,20.73,85432,1.26,2733.41,-0.02,FIGR_HELOC,2.7,LINK,-3.46
2026-09-30T13:20:04.284629+00:00,29.05,12.21,62.67,20.73,85395,1.16,2732.51,-0.1,FIGR_HELOC,2.71,LINK,-3.69
2026-09-30T13:24:02.880553+00:00,28.07,10.25,62.67,20.73,85293,1.03,2725.98,-0.3,FIGR_HELOC,2.71,LINK,-3.87
2026-09-30T13:28:04.463106+00:00,29.16,10.55,65.77,20.73,85277,1.06,2723.39,-0.41,FIGR_HELOC,2.71,LINK,-3.98
2026-09-30T13:32:03.556727+00:00,29.59,11.41,65.77,20.73,85167,1.11,2721.71,-0.36,ZEC,3.47,LINK,-3.41
2026-09-30T13:36:02.614337+00:00,31.84,15.93,65.77,20.73,85343,1.47,2727.97,0.0,ZEC,3.84,LINK,-3.1
2026-09-30T13:40:03.450183+00:00,24.78,1.8,65.77,20.73,84632,0.46,2702.77,-1.02,FIGR_HELOC,2.7,LINK,-4.98
2026-09-30T13:44:04.063657+00:00,22.34,-2.59,64.95,20.73,84176,0.05,2695.06,-1.09,FIGR_HELOC,2.7,LINK,-4.95
2026-09-30T13:48:03.093607+00:00,24.1,0.93,64.95,20.73,84463,0.32,2699.99,-0.87,FIGR_HELOC,2.71,LINK,-4.24
2026-09-30T13:52:02.823654+00:00,24.75,2.25,64.95,20.73,84574,0.43,2705.22,-0.79,FIGR_HELOC,2.71,LINK,-3.91
2026-09-30T13:56:03.587123+00:00,22.95,-1.36,64.95,20.73,84529,0.19,2703.63,-1.1,FIGR_HELOC,2.71,LINK,-4.41
2026-09-30T14:00:19.926160+00:00,24.43,1.44,65.21,20.73,84533,0.37,2706.7,-0.75,FIGR_HELOC,2.71,LINK,-4.09
2026-09-30T14:04:03.092694+00:00,25.57,3.73,65.21,20.73,84488,0.53,2706.63,-0.63,FIGR_HELOC,2.71,LINK,-3.75
2026-09-30T14:08:02.406709+00:00,26.74,6.07,65.21,20.73,84496,0.68,2707.11,-0.43,ZEC,2.79,LINK,-3.33
2026-09-30T14:12:02.466651+00:00,25.92,4.42,65.21,20.73,84350,0.55,2703.31,-0.53,FIGR_HELOC,2.71,LINK,-3.63
2026-09-30T14:16:09.966916+00:00,25.48,3.54,65.21,20.73,84345,0.5,2700.88,-0.6,FIGR_HELOC,2.71,LINK,-3.73
2026-09-30T14:20:04.890178+00:00,22.86,-1.71,65.21,20.73,84117,0.13,2694.12,-0.91,FIGR_HELOC,2.71,LINK,-4.53
2026-09-30T14:24:02.612314+00:00,22.82,-1.78,65.21,20.73,84076,0.14,2692.56,-0.9,FIGR_HELOC,2.71,LINK,-4.58
2026-09-30T14:28:02.882354+00:00,20.84,-5.74,65.21,20.73,83918,-0.12,2685.76,-1.25,FIGR_HELOC,2.71,LINK,-5.01
2026-09-30T14:32:04.915367+00:00,20.28,-7.72,65.45,22.51,83712,-0.27,2679.07,-1.35,FIGR_HELOC,2.71,LINK,-5.48
2026-09-30T14:36:02.974001+00:00,19.6,-9.07,65.45,22.51,83517,-0.41,2674.02,-1.45,FIGR_HELOC,2.69,LINK,-5.58
2026-09-30T14:40:02.860840+00:00,19.71,-8.86,65.45,22.51,83582,-0.34,2673.44,-1.5,FIGR_HELOC,2.69,LINK,-6.03
2026-09-30T14:44:03.252281+00:00,19.25,-9.77,65.45,22.51,83556,-0.4,2673.78,-1.52,FIGR_HELOC,2.7,LINK,-6.61
2026-09-30T14:48:03.997247+00:00,19.35,-9.33,65.03,22.51,83583,-0.36,2674.66,-1.44,FIGR_HELOC,2.7,LINK,-6.74
2026-09-30T14:52:02.655552+00:00,20.79,-6.45,65.03,22.51,83677,-0.14,2677.95,-1.26,FIGR_HELOC,2.69,LINK,-6.54
2026-09-30T14:56:03.457755+00:00,21.26,-5.5,65.03,22.51,83792,-0.05,2679.85,-1.3,FIGR_HELOC,2.69,LINK,-6.53
2026-09-30T15:00:16.689527+00:00,22.19,-3.64,65.03,22.51,83853,0.09,2679.64,-1.2,FIGR_HELOC,2.51,LINK,-6.14
2026-09-30T15:04:04.551034+00:00,23.41,-2.33,65.45,24.72,83762,0.13,2678.66,-1.09,FIGR_HELOC,2.69,LINK,-5.71
2026-09-30T15:08:03.140095+00:00,25.37,1.59,65.45,24.72,83864,0.39,2680.45,-0.71,FIGR_HELOC,2.69,LINK,-5.22
2026-09-30T15:12:02.994292+00:00,25.46,1.76,65.45,24.72,83870,0.41,2680.07,-0.66,FIGR_HELOC,2.69,LINK,-5.44
2026-09-30T15:16:08.914215+00:00,26.56,3.97,65.45,24.72,83925,0.59,2680.24,-0.51,FIGR_HELOC,2.88,LINK,-5.05
2026-09-30T15:20:05.842171+00:00,27.73,5.93,66.07,24.72,83882,0.72,2677.78,-0.35,FIGR_HELOC,2.89,LINK,-4.82
2026-09-30T15:24:02.709578+00:00,27.77,6.0,66.07,24.72,83828,0.74,2675.21,-0.39,FIGR_HELOC,2.89,LINK,-4.76
2026-09-30T15:28:02.610256+00:00,28.93,8.34,66.07,24.72,83704,0.86,2671.85,-0.13,FIGR_HELOC,2.89,LINK,-4.37
2026-09-30T15:32:04.696316+00:00,29.81,10.09,66.07,24.72,83826,1.01,2675.17,-0.07,FIGR_HELOC,2.89,LINK,-4.44
2026-09-30T15:36:03.889080+00:00,30.32,11.82,64.89,24.72,84091,1.11,2682.65,0.06,FIGR_HELOC,2.88,LINK,-4.0
2026-09-30T15:40:02.760191+00:00,30.65,12.48,64.89,24.72,84128,1.18,2683.61,0.11,FIGR_HELOC,2.88,LINK,-3.77
2026-09-30T15:44:02.456968+00:00,30.86,12.89,64.89,24.72,84135,1.19,2683.87,0.16,FIGR_HELOC,2.88,LINK,-3.78
2026-09-30T15:48:02.593849+00:00,30.39,11.96,64.89,24.72,84083,1.13,2681.19,0.04,FIGR_HELOC,2.88,LINK,-3.94
2026-09-30T15:52:03.948143+00:00,31.63,14.1,65.46,24.72,84190,1.26,2686.15,0.25,ZEC,3.32,LINK,-3.51
2026-09-30T15:56:03.395630+00:00,33.29,17.42,65.46,24.72,84201,1.48,2685.51,0.57,ZEC,3.65,LINK,-3.19
2026-09-30T16:00:14.703802+00:00,33.29,17.42,65.46,24.72,84201,1.48,2685.51,0.57,ZEC,3.65,LINK,-3.19
2026-09-30T16:04:03.119491+00:00,31.54,13.93,65.46,24.72,84117,1.22,2681.68,0.3,ZEC,3.59,LINK,-3.78
2026-09-30T16:08:03.714804+00:00,32.92,17.43,65.69,22.51,84272,1.49,2686.35,0.53,ZEC,4.31,LINK,-3.6
2026-09-30T16:12:02.649163+00:00,33.05,17.69,65.69,22.51,84315,1.55,2686.62,0.42,ZEC,4.48,LINK,-3.71
2026-09-30T16:16:08.273532+00:00,32.92,17.42,65.69,22.51,84267,1.52,2686.03,0.41,ZEC,4.25,LINK,-3.03
2026-09-30T16:20:04.488156+00:00,32.38,16.34,65.69,22.51,84295,1.45,2687.23,0.32,ZEC,3.78,LINK,-2.96
2026-09-30T16:24:04.174688+00:00,33.02,16.81,66.83,22.81,84371,1.48,2689.53,0.37,ZEC,4.2,LINK,-3.05
2026-09-30T16:28:03.177203+00:00,32.76,16.3,66.83,22.81,84416,1.42,2691.13,0.36,ZEC,4.06,LINK,-3.0
2026-09-30T16:32:04.409140+00:00,32.39,15.56,66.83,22.81,84283,1.32,2687.74,0.32,ZEC,4.07,LINK,-2.69
2026-09-30T16:36:03.312991+00:00,31.75,14.27,66.83,22.81,84276,1.25,2685.24,0.14,ZEC,3.76,LINK,-2.72
2026-09-30T16:40:04.546033+00:00,31.3,13.49,66.64,22.81,84220,1.18,2684.37,0.1,ZEC,3.79,LINK,-2.71
2026-09-30T16:44:03.174954+00:00,33.54,17.98,66.64,22.81,84241,1.41,2686.61,0.46,ZEC,4.71,RAIN,-2.45
2026-09-30T16:48:03.038080+00:00,34.75,20.4,66.64,22.81,84307,1.57,2689.77,0.66,ZEC,5.55,RAIN,-2.39
2026-09-30T16:52:04.068364+00:00,34.83,20.54,66.64,22.81,84330,1.58,2689.66,0.59,ZEC,5.73,RAIN,-2.92
2026-09-30T16:56:05.662017+00:00,35.81,22.31,66.96,22.81,84319,1.68,2690.95,0.76,ZEC,5.85,RAIN,-3.21
2026-09-30T17:00:15.160137+00:00,34.57,19.84,66.96,22.81,84278,1.5,2693.36,0.69,ZEC,5.29,RAIN,-3.54
2026-09-30T17:04:03.145464+00:00,34.53,19.77,66.96,22.81,84287,1.49,2693.41,0.67,ZEC,5.61,RAIN,-3.96
2026-09-30T17:08:02.570637+00:00,33.82,18.35,66.96,22.81,84276,1.38,2693.3,0.61,HYPE,5.31,RAIN,-4.3
2026-09-30T17:12:03.803554+00:00,34.56,18.41,69.31,22.81,84279,1.39,2692.43,0.54,ZEC,5.47,RAIN,-4.0
2026-09-30T17:16:07.522963+00:00,34.65,18.58,69.31,22.81,84274,1.39,2691.7,0.52,HYPE,5.89,RAIN,-3.03
2026-09-30T17:20:04.380901+00:00,33.81,16.92,69.31,22.81,84143,1.27,2687.3,0.4,HYPE,5.09,RAIN,-3.03
2026-09-30T17:24:03.047577+00:00,34.02,17.32,69.31,22.81,84105,1.27,2686.2,0.48,HYPE,5.17,RAIN,-2.97
2026-09-30T17:28:04.080833+00:00,33.34,15.1,70.0,23.96,84063,1.11,2684.11,0.28,HYPE,4.89,RAIN,-3.23
2026-09-30T17:32:04.923788+00:00,33.59,15.59,70.0,23.96,84152,1.16,2685.34,0.29,ZEC,4.57,RAIN,-3.27
2026-09-30T17:36:02.725555+00:00,32.93,14.27,70.0,23.96,84064,1.09,2681.86,0.21,ZEC,4.05,RAIN,-3.42
2026-09-30T17:40:05.479604+00:00,32.16,12.74,70.0,23.96,83929,0.98,2676.97,0.11,HYPE,3.7,RAIN,-3.42
2026-09-30T17:44:04.255716+00:00,32.65,13.28,70.71,23.96,83980,1.04,2678.81,0.16,HYPE,3.52,RAIN,-3.59
2026-09-30T17:48:03.284429+00:00,33.03,14.05,70.71,23.96,83990,1.07,2678.91,0.23,HYPE,3.63,RAIN,-3.36
2026-09-30T17:52:02.780118+00:00,34.46,16.91,70.71,23.96,84052,1.26,2681.98,0.41,HYPE,4.95,RAIN,-3.2
2026-09-30T17:54:59.271172+00:00,34.33,16.64,70.71,23.96,84070,1.24,2682.95,0.42,HYPE,4.65,RAIN,-3.27
2026-09-30T17:56:03.370457+00:00,33.99,15.96,70.71,23.96,84011,1.2,2680.95,0.38,HYPE,4.35,RAIN,-3.44
2026-09-30T18:00:18.930278+00:00,33.1,14.99,69.75,23.39,83993,1.14,2680.45,0.29,HYPE,4.24,RAIN,-3.22
2026-09-30T18:04:03.056637+00:00,31.84,12.47,69.75,23.39,83992,0.95,2681.28,0.15,HYPE,4.19,RAIN,-3.36
2026-09-30T18:08:03.022101+00:00,30.35,9.48,69.75,23.39,83985,0.75,2680.78,-0.07,HYPE,3.59,RAIN,-3.51
2026-09-30T18:12:02.905835+00:00,31.08,10.95,69.75,23.39,84019,0.86,2682.28,0.08,HYPE,3.61,RAIN,-3.42
2026-09-30T18:16:09.461966+00:00,30.03,8.74,69.94,23.39,84017,0.71,2681.54,-0.12,HYPE,3.31,RAIN,-3.5
2026-09-30T18:20:04.218963+00:00,29.85,8.38,69.94,23.39,83960,0.68,2680.1,-0.14,HYPE,3.15,RAIN,-3.64
2026-09-30T18:24:02.897533+00:00,29.01,6.7,69.94,23.39,83966,0.54,2681.07,-0.26,HYPE,3.94,RAIN,-3.53
2026-09-30T18:28:03.139860+00:00,28.9,6.48,69.94,23.39,83874,0.53,2677.88,-0.28,HYPE,3.78,RAIN,-3.47
2026-09-30T18:32:05.664432+00:00,28.89,6.95,69.11,23.39,83887,0.55,2678.39,-0.23,HYPE,3.82,RAIN,-3.49
2026-09-30T18:36:03.334402+00:00,27.68,4.54,69.11,23.39,83863,0.39,2677.89,-0.47,HYPE,3.56,RAIN,-3.51
2026-09-30T18:40:03.091621+00:00,26.7,2.58,69.11,23.39,83792,0.29,2673.91,-0.68,HYPE,2.95,RAIN,-3.62
2026-09-30T18:44:02.966508+00:00,25.99,1.15,69.11,23.39,83823,0.2,2674.0,-0.78,HYPE,3.4,RAIN,-3.82
2026-09-30T18:48:04.610514+00:00,25.44,2.0,67.32,21.23,83806,0.27,2673.72,-0.73,HYPE,3.65,RAIN,-3.73
2026-09-30T18:52:02.844035+00:00,25.35,1.82,67.32,21.23,83806,0.25,2674.63,-0.72,HYPE,3.49,RAIN,-3.68
2026-09-30T18:56:03.385139+00:00,25.98,3.07,67.32,21.23,83888,0.34,2677.35,-0.64,HYPE,3.68,RAIN,-3.61
2026-09-30T19:00:04.055841+00:00,26.21,3.54,67.32,21.23,83928,0.38,2678.26,-0.62,HYPE,3.64,RAIN,-3.76
2026-09-30T19:04:03.685195+00:00,26.34,2.85,67.99,22.59,83884,0.32,2678.17,-0.65,HYPE,3.47,RAIN,-3.61
2026-09-30T19:08:03.106981+00:00,25.89,1.96,67.99,22.59,83869,0.26,2678.1,-0.75,HYPE,3.85,RAIN,-3.75
2026-09-30T19:12:02.940335+00:00,25.44,1.06,67.99,22.59,83806,0.19,2676.94,-0.81,HYPE,3.86,RAIN,-3.74
2026-09-30T19:16:07.898276+00:00,25.53,1.24,67.99,22.59,83736,0.21,2673.6,-0.83,HYPE,3.7,RAIN,-3.81
2026-09-30T19:20:05.269764+00:00,24.37,-1.21,68.19,22.59,83628,0.03,2670.32,-0.95,HYPE,3.61,RAIN,-3.91
2026-09-30T19:24:03.063076+00:00,25.12,0.3,68.19,22.59,83726,0.14,2673.86,-0.86,HYPE,3.96,RAIN,-3.67
2026-09-30T19:28:03.071218+00:00,25.11,0.27,68.19,22.59,83694,0.16,2671.98,-0.88,HYPE,3.68,RAIN,-3.78
2026-09-30T19:32:04.456260+00:00,25.57,1.19,68.19,22.59,83723,0.22,2672.14,-0.82,HYPE,3.92,RAIN,-3.79
2026-09-30T19:36:03.224816+00:00,26.12,2.3,68.19,22.59,83816,0.3,2675.15,-0.76,HYPE,3.74,RAIN,-3.85
2026-09-30T19:40:03.808096+00:00,26.78,3.6,68.19,22.59,83845,0.39,2677.42,-0.65,HYPE,4.11,RAIN,-3.72
2026-09-30T19:44:02.580092+00:00,27.16,4.37,68.19,22.59,83831,0.42,2676.68,-0.61,HYPE,4.07,RAIN,-3.71
2026-09-30T19:48:02.713737+00:00,26.69,3.43,68.19,22.59,83787,0.32,2674.58,-0.6,HYPE,3.94,RAIN,-3.65
2026-09-30T19:52:03.541379+00:00,26.29,1.85,69.48,22.59,83678,0.17,2672.11,-0.65,HYPE,4.18,RAIN,-3.66
2026-09-30T19:56:03.159477+00:00,24.94,-0.84,69.48,22.59,83517,-0.04,2668.84,-0.8,HYPE,4.09,RAIN,-3.93
2026-09-30T20:00:14.026710+00:00,25.0,-0.73,69.48,22.59,83530,-0.03,2668.47,-0.81,HYPE,4.23,RAIN,-3.74
2026-09-30T20:04:03.140918+00:00,25.58,0.44,69.48,22.59,83547,0.04,2668.98,-0.7,HYPE,4.5,RAIN,-3.65
2026-09-30T20:08:03.446207+00:00,24.81,-1.08,69.45,22.59,83561,-0.05,2670.02,-0.78,HYPE,4.58,RAIN,-3.81
2026-09-30T20:12:02.300467+00:00,25.89,1.07,69.45,22.59,83568,0.09,2670.8,-0.6,HYPE,4.84,RAIN,-3.72
2026-09-30T20:16:08.381298+00:00,25.88,1.05,69.45,22.59,83585,0.09,2672.32,-0.62,HYPE,4.66,RAIN,-3.74
2026-09-30T20:20:03.988347+00:00,25.29,-0.13,69.45,22.59,83572,0.0,2673.81,-0.67,HYPE,4.45,RAIN,-3.73
2026-09-30T20:24:03.336370+00:00,25.68,0.65,69.45,22.59,83637,0.05,2676.41,-0.58,HYPE,4.66,RAIN,-3.83
2026-09-30T20:28:02.819082+00:00,26.09,1.47,69.45,22.59,83695,0.11,2678.32,-0.52,HYPE,5.3,RAIN,-3.62
2026-09-30T20:32:03.613621+00:00,26.21,1.72,69.45,22.59,83702,0.11,2679.15,-0.42,HYPE,5.13,RAIN,-3.53
2026-09-30T20:36:02.751144+00:00,25.82,0.94,69.45,22.59,83625,0.06,2678.26,-0.45,HYPE,5.03,RAIN,-3.58
2026-09-30T20:40:04.004938+00:00,25.93,1.08,69.58,22.59,83616,0.07,2678.31,-0.45,HYPE,4.96,RAIN,-3.46
2026-09-30T20:44:02.822663+00:00,26.0,1.22,69.58,22.59,83687,0.09,2679.74,-0.44,HYPE,4.94,RAIN,-3.6
2026-09-30T20:48:03.810590+00:00,25.91,1.03,69.58,22.59,83658,0.05,2679.58,-0.41,HYPE,4.92,RAIN,-3.42
2026-09-30T20:52:03.415138+00:00,25.53,0.28,69.58,22.59,83629,-0.0,2679.96,-0.44,HYPE,4.69,RAIN,-3.54
2026-09-30T20:56:05.365007+00:00,25.84,1.01,69.4,22.59,83674,0.06,2680.98,-0.37,HYPE,4.75,RAIN,-3.44
2026-09-30T21:00:03.163263+00:00,25.55,0.43,69.4,22.59,83609,0.01,2679.5,-0.36,HYPE,4.69,RAIN,-3.54
2026-09-30T21:04:02.867918+00:00,26.71,2.74,69.4,22.59,83669,0.17,2681.73,-0.2,HYPE,5.07,RAIN,-3.44
2026-09-30T21:08:03.025804+00:00,26.79,2.91,69.4,22.59,83699,0.22,2681.52,-0.24,HYPE,4.88,RAIN,-3.5
2026-09-30T21:12:04.349883+00:00,27.46,2.85,70.6,24.29,83703,0.22,2682.7,-0.18,HYPE,5.01,RAIN,-3.45
2026-09-30T21:16:08.492970+00:00,27.61,3.14,70.6,24.29,83722,0.25,2682.92,-0.19,HYPE,5.55,RAIN,-3.54
2026-09-30T21:20:04.504617+00:00,28.27,4.47,70.6,24.29,83742,0.35,2683.11,-0.11,HYPE,5.21,RAIN,-3.54
2026-09-30T21:24:02.406474+00:00,28.61,5.14,70.6,24.29,83749,0.38,2682.37,-0.01,HYPE,5.17,RAIN,-3.49
2026-09-30T21:28:03.680697+00:00,29.07,5.67,71.26,24.29,83697,0.39,2682.42,0.17,HYPE,5.22,RAIN,-3.41
2026-09-30T21:32:04.129310+00:00,28.92,5.37,71.26,24.29,83709,0.37,2682.95,0.16,HYPE,5.46,RAIN,-3.49
2026-09-30T21:36:02.731746+00:00,28.87,5.26,71.26,24.29,83722,0.34,2684.01,0.21,HYPE,6.01,RAIN,-3.33
2026-09-30T21:40:03.382285+00:00,28.96,5.44,71.26,24.29,83765,0.37,2684.43,0.2,HYPE,6.05,RAIN,-3.35
2026-09-30T21:44:04.226648+00:00,28.26,4.34,70.77,24.29,83714,0.26,2683.41,0.11,HYPE,6.68,RAIN,-3.59
2026-09-30T21:48:02.494945+00:00,28.69,5.21,70.77,24.29,83696,0.33,2683.03,0.2,HYPE,6.38,RAIN,-3.47
2026-09-30T21:52:02.451943+00:00,28.61,5.04,70.77,24.29,83702,0.35,2683.11,0.23,HYPE,6.1,RAIN,-3.44
2026-09-30T21:56:03.261072+00:00,28.11,4.05,70.77,24.29,83699,0.28,2682.51,0.18,HYPE,5.79,RAIN,-3.43
2026-09-30T22:00:18.824485+00:00,28.77,4.31,71.01,26.58,83715,0.3,2683.38,0.2,HYPE,5.99,RAIN,-3.4
2026-09-30T22:04:02.930781+00:00,28.03,2.82,71.01,26.58,83721,0.22,2682.75,0.01,HYPE,5.87,RAIN,-3.55
2026-09-30T22:08:02.654756+00:00,27.79,2.33,71.01,26.58,83687,0.21,2681.21,-0.0,HYPE,5.64,RAIN,-3.6
2026-09-30T22:12:02.320401+00:00,26.52,-0.19,71.01,26.58,83575,-0.0,2678.11,-0.15,HYPE,5.38,RAIN,-3.69
2026-09-30T22:16:08.136631+00:00,26.9,0.46,71.18,26.58,83645,0.04,2679.7,-0.11,HYPE,5.47,RAIN,-3.49
2026-09-30T22:20:04.323243+00:00,28.07,2.79,71.18,26.58,83704,0.18,2682.15,0.09,HYPE,5.98,RAIN,-3.45
2026-09-30T22:24:02.991383+00:00,27.55,1.76,71.18,26.58,83694,0.08,2683.73,0.09,HYPE,5.91,RAIN,-3.45
2026-09-30T22:28:02.343760+00:00,27.98,2.62,71.18,26.58,83746,0.15,2685.67,0.15,HYPE,6.01,RAIN,-3.41
2026-09-30T22:32:05.397331+00:00,29.42,5.26,71.56,26.58,83777,0.3,2687.5,0.44,HYPE,6.03,RAIN,-3.26
2026-09-30T22:36:02.297128+00:00,29.31,5.05,71.56,26.58,83790,0.29,2688.67,0.42,HYPE,5.91,RAIN,-3.17
2026-09-30T22:40:03.045035+00:00,29.41,5.25,71.56,26.58,83791,0.3,2689.67,0.44,HYPE,5.88,RAIN,-3.03
2026-09-30T22:44:03.026176+00:00,29.2,4.83,71.56,26.58,83793,0.26,2690.32,0.4,HYPE,5.77,RAIN,-3.25
2026-09-30T22:48:04.601909+00:00,28.94,4.73,70.87,26.58,83772,0.25,2689.81,0.38,HYPE,5.93,RAIN,-3.23
2026-09-30T22:52:03.181804+00:00,28.39,3.63,70.87,26.58,83728,0.18,2688.78,0.29,HYPE,5.84,RAIN,-3.21
2026-09-30T22:56:03.604347+00:00,28.02,2.89,70.87,26.58,83689,0.13,2687.53,0.23,HYPE,5.58,RAIN,-3.35
2026-09-30T23:00:03.779565+00:00,27.84,2.53,70.87,26.58,83677,0.1,2687.05,0.21,HYPE,5.81,RAIN,-3.29
2026-09-30T23:04:03.730970+00:00,27.86,2.29,70.7,27.56,83677,0.06,2688.02,0.23,HYPE,5.86,RAIN,-3.34
2026-09-30T23:08:02.148221+00:00,26.83,0.22,70.7,27.56,83686,-0.09,2688.47,0.09,HYPE,5.76,RAIN,-3.29
2026-09-30T23:12:03.809900+00:00,26.13,-1.17,70.7,27.56,83609,-0.19,2685.39,0.0,HYPE,5.39,RAIN,-3.13
2026-09-30T23:16:07.335329+00:00,26.24,-0.97,70.7,27.56,83650,-0.18,2686.73,0.01,HYPE,5.28,RAIN,-3.09
2026-09-30T23:20:05.339690+00:00,26.28,-0.25,70.87,25.74,83675,-0.14,2687.68,0.12,HYPE,5.2,RAIN,-2.9
2026-09-30T23:24:02.147044+00:00,27.02,1.22,70.87,25.74,83671,-0.04,2688.18,0.25,HYPE,5.63,RAIN,-2.85
2026-09-30T23:28:02.744630+00:00,27.3,1.79,70.87,25.74,83722,0.01,2690.04,0.32,HYPE,5.26,RAIN,-2.88
2026-09-30T23:32:04.081146+00:00,26.94,1.06,70.87,25.74,83640,-0.08,2688.42,0.34,HYPE,5.13,RAIN,-2.8
2026-09-30T23:36:04.693033+00:00,26.73,0.51,71.09,25.74,83513,-0.14,2684.52,0.28,HYPE,5.36,RAIN,-2.92
2026-09-30T23:40:07.268897+00:00,27.22,1.49,71.09,25.74,83612,-0.08,2687.84,0.34,HYPE,5.57,RAIN,-2.82
2026-09-30T23:44:03.206179+00:00,27.67,2.39,71.09,25.74,83609,-0.05,2688.85,0.46,HYPE,5.71,RAIN,-2.68
2026-09-30T23:48:02.653312+00:00,27.19,1.42,71.09,25.74,83572,-0.12,2687.76,0.37,HYPE,5.72,RAIN,-2.81
2026-09-30T23:52:03.203716+00:00,27.62,0.69,71.26,29.5,83529,-0.17,2686.62,0.32,HYPE,5.82,RAIN,-2.65
2026-09-30T23:56:03.458267+00:00,28.08,1.61,71.26,29.5,83580,-0.06,2685.34,0.3,HYPE,5.82,RAIN,-2.8
2026-10-01T00:00:04.860429+00:00,27.79,1.03,71.26,29.5,83541,-0.11,2683.68,0.26,HYPE,5.68,RAIN,-2.88
2026-10-01T00:04:03.603409+00:00,27.11,-0.34,71.26,29.5,83511,-0.2,2683.18,0.19,HYPE,5.62,RAIN,-2.85
2026-10-01T00:08:03.599793+00:00,27.22,-0.11,71.26,29.5,83496,-0.2,2682.42,0.21,HYPE,5.43,RAIN,-2.73
2026-10-01T00:12:02.190508+00:00,28.0,1.45,71.26,29.5,83459,-0.09,2681.63,0.32,HYPE,5.37,RAIN,-2.59
2026-10-01T00:16:07.587560+00:00,28.48,2.42,71.26,29.5,83488,-0.03,2682.1,0.4,HYPE,5.39,RAIN,-2.53
2026-10-01T00:20:04.746345+00:00,28.27,1.98,71.26,29.5,83421,-0.03,2679.02,0.33,HYPE,4.96,RAIN,-2.74
2026-10-01T00:24:03.863495+00:00,28.8,3.15,71.09,29.5,83428,0.04,2679.49,0.46,HYPE,5.42,RAIN,-2.57
2026-10-01T00:28:02.757091+00:00,28.28,2.1,71.09,29.5,83440,-0.06,2681.82,0.44,HYPE,5.38,RAIN,-2.49
2026-10-01T00:32:04.301701+00:00,27.34,0.23,71.09,29.5,83446,-0.15,2681.8,0.31,HYPE,4.65,RAIN,-2.56
2026-10-01T00:36:02.345999+00:00,26.97,-0.5,71.09,29.5,83424,-0.19,2680.62,0.24,HYPE,4.52,RAIN,-2.69
2026-10-01T00:40:04.300676+00:00,27.9,1.35,71.09,29.5,83452,-0.05,2681.08,0.36,HYPE,4.53,RAIN,-2.59
2026-10-01T00:44:02.701619+00:00,28.24,2.03,71.09,29.5,83480,-0.01,2684.21,0.5,HYPE,4.44,RAIN,-2.56
2026-10-01T00:48:02.730394+00:00,28.95,3.45,71.09,29.5,83503,0.08,2685.31,0.6,HYPE,4.79,RAIN,-2.49
2026-10-01T00:52:03.258451+00:00,29.38,4.31,71.09,29.5,83485,0.16,2685.47,0.67,HYPE,4.82,RAIN,-2.43
2026-10-01T00:56:04.914367+00:00,28.36,4.05,70.63,25.74,83465,0.16,2684.53,0.61,HYPE,4.57,RAIN,-2.37
2026-10-01T01:00:19.987958+00:00,27.84,3.01,70.63,25.74,83491,0.1,2684.24,0.51,HYPE,4.1,RAIN,-2.48
2026-10-01T01:04:02.936564+00:00,27.46,2.24,70.63,25.74,83464,0.05,2683.64,0.45,HYPE,4.12,RAIN,-2.54
2026-10-01T01:08:02.618117+00:00,27.93,3.19,70.63,25.74,83501,0.14,2683.78,0.49,HYPE,4.19,RAIN,-2.52
2026-10-01T01:12:03.215146+00:00,28.15,3.24,71.26,25.74,83550,0.15,2685.79,0.49,HYPE,4.27,RAIN,-2.44
2026-10-01T01:16:08.000784+00:00,28.36,3.67,71.26,25.74,83550,0.19,2686.44,0.56,HYPE,4.06,RAIN,-2.38
2026-10-01T01:20:04.617169+00:00,28.72,4.39,71.26,25.74,83563,0.23,2687.99,0.64,HYPE,4.26,RAIN,-2.36
2026-10-01T01:24:02.259501+00:00,28.7,4.34,71.26,25.74,83613,0.24,2689.74,0.64,HYPE,4.13,RAIN,-2.32
2026-10-01T01:28:03.951478+00:00,28.13,4.24,72.05,21.95,83625,0.21,2690.75,0.66,HYPE,4.13,RAIN,-2.37
2026-10-01T01:32:03.873238+00:00,28.68,5.34,72.05,21.95,83607,0.3,2690.16,0.75,HYPE,4.03,RAIN,-2.31
2026-10-01T01:36:03.052114+00:00,28.37,4.73,72.05,21.95,83519,0.23,2688.94,0.76,HYPE,4.2,RAIN,-2.24
2026-10-01T01:40:02.526016+00:00,27.86,3.71,72.05,21.95,83456,0.16,2686.6,0.69,HYPE,4.06,RAIN,-2.35
2026-10-01T01:44:03.762102+00:00,27.98,3.86,72.2,21.95,83519,0.19,2688.18,0.7,HYPE,3.84,RAIN,-2.4
2026-10-01T01:48:02.677120+00:00,27.48,2.85,72.2,21.95,83527,0.13,2688.52,0.62,HYPE,3.71,RAIN,-2.39
2026-10-01T01:52:02.258581+00:00,26.98,1.86,72.2,21.95,83477,0.06,2687.97,0.57,HYPE,3.45,RAIN,-2.43
2026-10-01T01:56:03.487004+00:00,27.23,2.37,72.2,21.95,83479,0.07,2688.36,0.62,HYPE,3.66,RAIN,-2.44
2026-10-01T02:00:07.722100+00:00,28.96,2.67,72.99,28.63,83488,0.08,2689.18,0.67,HYPE,3.74,RAIN,-2.35
2026-10-01T02:04:02.792589+00:00,28.7,2.15,72.99,28.63,83517,0.06,2690.08,0.63,HYPE,3.61,RAIN,-2.42
2026-10-01T02:08:02.990018+00:00,28.27,1.28,72.99,28.63,83510,0.0,2690.14,0.6,HYPE,3.58,RAIN,-2.5
2026-10-01T02:12:02.552631+00:00,29.02,2.79,72.99,28.63,83567,0.12,2691.39,0.71,HYPE,3.96,RAIN,-2.42
2026-10-01T02:16:09.347725+00:00,28.84,3.32,72.27,27.5,83588,0.16,2691.36,0.76,HYPE,3.93,RAIN,-2.38
2026-10-01T02:20:03.708033+00:00,28.85,3.33,72.27,27.5,83536,0.17,2689.11,0.77,HYPE,3.71,RAIN,-2.4
2026-10-01T02:24:02.713262+00:00,27.38,0.4,72.27,27.5,83426,-0.03,2683.79,0.49,HYPE,3.28,RAIN,-2.6
2026-10-01T02:28:02.730436+00:00,27.66,0.96,72.27,27.5,83423,-0.01,2684.47,0.59,HYPE,3.25,RAIN,-2.57
2026-10-01T02:32:05.361419+00:00,28.24,2.35,71.89,27.5,83459,0.09,2686.12,0.68,HYPE,3.33,RAIN,-2.49
2026-10-01T02:36:02.358748+00:00,29.16,4.19,71.89,27.5,83516,0.22,2688.79,0.82,HYPE,3.61,RAIN,-2.32
2026-10-01T02:40:03.595670+00:00,28.61,3.09,71.89,27.5,83434,0.16,2686.1,0.73,HYPE,3.54,RAIN,-2.36
2026-10-01T02:44:03.301607+00:00,28.02,1.9,71.89,27.5,83411,0.09,2685.24,0.58,HYPE,3.34,RAIN,-2.54
2026-10-01T02:48:03.388146+00:00,27.67,0.6,72.91,27.5,83387,0.0,2684.18,0.44,HYPE,3.24,RAIN,-2.71
2026-10-01T02:52:02.712505+00:00,27.3,-0.15,72.91,27.5,83373,-0.04,2683.63,0.35,HYPE,3.07,RAIN,-2.79
2026-10-01T02:56:02.712621+00:00,27.92,1.1,72.91,27.5,83436,0.05,2685.05,0.37,HYPE,3.27,RAIN,-2.75
2026-10-01T03:00:04.064520+00:00,28.63,2.51,72.91,27.5,83466,0.14,2686.24,0.48,HYPE,3.74,RAIN,-2.63
2026-10-01T03:04:03.849157+00:00,28.94,3.22,72.76,27.5,83472,0.17,2687.52,0.56,HYPE,3.92,RAIN,-2.59
2026-10-01T03:08:02.337586+00:00,28.17,1.68,72.76,27.5,83426,0.07,2685.12,0.44,HYPE,3.63,RAIN,-2.71
2026-10-01T03:12:02.805816+00:00,28.48,2.31,72.76,27.5,83422,0.12,2685.2,0.48,HYPE,3.63,RAIN,-2.68
2026-10-01T03:16:08.184832+00:00,28.82,2.98,72.76,27.5,83437,0.17,2686.5,0.54,HYPE,3.65,RAIN,-2.63
2026-10-01T03:20:05.219339+00:00,29.99,5.2,72.96,27.5,83462,0.3,2687.34,0.68,HYPE,3.94,RAIN,-2.51
2026-10-01T03:24:02.996652+00:00,29.03,3.29,72.96,27.5,83401,0.17,2684.27,0.52,HYPE,3.62,RAIN,-2.71
2026-10-01T03:28:02.935272+00:00,29.26,3.75,72.96,27.5,83402,0.2,2684.69,0.56,HYPE,3.6,RAIN,-2.68
2026-10-01T03:32:04.300137+00:00,29.68,4.59,72.96,27.5,83469,0.25,2686.11,0.62,HYPE,3.67,RAIN,-2.57
2026-10-01T03:36:03.662100+00:00,30.33,4.52,75.24,27.5,83448,0.26,2685.83,0.61,HYPE,3.63,RAIN,-2.66
2026-10-01T03:40:05.764094+00:00,30.04,3.94,75.24,27.5,83529,0.23,2688.34,0.57,HYPE,3.4,RAIN,-2.67
2026-10-01T03:44:02.598602+00:00,30.24,4.33,75.24,27.5,83580,0.26,2689.53,0.59,HYPE,3.35,RAIN,-2.63
2026-10-01T03:48:02.815943+00:00,31.08,6.01,75.24,27.5,83637,0.39,2689.84,0.63,HYPE,3.44,RAIN,-2.61
2026-10-01T03:52:03.611086+00:00,31.35,5.98,76.19,27.5,83605,0.38,2689.05,0.62,HYPE,3.56,RAIN,-2.65
2026-10-01T03:56:02.758318+00:00,32.18,7.65,76.19,27.5,83689,0.49,2692.22,0.78,HYPE,3.71,RAIN,-2.45
2026-10-01T04:00:04.412970+00:00,32.55,8.39,76.19,27.5,83702,0.53,2693.71,0.88,HYPE,3.53,RAIN,-2.32
2026-10-01T04:04:02.427447+00:00,32.1,7.48,76.19,27.5,83728,0.47,2695.47,0.85,HYPE,3.3,RAIN,-2.19
2026-10-01T04:08:03.640351+00:00,30.82,7.46,71.95,27.5,83728,0.49,2695.6,0.84,HYPE,3.16,RAIN,-1.68
2026-10-01T04:12:02.388342+00:00,31.35,8.53,71.95,27.5,83734,0.58,2695.36,0.9,HYPE,3.52,RAIN,-1.67
2026-10-01T04:16:08.013555+00:00,31.54,8.9,71.95,27.5,83846,0.63,2697.61,0.92,HYPE,3.61,LEO,-1.61
2026-10-01T04:20:04.313701+00:00,30.59,7.01,71.95,27.5,83801,0.51,2696.27,0.79,HYPE,3.41,RAIN,-1.68
2026-10-01T04:24:03.661815+00:00,30.61,6.28,71.48,30.11,83694,0.42,2696.02,0.83,HYPE,3.37,LEO,-1.76
2026-10-01T04:28:03.180359+00:00,30.78,6.63,71.48,30.11,83735,0.45,2695.65,0.84,HYPE,3.23,RAIN,-1.79
2026-10-01T04:32:03.784357+00:00,31.81,8.69,71.48,30.11,83795,0.61,2695.96,0.94,HYPE,3.48,LEO,-1.77
2026-10-01T04:36:03.147932+00:00,31.43,7.92,71.48,30.11,83752,0.56,2692.87,0.85,HYPE,3.14,LEO,-1.77
2026-10-01T04:40:07.547786+00:00,30.65,8.06,71.31,26.13,83809,0.58,2693.81,0.82,HYPE,2.99,LEO,-1.77
2026-10-01T04:44:03.070519+00:00,31.19,9.15,71.31,26.13,83858,0.67,2696.0,0.91,HYPE,3.07,LEO,-1.74
2026-10-01T04:48:03.450366+00:00,31.81,10.38,71.31,26.13,83879,0.75,2697.45,1.05,HYPE,3.56,LEO,-1.76
2026-10-01T04:52:03.758451+00:00,33.61,13.98,71.31,26.13,84053,1.0,2707.08,1.37,HYPE,3.85,LEO,-1.76
2026-10-01T04:56:04.849704+00:00,33.96,14.47,71.68,26.13,84070,1.05,2707.07,1.38,HYPE,3.82,LEO,-1.73
2026-10-01T05:00:03.497588+00:00,33.45,13.44,71.68,26.13,83970,0.95,2704.66,1.34,HYPE,3.96,LEO,-1.93
2026-10-01T05:04:02.640616+00:00,33.04,12.63,71.68,26.13,84033,0.92,2705.49,1.27,HYPE,3.55,LEO,-1.79
2026-10-01T05:08:02.416973+00:00,33.68,13.9,71.68,26.13,84131,1.02,2708.1,1.39,HYPE,3.46,LEO,-1.8
2026-10-01T05:12:04.109765+00:00,34.18,14.7,72.0,26.13,84127,1.05,2708.81,1.48,HYPE,3.56,LEO,-1.8
2026-10-01T05:16:07.991504+00:00,35.11,16.56,72.0,26.13,84191,1.2,2711.28,1.64,HYPE,3.57,LEO,-1.8
2026-10-01T05:20:04.603654+00:00,34.95,16.25,72.0,26.13,84209,1.19,2712.13,1.66,HYPE,3.7,LEO,-1.8
2026-10-01T05:24:02.618443+00:00,35.03,16.4,72.0,26.13,84259,1.2,2713.73,1.68,HYPE,3.6,LEO,-1.8
2026-10-01T05:28:03.265886+00:00,33.38,15.12,68.65,26.13,84227,1.12,2712.05,1.52,HYPE,3.49,LEO,-1.8
2026-10-01T05:32:04.191967+00:00,32.66,13.67,68.65,26.13,84237,1.02,2712.65,1.4,HYPE,3.66,LEO,-1.8
2026-10-01T05:36:02.561948+00:00,32.51,13.38,68.65,26.13,84231,0.98,2713.27,1.41,HYPE,3.72,LEO,-1.86
2026-10-01T05:40:03.143461+00:00,32.72,13.79,68.65,26.13,84253,1.01,2714.63,1.44,HYPE,3.55,LEO,-1.87
2026-10-01T05:44:04.251434+00:00,32.52,13.5,68.48,26.13,84256,0.98,2716.42,1.48,HYPE,3.46,LEO,-1.87
2026-10-01T05:48:02.501358+00:00,32.14,12.74,68.48,26.13,84198,0.94,2714.04,1.41,HYPE,3.61,LEO,-1.87
2026-10-01T05:52:02.290520+00:00,32.34,13.15,68.48,26.13,84199,0.96,2713.79,1.45,HYPE,3.65,LEO,-1.7
2026-10-01T05:56:03.684363+00:00,33.69,15.84,68.48,26.13,84291,1.15,2717.11,1.67,HYPE,3.91,LEO,-1.64
2026-10-01T06:00:17.475406+00:00,33.84,14.73,70.85,26.13,84251,1.07,2716.09,1.59,HYPE,3.93,LEO,-1.65
2026-10-01T06:04:02.543678+00:00,33.41,13.86,70.85,26.13,84213,1.0,2715.02,1.54,HYPE,3.93,LEO,-1.95
2026-10-01T06:08:03.050342+00:00,34.16,15.36,70.85,26.13,84266,1.13,2715.76,1.63,HYPE,3.84,LEO,-1.95
2026-10-01T06:12:02.692876+00:00,34.79,16.61,70.85,26.13,84254,1.22,2714.61,1.69,HYPE,4.15,LEO,-1.95
2026-10-01T06:16:09.403482+00:00,36.68,19.71,72.0,26.13,84344,1.45,2717.84,1.93,HYPE,4.42,LEO,-2.41
2026-10-01T06:20:04.005570+00:00,36.46,19.27,72.0,26.13,84332,1.42,2717.57,1.93,HYPE,4.14,LEO,-2.21
2026-10-01T06:24:02.126814+00:00,36.39,19.13,72.0,26.13,84272,1.4,2715.8,1.9,HYPE,4.12,LEO,-2.18
2026-10-01T06:28:02.281798+00:00,37.4,21.16,72.0,26.13,84287,1.51,2718.32,2.1,HYPE,4.62,LEO,-2.2
2026-10-01T06:32:06.388906+00:00,36.71,20.62,72.71,22.95,84304,1.46,2720.25,2.1,HYPE,4.95,LEO,-1.83
2026-10-01T06:36:03.013866+00:00,35.71,18.61,72.71,22.95,84197,1.3,2716.3,1.96,HYPE,4.81,LEO,-1.83
2026-10-01T06:40:02.725502+00:00,35.81,18.82,72.71,22.95,84159,1.32,2715.55,1.99,HYPE,4.71,LEO,-1.85
2026-10-01T06:44:03.005325+00:00,35.06,17.32,72.71,22.95,84087,1.21,2711.78,1.88,HYPE,4.46,LEO,-2.34
2026-10-01T06:48:03.698331+00:00,36.19,19.58,72.71,22.95,84110,1.36,2712.77,2.04,HYPE,4.8,LEO,-2.18
2026-10-01T06:52:02.612866+00:00,36.33,19.86,72.71,22.95,84099,1.37,2713.62,2.07,HYPE,5.16,LEO,-2.18
2026-10-01T06:56:02.787639+00:00,36.12,19.44,72.71,22.95,84150,1.34,2715.79,2.01,HYPE,5.14,LEO,-2.19
2026-10-01T07:00:20.761473+00:00,36.14,19.47,72.71,22.95,84121,1.32,2715.51,2.02,HYPE,5.19,LEO,-2.19
2026-10-01T07:04:03.750485+00:00,35.12,17.44,72.71,22.95,84053,1.2,2712.8,1.83,HYPE,4.79,LEO,-2.01
2026-10-01T07:08:02.344268+00:00,36.2,19.6,72.71,22.95,84097,1.34,2713.8,1.95,HYPE,4.95,LEO,-2.02
2026-10-01T07:12:03.152437+00:00,36.65,20.5,72.71,22.95,84150,1.38,2717.6,2.11,HYPE,4.79,LEO,-2.17
2026-10-01T07:16:07.915590+00:00,35.76,18.72,72.71,22.95,84044,1.27,2713.21,1.94,HYPE,4.49,LEO,-2.01
2026-10-01T07:20:05.525764+00:00,32.81,14.08,72.05,20.78,83936,0.94,2709.25,1.6,HYPE,4.19,LEO,-2.01
2026-10-01T07:24:02.253458+00:00,29.33,7.11,72.05,20.78,83624,0.47,2692.66,0.88,HYPE,3.97,LEO,-1.99
2026-10-01T07:28:02.726000+00:00,26.55,1.57,72.05,20.78,83390,0.07,2684.85,0.49,HYPE,3.54,LEO,-2.0
2026-10-01T07:32:03.656991+00:00,26.53,1.52,72.05,20.78,83334,0.09,2681.53,0.41,HYPE,3.42,LEO,-2.01
2026-10-01T07:36:03.974457+00:00,27.97,4.4,72.05,20.78,83553,0.27,2689.05,0.67,HYPE,3.76,LEO,-1.66
2026-10-01T07:40:03.842324+00:00,27.04,2.54,72.05,20.78,83505,0.16,2688.01,0.53,HYPE,3.6,LEO,-2.18
2026-10-01T07:44:03.217094+00:00,26.47,1.41,72.05,20.78,83443,0.1,2682.08,0.32,HYPE,3.25,LEO,-2.07
2026-10-01T07:48:03.276349+00:00,26.87,2.19,72.05,20.78,83518,0.2,2681.12,0.29,HYPE,3.35,LEO,-2.25
2026-10-01T07:52:03.974923+00:00,25.86,1.59,69.71,20.78,83538,0.16,2682.91,0.25,HYPE,2.96,LEO,-2.24
2026-10-01T07:56:03.575767+00:00,26.12,2.11,69.71,20.78,83510,0.2,2681.52,0.26,HYPE,3.08,LEO,-2.25
2026-10-01T08:00:04.746611+00:00,25.58,1.02,69.71,20.78,83445,0.14,2676.8,0.07,HYPE,2.92,LEO,-2.03
2026-10-01T08:04:03.396118+00:00,25.62,1.1,69.71,20.78,83415,0.13,2677.06,0.12,HYPE,2.95,LEO,-2.45
2026-10-01T08:08:04.003887+00:00,25.67,2.55,69.22,18.17,83424,0.22,2677.45,0.28,HYPE,2.93,LEO,-2.45
2026-10-01T08:12:02.295307+00:00,25.67,2.54,69.22,18.17,83353,0.21,2674.81,0.28,HYPE,3.07,LEO,-2.58
2026-10-01T08:16:07.817253+00:00,26.14,3.49,69.22,18.17,83340,0.27,2676.68,0.39,HYPE,3.09,LEO,-2.45
2026-10-01T08:20:03.955239+00:00,26.0,3.2,69.22,18.17,83373,0.26,2677.09,0.37,HYPE,3.06,LEO,-2.43
2026-10-01T08:24:03.461084+00:00,25.9,2.08,69.77,19.65,83364,0.18,2677.09,0.3,HYPE,2.99,LEO,-2.44
2026-10-01T08:28:03.019972+00:00,27.02,4.32,69.77,19.65,83409,0.35,2679.87,0.44,HYPE,3.24,LEO,-2.44
2026-10-01T08:32:03.776469+00:00,27.67,5.62,69.77,19.65,83404,0.42,2680.55,0.55,HYPE,3.59,LEO,-2.44
2026-10-01T08:36:02.504614+00:00,26.64,3.57,69.77,19.65,83231,0.26,2676.46,0.43,HYPE,3.58,LEO,-2.09
2026-10-01T08:40:03.922001+00:00,26.71,3.61,69.93,19.65,83310,0.3,2677.91,0.4,HYPE,3.36,LEO,-2.1
2026-10-01T08:44:02.976998+00:00,27.67,5.52,69.93,19.65,83397,0.43,2681.48,0.57,HYPE,3.46,LEO,-2.39
2026-10-01T08:48:03.377203+00:00,27.09,4.36,69.93,19.65,83434,0.4,2681.87,0.4,HYPE,3.06,LEO,-2.59
2026-10-01T08:52:03.255715+00:00,27.74,5.67,69.93,19.65,83452,0.51,2682.81,0.5,HYPE,2.97,LEO,-2.55
2026-10-01T08:56:04.895364+00:00,28.02,6.23,69.93,19.65,83467,0.56,2682.04,0.51,HYPE,2.96,LEO,-2.42
2026-10-01T09:00:04.163120+00:00,28.31,6.8,69.93,19.65,83522,0.59,2685.84,0.59,HYPE,3.1,LEO,-2.41
2026-10-01T09:04:02.915476+00:00,27.61,5.4,69.93,19.65,83527,0.49,2685.47,0.49,HYPE,3.06,LEO,-2.42
2026-10-01T09:08:02.297521+00:00,27.06,4.31,69.93,19.65,83559,0.41,2686.32,0.38,HYPE,3.09,LEO,-2.41
2026-10-01T09:12:03.768502+00:00,27.49,4.79,70.55,19.65,83593,0.44,2687.66,0.37,HYPE,3.45,LEO,-2.42
2026-10-01T09:16:07.895424+00:00,27.61,5.02,70.55,19.65,83650,0.46,2689.16,0.45,HYPE,3.49,LEO,-2.25
2026-10-01T09:20:03.830274+00:00,27.46,4.74,70.55,19.65,83651,0.46,2687.59,0.38,HYPE,3.29,LEO,-1.97
2026-10-01T09:24:03.052895+00:00,27.41,4.63,70.55,19.65,83680,0.45,2689.22,0.37,HYPE,3.25,LEO,-1.97
2026-10-01T09:28:03.235235+00:00,26.99,3.79,70.55,19.65,83705,0.39,2690.58,0.29,HYPE,3.31,LEO,-1.97
2026-10-01T09:32:04.101499+00:00,26.64,3.1,70.55,19.65,83717,0.34,2692.11,0.27,HYPE,3.27,LEO,-2.09
2026-10-01T09:36:02.373615+00:00,26.06,1.93,70.55,19.65,83805,0.26,2695.73,0.22,HYPE,3.2,LEO,-2.03
2026-10-01T09:40:02.902826+00:00,25.92,1.65,70.55,19.65,83794,0.24,2695.46,0.2,HYPE,3.13,LEO,-2.03
2026-10-01T09:44:03.742907+00:00,26.48,3.26,69.74,19.65,83816,0.38,2694.6,0.28,HYPE,3.08,LEO,-2.05
2026-10-01T09:48:02.428482+00:00,26.31,2.91,69.74,19.65,83821,0.34,2694.32,0.28,HYPE,3.08,LEO,-2.04
2026-10-01T09:52:02.226358+00:00,25.96,2.22,69.74,19.65,83821,0.29,2693.67,0.19,HYPE,2.95,LEO,-2.04
2026-10-01T09:56:02.883812+00:00,25.33,0.95,69.74,19.65,83757,0.21,2691.0,0.08,HYPE,2.84,LEO,-2.04
2026-10-01T10:00:05.337077+00:00,25.27,0.72,69.94,19.65,83732,0.17,2689.48,0.09,HYPE,2.95,LEO,-2.04
2026-10-01T10:04:03.442274+00:00,23.13,-3.57,69.94,19.65,83558,-0.13,2681.97,-0.22,HYPE,2.64,XLM,-2.73
2026-10-01T10:08:02.100676+00:00,22.01,-5.8,69.94,19.65,83470,-0.29,2679.97,-0.34,HYPE,2.53,XLM,-3.23
2026-10-01T10:12:02.904728+00:00,23.27,-3.28,69.94,19.65,83607,-0.11,2685.21,-0.16,HYPE,2.76,XLM,-2.88
2026-10-01T10:16:09.678020+00:00,23.49,-3.1,70.36,19.65,83641,-0.08,2685.47,-0.18,HYPE,2.79,XLM,-2.7
2026-10-01T10:20:04.663372+00:00,23.51,-3.06,70.36,19.65,83567,-0.09,2683.71,-0.13,HYPE,2.72,XLM,-2.66
2026-10-01T10:24:02.573985+00:00,23.86,-2.36,70.36,19.65,83709,-0.02,2688.61,-0.07,HYPE,2.82,XLM,-2.94
2026-10-01T10:28:02.976364+00:00,22.79,-4.5,70.36,19.65,83653,-0.19,2686.65,-0.22,HYPE,2.63,XLM,-3.16
2026-10-01T10:32:05.479611+00:00,22.79,-4.6,70.54,19.65,83648,-0.17,2687.06,-0.23,HYPE,2.67,XLM,-3.36
2026-10-01T10:36:02.402730+00:00,23.29,-3.61,70.54,19.65,83743,-0.11,2690.93,-0.17,HYPE,3.07,XLM,-3.05
2026-10-01T10:40:03.093543+00:00,23.17,-3.85,70.54,19.65,83722,-0.16,2691.87,-0.12,HYPE,3.23,XLM,-2.88
2026-10-01T10:44:03.175251+00:00,23.57,-3.04,70.54,19.65,83713,-0.12,2691.4,-0.0,HYPE,3.39,XLM,-2.83
2026-10-01T10:48:04.143090+00:00,24.32,-1.77,70.93,19.65,83824,-0.02,2693.64,0.04,HYPE,3.69,XLM,-2.55
2026-10-01T10:52:03.055908+00:00,24.69,-1.04,70.93,19.65,83921,0.04,2697.17,0.16,HYPE,3.57,XLM,-2.2
2026-10-01T10:56:03.319600+00:00,24.67,-1.07,70.93,19.65,83941,0.05,2698.14,0.17,HYPE,3.36,ZEC,-2.34
2026-10-01T11:00:02.968372+00:00,24.77,-0.88,70.93,19.65,83948,0.07,2699.84,0.2,HYPE,3.39,ZEC,-2.4
2026-10-01T11:04:04.862180+00:00,24.73,-0.12,70.93,17.54,83855,0.12,2697.41,0.3,HYPE,3.21,ZEC,-2.57
2026-10-01T11:08:03.012967+00:00,24.97,0.36,70.93,17.54,83815,0.15,2695.95,0.31,HYPE,3.22,ZEC,-2.42
2026-10-01T11:12:02.817189+00:00,25.11,0.65,70.93,17.54,83860,0.18,2697.23,0.35,HYPE,3.12,ZEC,-2.69
2026-10-01T11:16:07.589478+00:00,24.7,-0.17,70.93,17.54,83863,0.1,2697.76,0.34,HYPE,3.21,ZEC,-2.63
2026-10-01T11:20:04.955553+00:00,24.96,-1.19,73.15,18.06,83813,0.02,2696.77,0.28,HYPE,3.09,ZEC,-2.83
2026-10-01T11:24:02.545946+00:00,25.18,-0.75,73.15,18.06,83787,0.07,2695.69,0.28,HYPE,3.41,ZEC,-2.74
2026-10-01T11:28:02.660761+00:00,24.18,-2.76,73.15,18.06,83765,-0.06,2695.0,0.07,HYPE,3.07,ZEC,-3.09
2026-10-01T11:32:03.981270+00:00,25.06,-1.0,73.15,18.06,83819,0.08,2696.59,0.19,HYPE,3.27,ZEC,-3.0
2026-10-01T11:36:04.283149+00:00,24.17,-1.87,72.01,17.54,83791,0.03,2695.05,0.06,HYPE,3.26,ZEC,-3.17
2026-10-01T11:40:02.998640+00:00,24.47,-1.29,72.01,17.54,83900,0.07,2699.08,0.06,HYPE,3.66,XLM,-2.61
2026-10-01T11:44:02.403660+00:00,24.3,-1.62,72.01,17.54,83943,0.03,2701.9,0.15,HYPE,3.8,XLM,-2.58
2026-10-01T11:48:03.195379+00:00,24.88,-0.46,72.01,17.54,83945,0.1,2703.35,0.27,HYPE,4.06,XLM,-2.5
2026-10-01T11:52:03.530407+00:00,25.02,-0.09,71.85,17.54,83958,0.12,2704.58,0.33,HYPE,4.16,XLM,-2.4
2026-10-01T11:56:03.956319+00:00,25.33,0.53,71.85,17.54,83935,0.16,2703.79,0.36,HYPE,4.33,XLM,-2.44
2026-10-01T12:00:04.377110+00:00,25.5,0.88,71.85,17.54,83950,0.16,2707.55,0.46,HYPE,4.55,XLM,-2.37
2026-10-01T12:04:02.608772+00:00,25.01,-0.12,71.85,17.54,83951,0.09,2706.85,0.4,HYPE,4.37,XLM,-2.66
2026-10-01T12:08:04.273998+00:00,25.62,1.04,71.97,17.54,83912,0.18,2704.58,0.45,HYPE,4.66,XLM,-2.71
2026-10-01T12:12:02.962533+00:00,25.76,1.32,71.97,17.54,83941,0.2,2706.06,0.46,HYPE,4.86,XLM,-2.49
2026-10-01T12:16:07.215095+00:00,25.56,0.92,71.97,17.54,83969,0.18,2706.85,0.38,HYPE,4.79,XLM,-2.22
2026-10-01T12:20:10.197892+00:00,25.16,0.12,71.97,17.54,83927,0.11,2705.07,0.35,HYPE,4.74,LEO,-2.35
2026-10-01T12:24:03.197757+00:00,25.18,0.17,71.97,17.54,83937,0.11,2706.56,0.38,HYPE,4.69,LEO,-2.34
2026-10-01T12:28:02.874778+00:00,24.96,-0.28,71.97,17.54,83923,0.06,2706.63,0.37,HYPE,4.55,XLM,-2.25
2026-10-01T12:32:04.358563+00:00,20.65,-8.9,71.97,17.54,83900,-0.5,2705.6,-0.41,HYPE,3.87,XLM,-3.49
2026-10-01T12:36:03.105708+00:00,19.56,-11.09,71.97,17.54,83846,-0.65,2703.32,-0.64,HYPE,3.56,XLM,-3.4
2026-10-01T12:40:10.077860+00:00,16.57,-15.53,69.43,17.54,83867,-1.06,2704.14,-0.77,HYPE,3.38,XLM,-3.88
2026-10-01T12:44:02.456290+00:00,16.84,-14.99,69.43,17.54,84013,-1.03,2709.27,-0.73,HYPE,3.56,XLM,-3.59
2026-10-01T12:48:03.029754+00:00,16.37,-15.92,69.43,17.54,83893,-1.09,2704.67,-0.87,HYPE,3.27,XLM,-3.71
2026-10-01T12:52:03.059941+00:00,12.49,-23.7,69.43,17.54,83808,-1.76,2700.4,-1.24,HYPE,2.22,ZEC,-3.98
2026-10-01T12:56:05.062207+00:00,10.67,-26.94,68.77,17.54,83716,-2.02,2698.11,-1.4,HYPE,2.06,ZEC,-4.2
2026-10-01T13:00:03.271701+00:00,10.98,-26.32,68.77,17.54,83670,-1.93,2691.27,-1.55,HYPE,2.09,ZEC,-4.54
2026-10-01T13:04:03.105852+00:00,11.96,-24.36,68.77,17.54,83670,-1.77,2690.3,-1.44,HYPE,2.04,ZEC,-4.32
2026-10-01T13:08:02.931136+00:00,10.24,-27.81,68.77,17.54,83566,-2.01,2686.98,-1.6,HYPE,1.5,ZEC,-5.49
2026-10-01T13:12:03.452562+00:00,8.58,-29.8,68.05,15.29,83566,-2.21,2689.0,-1.53,HYPE,1.59,ZEC,-5.96
2026-10-01T13:16:06.917904+00:00,8.61,-29.72,68.05,15.29,83510,-2.18,2687.4,-1.64,HYPE,1.4,ZEC,-6.13
2026-10-01T13:20:10.823241+00:00,9.13,-28.68,68.05,15.29,83529,-2.1,2686.47,-1.54,HYPE,1.53,ZEC,-5.93
2026-10-01T13:24:02.270626+00:00,9.86,-27.23,68.05,15.29,83584,-2.01,2687.59,-1.4,HYPE,1.63,ZEC,-5.6
2026-10-01T13:28:04.179356+00:00,8.79,-28.99,66.43,16.77,83498,-2.12,2685.15,-1.48,HYPE,1.56,ZEC,-6.8
2026-10-01T13:32:04.359461+00:00,8.2,-30.16,66.43,16.77,83473,-2.23,2684.51,-1.6,HYPE,1.68,ZEC,-6.72
2026-10-01T13:36:02.776747+00:00,10.78,-25.01,66.43,16.77,83603,-1.86,2688.51,-1.23,HYPE,2.51,ZEC,-5.98
2026-10-01T13:40:02.971674+00:00,18.57,-9.43,66.43,16.77,83765,-0.66,2692.35,-0.18,HYPE,3.15,ZEC,-4.07
2026-10-01T13:44:04.155966+00:00,17.55,-10.69,66.13,15.29,83835,-0.76,2694.87,-0.2,HYPE,3.14,ZEC,-3.85
2026-10-01T13:48:03.003555+00:00,17.71,-10.37,66.13,15.29,83934,-0.71,2698.31,-0.26,HYPE,3.27,ZEC,-3.95
2026-10-01T13:52:02.529301+00:00,15.69,-14.41,66.13,15.29,83760,-1.05,2694.47,-0.48,HYPE,3.02,ZEC,-4.63
2026-10-01T13:56:02.706264+00:00,16.71,-12.38,66.13,15.29,83814,-0.89,2693.94,-0.47,HYPE,3.17,ZEC,-4.18
2026-10-01T14:00:14.730810+00:00,16.06,-11.58,65.1,11.62,83840,-0.81,2692.99,-0.5,HYPE,3.24,ZEC,-4.26
2026-10-01T14:04:02.815300+00:00,15.73,-12.26,65.1,11.62,83694,-0.81,2687.42,-0.58,HYPE,3.28,ZEC,-5.02
2026-10-01T14:08:02.542269+00:00,14.38,-14.95,65.1,11.62,83644,-0.99,2685.7,-0.8,HYPE,3.04,ZEC,-6.26
2026-10-01T14:12:02.610349+00:00,19.18,-5.35,65.1,11.62,83941,-0.29,2694.77,-0.04,HYPE,3.78,ZEC,-4.61
2026-10-01T14:16:09.015755+00:00,16.03,-9.89,64.91,7.51,83727,-0.62,2687.02,-0.44,HYPE,3.34,ZEC,-5.15
2026-10-01T14:20:04.017767+00:00,19.02,-3.91,64.91,7.51,83932,-0.16,2692.82,-0.01,HYPE,3.8,ZEC,-4.72
2026-10-01T14:24:02.693732+00:00,21.1,0.25,64.91,7.51,83926,0.12,2692.24,0.27,HYPE,4.09,ZEC,-3.32
2026-10-01T14:28:02.611009+00:00,22.34,2.73,64.91,7.51,84004,0.29,2694.12,0.5,HYPE,3.8,ZEC,-2.99
2026-10-01T14:32:06.274101+00:00,22.14,3.37,63.16,7.51,84095,0.36,2697.57,0.57,HYPE,3.72,ZEC,-3.23
2026-10-01T14:36:03.164859+00:00,24.79,8.67,63.16,7.51,84140,0.81,2698.39,0.96,HYPE,3.8,ZEC,-2.97
2026-10-01T14:40:03.146918+00:00,24.72,8.53,63.16,7.51,84242,0.77,2700.83,1.02,HYPE,3.9,ZEC,-2.75
2026-10-01T14:44:02.971933+00:00,22.67,4.44,63.16,7.51,84118,0.46,2695.62,0.67,HYPE,3.78,ZEC,-3.63
2026-10-01T14:48:04.447410+00:00,22.66,4.83,62.49,7.51,84015,0.48,2693.3,0.64,HYPE,3.92,ZEC,-3.09
2026-10-01T14:52:02.250168+00:00,20.69,0.88,62.49,7.51,83885,0.23,2686.77,0.28,HYPE,3.29,ZEC,-3.99
2026-10-01T14:56:03.610574+00:00,19.56,-1.39,62.49,7.51,83842,0.04,2684.33,0.2,HYPE,3.34,ZEC,-4.24
2026-10-01T15:00:04.059890+00:00,20.67,0.83,62.49,7.51,83906,0.2,2685.91,0.34,HYPE,3.62,ZEC,-3.75
2026-10-01T15:04:03.616945+00:00,21.18,1.76,62.67,7.51,84027,0.3,2689.24,0.37,HYPE,3.68,ZEC,-3.63
2026-10-01T15:08:03.182993+00:00,21.52,2.44,62.67,7.51,84228,0.34,2692.7,0.41,HYPE,3.73,ZEC,-3.27
2026-10-01T15:12:03.129110+00:00,18.96,-2.68,62.67,7.51,83985,-0.0,2683.14,0.02,HYPE,2.63,ZEC,-3.87
2026-10-01T15:16:08.809452+00:00,19.93,-0.74,62.67,7.51,84000,0.08,2686.15,0.22,HYPE,2.84,ZEC,-3.57
2026-10-01T15:20:05.522545+00:00,23.11,3.87,63.45,10.69,84118,0.39,2690.65,0.59,HYPE,3.32,ZEC,-2.85
2026-10-01T15:24:02.480275+00:00,22.85,3.34,63.45,10.69,84202,0.34,2693.25,0.59,HYPE,3.04,ZEC,-2.49
2026-10-01T15:28:02.348938+00:00,24.24,6.13,63.45,10.69,84125,0.54,2690.04,0.7,HYPE,3.77,ZEC,-2.14
2026-10-01T15:32:04.194641+00:00,20.01,-2.34,63.45,10.69,84100,-0.05,2688.78,0.12,HYPE,2.79,ZEC,-3.74
2026-10-01T15:36:04.202095+00:00,18.59,-4.7,62.67,10.69,83857,-0.22,2676.06,-0.17,HYPE,2.44,RAIN,-3.92
2026-10-01T15:40:03.177304+00:00,17.87,-6.14,62.67,10.69,83861,-0.31,2675.88,-0.34,HYPE,2.11,RAIN,-4.31
2026-10-01T15:44:02.353009+00:00,17.92,-6.05,62.67,10.69,83895,-0.3,2677.44,-0.29,HYPE,2.09,ZEC,-4.41
2026-10-01T15:48:03.262777+00:00,18.11,-5.66,62.67,10.69,83896,-0.27,2677.45,-0.23,HYPE,1.74,ZEC,-4.55
2026-10-01T15:52:03.935573+00:00,18.95,-2.98,61.0,10.69,84203,-0.01,2683.56,-0.11,HYPE,0.99,ZEC,-4.48
2026-10-01T15:56:03.356873+00:00,18.95,-2.98,61.0,10.69,84097,-0.01,2681.61,-0.04,HYPE,0.53,ZEC,-4.68
2026-10-01T16:00:18.337728+00:00,19.33,-2.22,61.0,10.69,84140,0.05,2683.48,0.02,LINK,0.31,ZEC,-4.36
2026-10-01T16:04:02.246395+00:00,18.69,-3.5,61.0,10.69,84153,-0.05,2683.62,-0.05,LINK,0.43,ZEC,-4.61
2026-10-01T16:08:04.314584+00:00,19.1,-4.17,61.19,14.12,84195,-0.12,2685.47,-0.06,LINK,0.53,ZEC,-4.48
2026-10-01T16:12:03.029947+00:00,19.08,-4.2,61.19,14.12,84164,-0.11,2684.66,-0.05,LINK,0.54,ZEC,-4.95
2026-10-01T16:16:08.619605+00:00,19.17,-4.01,61.19,14.12,84203,-0.07,2683.49,-0.08,USDS,0.04,ZEC,-4.57
2026-10-01T16:20:04.274933+00:00,19.45,-3.47,61.19,14.12,84326,-0.01,2685.17,-0.1,USDS,0.04,ZEC,-5.1
2026-10-01T16:24:04.252713+00:00,18.58,-4.92,60.2,14.88,84317,-0.1,2683.92,-0.25,USDS,0.04,ZEC,-5.68
2026-10-01T16:28:02.510487+00:00,19.11,-3.85,60.2,14.88,84307,-0.03,2683.77,-0.13,USDS,0.05,ZEC,-5.42
2026-10-01T16:32:04.012622+00:00,19.61,-2.85,60.2,14.88,84255,0.05,2683.42,-0.05,BTC,0.05,ZEC,-5.31
2026-10-01T16:36:03.174232+00:00,20.2,-1.67,60.2,14.88,84404,0.11,2689.42,0.1,BTC,0.11,ZEC,-5.2
2026-10-01T16:40:04.506818+00:00,20.68,-0.49,59.82,14.88,84397,0.24,2687.42,0.14,BTC,0.24,ZEC,-5.8
2026-10-01T16:44:02.318364+00:00,18.45,-4.94,59.82,14.88,84213,-0.04,2680.49,-0.23,USDS,0.03,ZEC,-7.76
2026-10-01T16:48:02.567125+00:00,18.59,-4.66,59.82,14.88,84345,-0.01,2684.38,-0.24,USDS,0.05,ZEC,-8.16
2026-10-01T16:52:03.304358+00:00,17.83,-6.19,59.82,14.88,84241,-0.12,2681.88,-0.33,USDT,0.02,ZEC,-8.63
2026-10-01T16:56:05.456262+00:00,17.68,-6.48,59.8,14.88,84194,-0.14,2681.22,-0.38,USDT,0.02,ZEC,-8.48
2026-10-01T17:00:14.934652+00:00,17.68,-6.48,59.8,14.88,84194,-0.14,2681.22,-0.38,USDT,0.02,ZEC,-8.48
2026-10-01T17:04:02.838023+00:00,17.73,-6.37,59.8,14.88,84291,-0.12,2685.25,-0.46,USDT,0.01,ZEC,-8.99
2026-10-01T17:08:03.122812+00:00,19.69,-2.45,59.8,14.88,84377,0.16,2688.29,-0.17,BTC,0.16,ZEC,-8.04
2026-10-01T17:12:04.138324+00:00,18.74,-3.29,58.02,14.88,84389,0.1,2688.34,-0.19,BTC,0.1,ZEC,-8.28
2026-10-01T17:16:07.484954+00:00,19.97,-0.82,58.02,14.88,84406,0.26,2689.08,-0.03,XMR,0.65,ZEC,-7.61
2026-10-01T17:20:04.329035+00:00,22.1,3.43,58.02,14.88,84484,0.59,2691.72,0.26,RAIN,0.65,ZEC,-7.08
2026-10-01T17:24:02.249842+00:00,23.21,5.65,58.02,14.88,84690,0.74,2697.23,0.48,RAIN,1.36,ZEC,-7.21
2026-10-01T17:28:03.706747+00:00,24.14,7.62,57.83,14.88,84726,0.85,2699.14,0.64,RAIN,1.77,ZEC,-6.41
2026-10-01T17:32:04.416346+00:00,24.28,7.91,57.83,14.88,84833,0.85,2704.54,0.77,RAIN,1.91,ZEC,-6.48
2026-10-01T17:36:02.330615+00:00,25.29,9.94,57.83,14.88,84849,0.98,2705.67,0.93,ADA,1.47,ZEC,-5.87
2026-10-01T17:40:02.995977+00:00,25.12,9.59,57.83,14.88,84798,0.98,2702.12,0.89,ADA,1.51,ZEC,-6.02
2026-10-01T17:44:04.153805+00:00,24.95,11.66,54.87,13.31,84954,1.14,2704.77,0.94,ADA,1.77,ZEC,-5.75
2026-10-01T17:48:05.611277+00:00,25.31,12.37,54.87,13.31,85014,1.19,2707.32,0.99,ADA,1.96,ZEC,-5.61
2026-10-01T17:52:02.503120+00:00,24.67,11.1,54.87,13.31,85014,1.12,2706.55,0.88,ADA,1.6,ZEC,-5.94
2026-10-01T17:56:03.584891+00:00,25.29,12.34,54.87,13.31,85006,1.2,2704.89,0.92,ADA,1.98,ZEC,-5.19
2026-10-01T18:00:06.928075+00:00,24.0,8.76,56.53,13.31,84806,0.95,2698.5,0.64,ADA,1.54,ZEC,-6.11
2026-10-01T18:04:02.823828+00:00,23.96,8.67,56.53,13.31,84777,0.94,2696.74,0.59,ADA,1.66,ZEC,-6.63
2026-10-01T18:08:02.726412+00:00,24.07,8.89,56.53,13.31,84699,0.93,2694.88,0.62,ADA,1.96,ZEC,-6.51
2026-10-01T18:12:02.528069+00:00,23.9,8.56,56.53,13.31,84763,0.93,2696.18,0.55,ADA,1.68,ZEC,-6.23
2026-10-01T18:16:08.340405+00:00,25.12,11.09,56.36,13.31,84883,1.11,2699.88,0.76,ADA,2.03,ZEC,-5.6
2026-10-01T18:20:04.534505+00:00,24.35,9.57,56.36,13.31,84811,1.0,2699.42,0.7,ADA,1.88,ZEC,-5.94
2026-10-01T18:24:02.395894+00:00,24.69,10.24,56.36,13.31,84806,1.06,2699.92,0.76,ADA,1.92,ZEC,-5.94
2026-10-01T18:28:02.269556+00:00,25.53,11.92,56.36,13.31,84846,1.17,2701.67,0.9,ADA,2.04,ZEC,-5.83
2026-10-01T18:32:06.265790+00:00,24.86,10.32,57.78,11.83,84790,1.07,2700.33,0.81,ADA,1.56,ZEC,-6.51
2026-10-01T18:36:02.210617+00:00,25.86,12.32,57.78,11.83,84817,1.19,2701.74,0.97,ADA,1.99,ZEC,-5.94
2026-10-01T18:40:03.375384+00:00,27.51,15.62,57.78,11.83,84984,1.43,2705.63,1.21,ADA,2.42,ZEC,-4.97
2026-10-01T18:44:03.008681+00:00,27.31,15.23,57.78,11.83,85004,1.39,2707.46,1.24,ADA,2.66,ZEC,-4.79
2026-10-01T18:48:03.986276+00:00,28.28,14.7,58.77,16.5,84916,1.34,2704.95,1.17,ADA,2.72,ZEC,-4.87
2026-10-01T18:52:02.708928+00:00,26.32,10.78,58.77,16.5,84744,1.04,2700.7,0.92,ADA,2.09,ZEC,-5.47
2026-10-01T18:56:03.096687+00:00,25.89,9.92,58.77,16.5,84726,0.98,2698.6,0.81,ADA,1.95,ZEC,-5.49
2026-10-01T19:00:04.057946+00:00,25.66,9.45,58.77,16.5,84776,0.97,2699.24,0.74,ADA,1.73,ZEC,-5.78
2026-10-01T19:04:04.024236+00:00,25.4,9.83,58.27,15.01,84738,1.01,2698.42,0.74,ADA,1.82,ZEC,-6.08
2026-10-01T19:08:02.643288+00:00,25.73,10.5,58.27,15.01,84763,1.08,2698.84,0.78,ADA,1.86,ZEC,-6.06
2026-10-01T19:12:02.786667+00:00,27.26,13.55,58.27,15.01,84832,1.28,2703.4,1.06,ADA,2.42,ZEC,-5.85
2026-10-01T19:16:07.803327+00:00,27.39,13.82,58.27,15.01,84768,1.28,2701.73,1.11,ADA,2.67,ZEC,-6.22
2026-10-01T19:20:06.131658+00:00,27.31,14.01,57.67,15.01,84787,1.3,2703.5,1.11,ADA,2.77,ZEC,-6.32
2026-10-01T19:24:02.402258+00:00,26.81,13.01,57.67,15.01,84668,1.23,2698.27,1.03,ADA,2.42,ZEC,-7.15
2026-10-01T19:28:02.949950+00:00,26.19,11.77,57.67,15.01,84661,1.14,2698.47,0.99,ADA,2.02,ZEC,-7.49
2026-10-01T19:32:03.782883+00:00,24.77,8.93,57.67,15.01,84586,0.97,2693.33,0.73,ADA,1.43,ZEC,-7.86
2026-10-01T19:36:03.428453+00:00,26.37,10.11,57.52,20.3,84715,1.08,2696.14,0.78,ADA,1.62,ZEC,-8.13
2026-10-01T19:40:02.710468+00:00,25.12,7.61,57.52,20.3,84606,0.89,2693.29,0.58,ADA,1.2,ZEC,-8.25
2026-10-01T19:44:03.232512+00:00,26.26,9.9,57.52,20.3,84658,1.03,2696.67,0.82,ADA,1.48,ZEC,-7.53
2026-10-01T19:48:03.363837+00:00,26.17,9.7,57.52,20.3,84620,0.98,2697.52,0.86,ADA,1.5,ZEC,-7.19
2026-10-01T19:52:03.452650+00:00,26.98,11.67,56.93,20.3,84568,1.12,2696.4,0.98,ADA,2.04,ZEC,-7.04
2026-10-01T19:56:04.056476+00:00,28.46,14.64,56.93,20.3,84624,1.34,2698.74,1.16,ADA,2.51,ZEC,-6.53
2026-10-01T20:00:16.774445+00:00,27.86,13.43,56.93,20.3,84607,1.25,2697.79,1.09,ADA,2.24,ZEC,-6.81
2026-10-01T20:04:02.915964+00:00,28.86,15.43,56.93,20.3,84699,1.4,2701.22,1.21,ADA,2.36,ZEC,-6.34
2026-10-01T20:08:03.495770+00:00,29.26,16.24,56.93,20.3,84790,1.47,2704.26,1.27,ADA,2.27,ZEC,-6.41
2026-10-01T20:12:03.079600+00:00,28.86,15.43,56.93,20.3,84775,1.43,2702.13,1.15,ADA,2.19,ZEC,-6.28
2026-10-01T20:16:07.225273+00:00,28.42,14.55,56.93,20.3,84757,1.39,2699.87,1.02,ADA,2.0,ZEC,-6.27
2026-10-01T20:20:05.166799+00:00,28.47,14.65,56.93,20.3,84753,1.4,2701.86,1.01,ADA,1.9,ZEC,-6.3
2026-10-01T20:24:03.880420+00:00,27.1,13.26,56.1,18.2,84792,1.32,2702.34,0.91,ADA,1.39,ZEC,-6.62
2026-10-01T20:28:02.621231+00:00,26.79,12.65,56.1,18.2,84796,1.29,2701.9,0.86,WBT,1.35,ZEC,-6.54
2026-10-01T20:32:04.171788+00:00,27.04,13.14,56.1,18.2,84747,1.32,2700.42,0.83,ADA,1.43,ZEC,-6.09
2026-10-01T20:36:03.048677+00:00,26.85,12.76,56.1,18.2,84725,1.29,2700.23,0.79,ADA,1.61,ZEC,-6.05
2026-10-01T20:40:08.281868+00:00,26.48,11.78,56.5,18.2,84694,1.22,2699.33,0.73,ADA,1.45,ZEC,-6.51
2026-10-01T20:44:02.939645+00:00,25.85,10.53,56.5,18.2,84631,1.13,2697.32,0.63,ADA,1.36,ZEC,-6.79
2026-10-01T20:48:03.061400+00:00,25.51,9.85,56.5,18.2,84551,1.07,2695.73,0.58,ADA,1.2,ZEC,-6.73
2026-10-01T20:52:03.759307+00:00,26.02,10.85,56.5,18.2,84577,1.13,2696.27,0.61,ADA,1.47,ZEC,-5.98
2026-10-01T20:56:05.772762+00:00,25.52,11.06,55.65,16.5,84611,1.14,2697.81,0.64,ADA,1.38,ZEC,-6.05
2026-10-01T21:00:03.256843+00:00,25.8,11.61,55.65,16.5,84616,1.2,2697.89,0.67,ADA,1.38,ZEC,-6.04
2026-10-01T21:04:02.926037+00:00,24.99,9.99,55.65,16.5,84608,1.09,2697.78,0.59,WBT,1.11,ZEC,-6.25
2026-10-01T21:08:08.758025+00:00,25.04,10.08,55.65,16.5,84594,1.07,2696.99,0.57,WBT,1.08,ZEC,-5.97
2026-10-01T21:12:04.379360+00:00,25.0,10.0,55.65,16.5,84612,1.08,2696.86,0.53,ADA,1.08,ZEC,-6.04
2026-10-01T21:16:09.479518+00:00,24.83,9.67,55.65,16.5,84613,1.07,2695.76,0.48,BTC,1.07,ZEC,-6.07
2026-10-01T21:20:04.259404+00:00,24.28,8.57,55.65,16.5,84589,0.99,2694.68,0.43,BTC,0.99,ZEC,-6.16
2026-10-01T21:24:03.075375+00:00,24.73,9.47,55.65,16.5,84626,1.06,2695.57,0.48,WBT,1.07,ZEC,-6.37
2026-10-01T21:28:03.514589+00:00,24.58,9.27,55.49,16.5,84584,1.04,2694.76,0.43,BTC,1.04,ZEC,-6.4
2026-10-01T21:32:03.901219+00:00,24.59,9.29,55.49,16.5,84572,1.06,2693.64,0.41,BTC,1.06,ZEC,-6.37
2026-10-01T21:36:02.670006+00:00,23.77,7.65,55.49,16.5,84546,0.94,2693.3,0.31,WBT,0.97,ZEC,-6.5
2026-10-01T21:40:02.338154+00:00,23.7,7.5,55.49,16.5,84516,0.94,2691.98,0.3,BTC,0.94,ZEC,-6.93
2026-10-01T21:44:04.502739+00:00,23.51,7.02,55.65,16.5,84486,0.93,2690.32,0.24,BTC,0.93,ZEC,-7.41
2026-10-01T21:48:02.926519+00:00,23.61,7.24,55.65,16.5,84476,0.93,2689.61,0.25,BTC,0.93,ZEC,-7.12
2026-10-01T21:52:02.574076+00:00,24.21,8.43,55.65,16.5,84516,1.0,2691.6,0.35,BTC,1.0,ZEC,-6.92
2026-10-01T21:56:03.070496+00:00,23.86,7.73,55.65,16.5,84520,0.96,2691.23,0.31,BTC,0.96,ZEC,-7.05
2026-10-01T22:00:05.396915+00:00,23.79,7.78,55.34,16.5,84517,0.96,2691.84,0.31,BTC,0.96,ZEC,-6.83
2026-10-01T22:04:03.122230+00:00,25.1,10.4,55.34,16.5,84652,1.12,2697.93,0.57,BTC,1.12,ZEC,-6.26
2026-10-01T22:08:02.708350+00:00,26.47,13.13,55.34,16.5,84714,1.31,2699.92,0.78,ADA,1.36,ZEC,-5.43
2026-10-01T22:12:02.362527+00:00,26.3,12.8,55.34,16.5,84680,1.31,2697.18,0.73,BTC,1.31,ZEC,-6.12
2026-10-01T22:16:09.405751+00:00,25.89,11.97,55.34,16.5,84737,1.26,2699.46,0.68,WBT,1.28,ZEC,-6.43
2026-10-01T22:20:04.058083+00:00,25.48,11.15,55.34,16.5,84712,1.2,2698.34,0.62,BTC,1.2,ZEC,-6.51
2026-10-01T22:24:02.197009+00:00,25.36,10.92,55.34,16.5,84715,1.19,2700.04,0.58,BTC,1.19,ZEC,-6.5
2026-10-01T22:28:03.634820+00:00,24.86,9.92,55.34,16.5,84711,1.12,2700.37,0.48,BTC,1.12,ZEC,-6.6
2026-10-01T22:32:05.220598+00:00,24.14,8.87,54.7,16.5,84683,1.04,2699.81,0.41,BTC,1.04,ZEC,-6.58
2026-10-01T22:36:02.927677+00:00,23.86,8.3,54.7,16.5,84644,1.01,2699.7,0.38,BTC,1.01,ZEC,-6.84
2026-10-01T22:40:02.719578+00:00,24.49,9.57,54.7,16.5,84727,1.12,2701.56,0.44,BTC,1.12,ZEC,-6.97
2026-10-01T22:44:03.111633+00:00,24.52,9.62,54.7,16.5,84730,1.14,2701.68,0.44,BTC,1.14,ZEC,-7.19
2026-10-01T22:48:03.496552+00:00,24.28,8.6,55.6,16.5,84662,1.07,2700.68,0.39,BTC,1.07,ZEC,-7.18
2026-10-01T22:52:03.024302+00:00,24.47,8.98,55.6,16.5,84624,1.11,2698.95,0.41,BTC,1.11,ZEC,-7.44
2026-10-01T22:56:03.218438+00:00,25.12,10.28,55.6,16.5,84668,1.19,2700.48,0.51,BTC,1.19,ZEC,-7.07
2026-10-01T23:00:03.671044+00:00,25.65,11.34,55.6,16.5,84713,1.27,2701.97,0.6,BTC,1.27,ZEC,-6.76
2026-10-01T23:04:04.126611+00:00,24.92,9.6,56.07,16.5,84687,1.16,2701.67,0.44,BTC,1.16,ZEC,-7.22
2026-10-01T23:08:02.806015+00:00,25.33,10.41,56.07,16.5,84671,1.21,2700.79,0.51,BTC,1.21,ZEC,-7.12
2026-10-01T23:12:02.542413+00:00,25.6,10.96,56.07,16.5,84667,1.26,2699.61,0.54,BTC,1.26,ZEC,-6.92
2026-10-01T23:16:08.332492+00:00,25.15,10.06,56.07,16.5,84647,1.19,2699.09,0.45,BTC,1.19,ZEC,-7.26
2026-10-01T23:20:06.164014+00:00,25.31,10.28,56.23,16.5,84668,1.19,2700.19,0.47,BTC,1.19,ZEC,-6.7
2026-10-01T23:24:02.657189+00:00,25.25,10.17,56.23,16.5,84711,1.2,2700.59,0.42,BTC,1.2,ZEC,-7.11
2026-10-01T23:28:02.941136+00:00,25.33,10.33,56.23,16.5,84729,1.2,2701.41,0.43,BTC,1.2,ZEC,-7.12
2026-10-01T23:32:04.276649+00:00,25.77,11.2,56.23,16.5,84713,1.27,2702.49,0.53,BTC,1.27,ZEC,-7.01
2026-10-01T23:36:04.022287+00:00,27.0,13.23,56.95,16.5,84766,1.43,2704.55,0.68,BTC,1.43,ZEC,-6.91
2026-10-01T23:40:07.520400+00:00,26.67,12.57,56.95,16.5,84770,1.4,2705.01,0.62,BTC,1.4,ZEC,-7.15
2026-10-01T23:44:02.895968+00:00,26.84,12.91,56.95,16.5,84793,1.42,2705.64,0.63,BTC,1.42,ZEC,-6.91
2026-10-01T23:48:02.859352+00:00,27.09,13.4,56.95,16.5,84789,1.48,2704.07,0.63,BTC,1.48,ZEC,-7.17
2026-10-01T23:52:03.633091+00:00,27.42,14.06,56.95,16.5,84796,1.52,2704.34,0.69,BTC,1.52,ZEC,-6.91
2026-10-01T23:56:02.922879+00:00,27.57,14.38,56.95,16.5,84813,1.51,2705.64,0.8,BTC,1.51,ZEC,-6.9
2026-10-02T00:04:03.198602+00:00,27.81,14.86,56.95,16.5,84820,1.56,2704.54,0.8,BTC,1.56,ZEC,-7.14
2026-10-02T00:08:03.719414+00:00,27.7,14.89,56.53,16.5,84769,1.57,2703.37,0.79,BTC,1.57,ZEC,-6.76
2026-10-02T00:12:02.288172+00:00,27.97,15.41,56.53,16.5,84773,1.61,2703.46,0.83,BTC,1.61,ZEC,-6.58
2026-10-02T00:16:08.892232+00:00,28.51,16.51,56.53,16.5,84861,1.7,2705.34,0.92,BTC,1.7,ZEC,-6.64
2026-10-02T00:20:09.076768+00:00,29.09,17.65,56.53,16.5,84894,1.75,2706.66,1.02,BTC,1.75,ZEC,-5.81
2026-10-02T00:24:03.938997+00:00,28.89,16.97,57.0,16.5,84856,1.71,2706.37,0.97,BTC,1.71,ZEC,-5.84
2026-10-02T00:28:02.558143+00:00,28.62,16.43,57.0,16.5,84836,1.67,2706.55,0.91,BTC,1.67,ZEC,-5.85
2026-10-02T00:32:03.492728+00:00,28.61,16.41,57.0,16.5,84790,1.65,2705.43,0.93,BTC,1.65,ZEC,-5.62
2026-10-02T00:36:03.120865+00:00,27.96,15.12,57.0,16.5,84732,1.56,2702.42,0.81,BTC,1.56,ZEC,-6.09
2026-10-02T00:40:10.065128+00:00,27.73,14.76,56.85,16.5,84731,1.54,2702.6,0.79,BTC,1.54,ZEC,-6.01
2026-10-02T00:44:02.245353+00:00,27.99,15.28,56.85,16.5,84819,1.61,2704.07,0.74,BTC,1.61,ZEC,-6.06
2026-10-02T00:48:02.747689+00:00,27.54,14.37,56.85,16.5,84768,1.51,2704.25,0.69,BTC,1.51,ZEC,-5.86
2026-10-02T00:52:03.060030+00:00,27.94,15.17,56.85,16.5,84763,1.56,2705.42,0.78,BTC,1.56,ZEC,-5.74
2026-10-02T00:56:04.162177+00:00,27.91,15.21,56.69,16.5,84758,1.55,2706.86,0.86,BTC,1.55,ZEC,-5.71
2026-10-02T01:00:03.557806+00:00,27.83,15.05,56.69,16.5,84772,1.55,2707.38,0.85,BTC,1.55,ZEC,-5.72
2026-10-02T01:04:02.789452+00:00,27.37,14.13,56.69,16.5,84738,1.49,2706.43,0.8,BTC,1.49,ZEC,-6.07
2026-10-02T01:08:03.041218+00:00,26.82,13.03,56.69,16.5,84718,1.4,2705.22,0.76,BTC,1.4,ZEC,-6.1
2026-10-02T01:12:03.771255+00:00,27.06,12.83,57.82,16.5,84674,1.4,2703.72,0.73,BTC,1.4,ZEC,-6.17
2026-10-02T01:16:07.631414+00:00,26.98,12.67,57.82,16.5,84652,1.39,2703.1,0.68,BTC,1.39,ZEC,-6.39
2026-10-02T01:20:05.246596+00:00,26.2,11.12,57.82,16.5,84643,1.26,2703.7,0.59,BTC,1.26,ZEC,-6.25
2026-10-02T01:24:02.838081+00:00,24.9,8.52,57.82,16.5,84537,1.11,2698.55,0.3,BTC,1.11,ZEC,-7.11
2026-10-02T01:28:03.987995+00:00,25.2,9.1,57.82,16.5,84597,1.16,2699.42,0.29,BTC,1.16,ZEC,-7.13
2026-10-02T01:32:04.088678+00:00,26.51,11.72,57.82,16.5,84588,1.34,2700.02,0.49,BTC,1.34,ZEC,-6.63
2026-10-02T01:36:02.902783+00:00,26.27,11.25,57.82,16.5,84600,1.29,2701.59,0.48,BTC,1.29,ZEC,-6.79
2026-10-02T01:40:02.623196+00:00,26.31,11.33,57.82,16.5,84617,1.31,2700.97,0.45,BTC,1.31,ZEC,-6.8
2026-10-02T01:44:03.653798+00:00,25.94,10.51,57.97,16.5,84585,1.25,2700.38,0.41,BTC,1.25,ZEC,-6.98
2026-10-02T01:48:02.635215+00:00,26.21,11.03,57.97,16.5,84574,1.28,2700.44,0.46,BTC,1.28,ZEC,-6.89
2026-10-02T01:52:03.029893+00:00,26.58,11.78,57.97,16.5,84638,1.35,2702.52,0.49,BTC,1.35,ZEC,-6.76
2026-10-02T01:56:03.362284+00:00,29.24,17.11,57.97,16.5,84861,1.71,2714.23,0.99,BTC,1.71,ZEC,-6.01
2026-10-02T02:04:03.784549+00:00,28.74,17.14,56.25,16.5,84899,1.69,2715.02,0.97,BTC,1.69,ZEC,-5.66
2026-10-02T02:08:02.533026+00:00,29.44,18.52,56.25,16.5,84978,1.79,2716.43,1.04,BTC,1.79,ZEC,-5.55
2026-10-02T02:12:02.243398+00:00,29.24,18.12,56.25,16.5,85060,1.76,2718.73,0.98,BTC,1.76,ZEC,-5.59
2026-10-02T02:16:08.703550+00:00,29.31,18.27,56.25,16.5,85040,1.77,2717.53,1.02,BTC,1.77,ZEC,-5.77
2026-10-02T02:20:06.712673+00:00,30.49,18.77,56.95,20.13,84947,1.79,2715.82,1.11,BTC,1.79,ZEC,-5.66
2026-10-02T02:24:02.086609+00:00,30.33,18.45,56.95,20.13,84915,1.75,2713.53,1.1,BTC,1.75,ZEC,-5.45
2026-10-02T02:28:02.606969+00:00,30.37,18.51,56.95,20.13,84890,1.79,2710.94,1.01,BTC,1.79,ZEC,-5.94
2026-10-02T02:32:05.059014+00:00,29.57,16.92,56.95,20.13,84906,1.68,2710.86,0.87,BTC,1.68,ZEC,-6.21
2026-10-02T02:36:04.064298+00:00,29.43,16.89,56.53,20.13,84901,1.7,2709.7,0.83,BTC,1.7,ZEC,-5.86
2026-10-02T02:40:02.670261+00:00,30.19,18.4,56.53,20.13,84921,1.8,2709.73,0.92,BTC,1.8,ZEC,-5.63
2026-10-02T02:44:03.097921+00:00,29.96,17.95,56.53,20.13,84888,1.78,2709.03,0.89,BTC,1.78,ZEC,-5.73
2026-10-02T02:48:02.926313+00:00,30.7,19.43,56.53,20.13,84963,1.88,2711.73,1.01,BTC,1.88,ZEC,-5.27
2026-10-02T02:52:04.019180+00:00,31.61,21.25,56.53,20.13,85059,2.0,2716.84,1.23,BTC,2.0,ZEC,-5.27
2026-10-02T02:56:03.503434+00:00,31.09,20.22,56.53,20.13,85043,1.92,2716.87,1.18,BTC,1.92,ZEC,-5.71
2026-10-02T03:00:03.563000+00:00,31.6,21.23,56.53,20.13,85139,2.01,2719.88,1.25,BTC,2.01,ZEC,-5.38
2026-10-02T03:04:02.275072+00:00,33.31,24.65,56.53,20.13,85292,2.31,2722.35,1.4,BTC,2.31,ZEC,-5.11
2026-10-02T03:08:04.264906+00:00,33.62,25.11,56.81,20.13,85384,2.35,2722.85,1.39,BTC,2.35,ZEC,-5.06
2026-10-02T03:12:03.020928+00:00,31.82,21.51,56.81,20.13,85208,2.08,2716.81,1.09,BTC,2.08,ZEC,-5.66
2026-10-02T03:16:07.927616+00:00,32.74,23.34,56.81,20.13,85284,2.22,2718.76,1.16,BTC,2.22,ZEC,-5.56
2026-10-02T03:20:03.897660+00:00,32.25,22.35,56.81,20.13,85245,2.16,2715.22,1.07,BTC,2.16,ZEC,-5.66
2026-10-02T03:24:04.198484+00:00,32.58,22.52,56.37,22.04,85215,2.15,2715.29,1.12,BTC,2.15,ZEC,-5.67
2026-10-02T03:28:02.501205+00:00,32.19,21.73,56.37,22.04,85195,2.11,2714.14,1.05,BTC,2.11,ZEC,-6.07
2026-10-02T03:32:04.658372+00:00,32.57,22.51,56.37,22.04,85246,2.17,2714.37,1.1,BTC,2.17,ZEC,-6.12
2026-10-02T03:36:02.402583+00:00,33.43,24.23,56.37,22.04,85395,2.31,2718.66,1.2,BTC,2.31,ZEC,-5.76
2026-10-02T03:40:04.436461+00:00,32.33,21.39,56.51,23.41,85333,2.11,2716.13,0.99,BTC,2.11,ZEC,-6.3
2026-10-02T03:44:03.258727+00:00,32.17,21.06,56.51,23.41,85360,2.07,2716.9,0.98,BTC,2.07,ZEC,-6.28
2026-10-02T03:48:02.350646+00:00,32.53,21.79,56.51,23.41,85421,2.11,2718.11,1.03,BTC,2.11,ZEC,-6.08
2026-10-02T03:52:02.319789+00:00,32.02,20.78,56.51,23.41,85375,2.05,2715.88,0.94,BTC,2.05,ZEC,-6.51
2026-10-02T03:56:05.059583+00:00,32.58,21.47,57.23,23.41,85459,2.1,2717.76,0.92,BTC,2.1,ZEC,-6.51
2026-10-02T04:00:20.987981+00:00,32.84,21.98,57.23,23.41,85491,2.14,2718.68,0.91,SOL,2.21,ZEC,-6.23
2026-10-02T04:04:03.019766+00:00,33.11,22.51,57.23,23.41,85551,2.19,2719.3,0.87,BTC,2.19,ZEC,-6.2
2026-10-02T04:08:03.198629+00:00,32.59,21.48,57.23,23.41,85526,2.11,2717.86,0.78,SOL,2.16,ZEC,-6.41
2026-10-02T04:12:03.949952+00:00,32.11,19.4,59.11,23.41,85469,1.94,2715.65,0.69,BTC,1.94,ZEC,-6.64
2026-10-02T04:16:08.179864+00:00,31.86,18.89,59.11,23.41,85463,1.91,2714.35,0.62,BTC,1.91,ZEC,-6.74
2026-10-02T04:20:04.177172+00:00,33.31,21.8,59.11,23.41,85550,2.16,2716.51,0.74,BTC,2.16,ZEC,-6.29
2026-10-02T04:24:03.006148+00:00,38.98,33.12,59.11,23.41,86335,3.1,2733.79,1.39,BTC,3.1,ZEC,-5.17
2026-10-02T04:28:03.979086+00:00,41.46,36.21,60.85,25.51,86543,3.33,2737.83,1.56,BTC,3.33,ZEC,-4.48
2026-10-02T04:32:04.103815+00:00,42.4,38.09,60.85,25.51,86716,3.45,2742.84,1.72,BTC,3.45,ZEC,-3.18
2026-10-02T04:36:02.542726+00:00,41.98,37.24,60.85,25.51,86614,3.38,2738.29,1.67,BTC,3.38,ZEC,-3.88
2026-10-02T04:40:03.662140+00:00,40.27,33.82,60.85,25.51,86408,3.06,2736.91,1.56,BTC,3.06,ZEC,-3.74
2026-10-02T04:44:03.627936+00:00,41.06,34.95,61.59,25.51,86493,3.15,2738.05,1.56,BTC,3.15,ZEC,-2.79
2026-10-02T04:48:03.195224+00:00,39.15,31.14,61.59,25.51,86463,2.91,2738.08,1.11,BTC,2.91,ZEC,-3.68
2026-10-02T04:52:03.758515+00:00,39.93,32.71,61.59,25.51,86662,2.98,2744.0,1.28,SOL,3.41,ZEC,-3.63
2026-10-02T04:56:03.075244+00:00,40.61,34.07,61.59,25.51,86662,3.09,2743.2,1.34,SOL,3.53,ZEC,-3.26
2026-10-02T05:00:15.642722+00:00,40.51,33.91,61.5,25.51,86608,3.07,2741.07,1.33,SOL,3.5,ZEC,-3.0
2026-10-02T05:04:02.334187+00:00,40.38,33.65,61.5,25.51,86620,3.06,2740.49,1.27,SOL,3.68,ZEC,-3.05
2026-10-02T05:08:02.937708+00:00,38.57,30.02,61.5,25.51,86521,2.79,2735.83,0.95,SOL,3.41,ZEC,-3.3
2026-10-02T05:12:02.316408+00:00,38.96,30.82,61.5,25.51,86561,2.89,2732.2,0.84,SOL,3.53,ZEC,-3.32
2026-10-02T05:16:09.154331+00:00,38.81,29.63,62.99,25.51,86559,2.78,2733.89,0.81,SOL,3.49,ZEC,-3.27
2026-10-02T05:20:05.257208+00:00,38.14,28.29,62.99,25.51,86441,2.66,2731.32,0.74,SOL,3.28,ZEC,-3.29
2026-10-02T05:24:03.023725+00:00,37.26,26.52,62.99,25.51,86409,2.55,2729.43,0.58,SOL,2.97,ZEC,-3.41
2026-10-02T05:28:02.544917+00:00,37.18,26.35,62.99,25.51,86338,2.52,2727.26,0.57,SOL,2.99,ZEC,-2.84
2026-10-02T05:32:06.291362+00:00,37.39,25.47,65.18,25.51,86302,2.46,2726.16,0.52,SOL,2.87,ZEC,-3.12
2026-10-02T05:36:02.910042+00:00,37.03,24.75,65.18,25.51,86292,2.41,2725.96,0.43,SOL,2.78,ZEC,-3.19
2026-10-02T05:40:02.665920+00:00,35.88,22.44,65.18,25.51,86193,2.22,2724.31,0.3,SOL,2.58,ZEC,-3.29
2026-10-02T05:44:02.969783+00:00,35.13,20.94,65.18,25.51,86026,2.16,2716.67,0.09,SOL,2.23,ZEC,-4.19
2026-10-02T05:48:04.208696+00:00,35.88,22.28,65.45,25.51,86090,2.26,2718.15,0.16,SOL,2.32,ZEC,-3.45
2026-10-02T05:52:02.856026+00:00,35.13,20.78,65.45,25.51,86062,2.13,2718.91,0.11,SOL,2.21,ZEC,-3.7
2026-10-02T05:56:03.091846+00:00,34.42,19.36,65.45,25.51,86001,2.02,2717.24,-0.01,SOL,2.07,ZEC,-3.9
2026-10-02T06:00:18.733201+00:00,34.56,19.65,65.45,25.51,85950,2.03,2717.49,0.05,SOL,2.1,ZEC,-4.02
2026-10-02T06:04:03.993029+00:00,35.37,21.55,64.98,25.51,86039,2.15,2722.14,0.26,SOL,2.22,ZEC,-3.45
2026-10-02T06:08:02.972519+00:00,35.23,21.26,64.98,25.51,86013,2.08,2723.43,0.32,SOL,2.11,ZEC,-3.14
2026-10-02T06:12:02.666869+00:00,34.0,18.8,64.98,25.51,85876,1.87,2722.38,0.21,LEO,1.88,ZEC,-3.62
2026-10-02T06:16:07.699402+00:00,34.24,19.28,64.98,25.51,85954,1.9,2725.35,0.26,BTC,1.9,ZEC,-3.44
2026-10-02T06:20:06.290956+00:00,34.45,20.04,64.41,25.51,85979,1.97,2724.88,0.29,BTC,1.97,ZEC,-3.68
2026-10-02T06:24:02.058952+00:00,35.01,21.16,64.41,25.51,86002,2.05,2727.18,0.45,BTC,2.05,ZEC,-3.98
2026-10-02T06:28:02.537217+00:00,34.51,20.17,64.41,25.51,85991,1.98,2728.25,0.32,BTC,1.98,ZEC,-4.29
2026-10-02T06:32:04.496668+00:00,34.96,21.07,64.41,25.51,86011,2.05,2728.77,0.4,BTC,2.05,ZEC,-4.25
2026-10-02T06:36:03.816012+00:00,35.74,23.01,63.78,25.51,86036,2.19,2731.28,0.57,SOL,2.23,ZEC,-4.02
2026-10-02T06:40:03.949883+00:00,35.4,22.33,63.78,25.51,85934,2.13,2728.98,0.56,SOL,2.26,ZEC,-4.31
2026-10-02T06:44:02.257904+00:00,36.05,23.63,63.78,25.51,85975,2.24,2730.22,0.66,SOL,2.32,ZEC,-4.06
2026-10-02T06:48:02.505086+00:00,35.29,22.11,63.78,25.51,85939,2.13,2729.31,0.53,SOL,2.2,ZEC,-4.15
2026-10-02T06:52:03.307547+00:00,35.85,23.02,64.12,25.51,85975,2.22,2730.31,0.58,SOL,2.27,ZEC,-3.82
2026-10-02T06:56:03.709551+00:00,35.51,22.35,64.12,25.51,85970,2.17,2729.47,0.52,BTC,2.17,ZEC,-3.86
2026-10-02T07:00:16.607604+00:00,35.94,23.2,64.12,25.51,85969,2.26,2728.87,0.52,BTC,2.26,ZEC,-4.12
2026-10-02T07:04:02.863483+00:00,36.22,23.76,64.12,25.51,85969,2.29,2728.35,0.59,BTC,2.29,ZEC,-4.21
2026-10-02T07:08:03.893153+00:00,35.84,22.63,64.74,25.51,85926,2.22,2727.08,0.47,BTC,2.22,ZEC,-4.48
2026-10-02T07:12:02.640729+00:00,35.47,21.88,64.74,25.51,85972,2.16,2729.03,0.41,BTC,2.16,ZEC,-4.69
2026-10-02T07:16:08.883567+00:00,36.64,24.23,64.74,25.51,85972,2.31,2730.24,0.66,BTC,2.31,ZEC,-3.84
2026-10-02T07:20:04.418375+00:00,36.9,24.74,64.74,25.51,85887,2.36,2726.46,0.67,BTC,2.36,ZEC,-3.97
2026-10-02T07:24:03.485961+00:00,39.26,29.74,64.28,25.51,85889,2.69,2726.38,1.24,BTC,2.69,ZEC,-3.09
2026-10-02T07:28:02.442235+00:00,42.05,35.33,64.28,25.51,85924,3.1,2727.09,1.65,SOL,3.16,ZEC,-2.08
2026-10-02T07:32:04.386484+00:00,41.14,33.5,64.28,25.51,85936,2.98,2727.06,1.52,BTC,2.98,ZEC,-2.37
2026-10-02T07:36:02.529542+00:00,39.5,30.22,64.28,25.51,85866,2.73,2724.65,1.27,BTC,2.73,ZEC,-2.74
2026-10-02T07:40:09.886421+00:00,40.02,31.52,63.85,25.51,85857,2.8,2724.24,1.44,SOL,2.85,ZEC,-2.5
2026-10-02T07:44:02.762800+00:00,39.75,30.98,63.85,25.51,85775,2.71,2725.14,1.56,SOL,2.87,ZEC,-2.38
2026-10-02T07:48:02.934758+00:00,40.42,32.32,63.85,25.51,85843,2.77,2728.23,1.71,SOL,3.03,ZEC,-1.99
2026-10-02T07:52:03.068775+00:00,39.87,31.22,63.85,25.51,85844,2.69,2728.61,1.64,SOL,2.95,ZEC,-2.27
2026-10-02T07:56:03.966066+00:00,41.5,33.24,65.93,25.51,85888,2.84,2729.68,1.8,SOL,3.1,RAIN,-2.18
2026-10-02T08:00:22.298900+00:00,44.12,38.47,65.93,25.51,86080,3.22,2736.9,2.31,SOL,3.62,RAIN,-1.99
2026-10-02T08:04:02.303581+00:00,43.96,38.16,65.93,25.51,86131,3.21,2737.76,2.28,SOL,3.7,RAIN,-2.14
2026-10-02T08:08:02.927010+00:00,45.15,40.54,65.93,25.51,86233,3.42,2738.93,2.35,SOL,3.75,RAIN,-2.25
2026-10-02T08:12:03.887733+00:00,45.3,40.89,65.85,25.51,86272,3.45,2740.42,2.36,SOL,3.79,RAIN,-2.2
2026-10-02T08:16:07.570528+00:00,45.85,41.98,65.85,25.51,86284,3.53,2741.43,2.44,SOL,3.93,RAIN,-1.98
2026-10-02T08:20:04.090666+00:00,48.3,46.89,65.85,25.51,86539,3.79,2762.06,3.39,SOL,4.49,RAIN,-1.8
2026-10-02T08:24:02.740683+00:00,48.09,46.46,65.85,25.51,86505,3.75,2765.82,3.28,SOL,4.54,RAIN,-1.47
2026-10-02T08:28:03.075586+00:00,46.35,42.66,66.39,25.51,86358,3.52,2758.77,2.89,SOL,4.03,RAIN,-1.9
2026-10-02T08:32:04.057634+00:00,47.31,44.57,66.39,25.51,86362,3.66,2759.4,3.08,SOL,4.04,RAIN,-1.87
2026-10-02T08:36:03.160510+00:00,47.73,45.41,66.39,25.51,86295,3.72,2758.78,3.03,SOL,4.23,ZEC,-1.68
2026-10-02T08:40:02.827215+00:00,47.04,44.03,66.39,25.51,86360,3.6,2759.07,3.0,SOL,4.08,ZEC,-2.0
2026-10-02T08:44:04.964615+00:00,46.91,43.17,67.4,25.51,86379,3.52,2761.48,2.9,SOL,4.08,ZEC,-1.95
2026-10-02T08:48:03.371498+00:00,46.37,42.09,67.4,25.51,86303,3.45,2756.85,2.81,ADA,3.96,RAIN,-1.85
2026-10-02T08:52:03.876171+00:00,45.71,40.77,67.4,25.51,86285,3.36,2755.22,2.66,ADA,3.73,RAIN,-1.95
2026-10-02T08:56:03.891367+00:00,45.26,39.88,67.4,25.51,86242,3.31,2754.2,2.6,SOL,3.58,ZEC,-2.01
2026-10-02T09:00:05.559590+00:00,44.92,39.06,67.61,25.51,86247,3.24,2754.41,2.52,SOL,3.57,ZEC,-2.05
2026-10-02T09:04:02.952525+00:00,44.51,38.24,67.61,25.51,86198,3.19,2751.78,2.46,SOL,3.45,RAIN,-2.07
2026-10-02T09:08:02.699530+00:00,44.15,37.53,67.61,25.51,86206,3.15,2752.14,2.43,ADA,3.5,ZEC,-2.34
2026-10-02T09:12:02.441652+00:00,43.19,35.61,67.61,25.51,86184,2.98,2751.64,2.29,ADA,3.44,RAIN,-2.53
2026-10-02T09:16:09.801414+00:00,43.25,36.43,66.43,25.51,86195,3.03,2751.7,2.34,ADA,3.61,RAIN,-5.37
2026-10-02T09:20:08.969108+00:00,43.26,36.45,66.43,25.51,86171,3.01,2750.76,2.34,ADA,3.8,RAIN,-5.42
2026-10-02T09:24:02.335496+00:00,42.68,35.3,66.43,25.51,86183,2.94,2750.52,2.23,ADA,3.68,RAIN,-5.47
2026-10-02T09:28:02.728631+00:00,42.38,34.7,66.43,25.51,86141,2.93,2748.32,2.13,ADA,3.54,RAIN,-5.48
2026-10-02T09:32:05.075778+00:00,41.59,33.13,66.57,25.26,86122,2.82,2744.71,1.92,ADA,3.26,RAIN,-5.61
2026-10-02T09:36:03.009684+00:00,42.62,35.19,66.57,25.26,86336,3.04,2745.27,1.85,ADA,3.35,RAIN,-5.49
2026-10-02T09:40:05.440119+00:00,42.42,34.8,66.57,25.26,86295,2.99,2746.8,1.9,ADA,3.35,RAIN,-5.42
2026-10-02T09:44:02.951571+00:00,42.93,35.82,66.57,25.26,86355,3.04,2749.15,2.05,ADA,3.51,RAIN,-5.32
2026-10-02T09:48:04.269909+00:00,42.05,34.92,66.57,23.09,86336,2.98,2747.31,1.97,ADA,3.34,RAIN,-5.43
2026-10-02T09:52:02.426349+00:00,42.39,35.61,66.57,23.09,86359,3.03,2747.36,1.99,ADA,3.76,RAIN,-5.38
2026-10-02T09:56:02.984283+00:00,43.47,37.75,66.57,23.09,86388,3.16,2749.25,2.22,ADA,4.3,RAIN,-5.17
2026-10-02T10:00:03.774998+00:00,43.19,37.2,66.57,23.09,86373,3.13,2748.17,2.14,ADA,4.29,RAIN,-5.19
2026-10-02T10:04:03.361602+00:00,44.95,40.73,66.64,22.96,86367,3.36,2747.49,2.43,ADA,5.06,RAIN,-5.18
2026-10-02T10:08:03.165621+00:00,45.35,41.54,66.64,22.96,86398,3.41,2749.47,2.49,ADA,5.12,RAIN,-5.2
2026-10-02T10:12:02.755968+00:00,44.5,39.84,66.64,22.96,86393,3.3,2747.98,2.28,ADA,4.81,RAIN,-5.3
2026-10-02T10:16:08.817220+00:00,44.13,39.1,66.64,22.96,86337,3.25,2744.8,2.26,ADA,4.69,RAIN,-5.38
2026-10-02T10:20:05.211834+00:00,43.25,38.35,64.95,22.96,86324,3.18,2744.02,2.15,ADA,4.51,RAIN,-5.29
2026-10-02T10:24:02.327751+00:00,43.01,37.86,64.95,22.96,86344,3.15,2742.9,2.03,ADA,4.43,RAIN,-5.38
2026-10-02T10:28:02.467476+00:00,42.82,37.49,64.95,22.96,86224,3.13,2738.91,1.95,ADA,4.06,RAIN,-5.32
2026-10-02T10:32:04.261219+00:00,42.97,37.78,64.95,22.96,86376,3.15,2744.23,1.97,ADA,4.27,RAIN,-5.23
2026-10-02T10:36:04.275892+00:00,42.88,38.19,63.98,22.96,86386,3.19,2745.01,2.01,ADA,4.26,RAIN,-5.09
2026-10-02T10:40:03.075320+00:00,43.02,38.47,63.98,22.96,86399,3.21,2746.94,2.06,ADA,4.26,RAIN,-5.15
2026-10-02T10:44:02.423619+00:00,42.72,37.87,63.98,22.96,86417,3.14,2751.04,2.14,ADA,4.11,RAIN,-4.92
2026-10-02T10:48:02.927557+00:00,41.58,35.59,63.98,22.96,86401,2.96,2749.12,1.94,ADA,3.9,RAIN,-4.99
2026-10-02T10:52:03.540436+00:00,40.49,33.61,63.64,22.96,86310,2.82,2745.5,1.72,ADA,3.69,RAIN,-5.1
2026-10-02T10:56:03.658707+00:00,39.66,31.95,63.64,22.96,86325,2.73,2744.55,1.54,ADA,3.44,RAIN,-5.13
2026-10-02T11:00:03.258948+00:00,40.31,33.25,63.64,22.96,86291,2.82,2743.06,1.61,ADA,3.45,RAIN,-5.07
2026-10-02T11:04:02.474597+00:00,41.19,35.01,63.64,22.96,86300,2.96,2742.76,1.71,ADA,3.7,RAIN,-4.98
2026-10-02T11:08:03.653598+00:00,42.13,35.54,64.07,25.67,86356,2.98,2745.26,1.76,SOL,3.74,RAIN,-4.87
2026-10-02T11:12:02.410840+00:00,42.73,36.75,64.07,25.67,86456,3.07,2748.84,1.88,SOL,3.83,RAIN,-4.83
2026-10-02T11:16:07.518673+00:00,42.82,36.92,64.07,25.67,86432,3.09,2748.52,1.9,SOL,3.76,RAIN,-4.81
2026-10-02T11:20:13.894279+00:00,43.0,37.28,64.07,25.67,86435,3.12,2748.08,1.91,SOL,3.81,RAIN,-4.86
2026-10-02T11:24:03.375906+00:00,42.48,37.51,63.11,23.98,86465,3.16,2748.35,1.92,SOL,3.73,RAIN,-4.83
2026-10-02T11:28:02.596742+00:00,42.64,37.81,63.11,23.98,86427,3.18,2746.71,1.93,SOL,3.72,RAIN,-4.46
2026-10-02T11:32:03.893107+00:00,41.88,36.31,63.11,23.98,86414,3.07,2746.06,1.81,SOL,3.66,RAIN,-4.59
2026-10-02T11:36:02.541743+00:00,42.7,37.95,63.11,23.98,86486,3.18,2749.46,1.98,SOL,3.81,RAIN,-4.55
2026-10-02T11:40:03.165716+00:00,41.6,36.86,62.6,21.95,86504,3.12,2750.86,1.91,SOL,3.71,RAIN,-4.71
2026-10-02T11:44:03.081461+00:00,40.97,35.6,62.6,21.95,86476,3.04,2749.69,1.76,SOL,3.56,RAIN,-4.84
2026-10-02T11:48:03.193088+00:00,40.63,34.91,62.6,21.95,86497,3.01,2748.66,1.62,SOL,3.46,RAIN,-4.95
2026-10-02T11:52:02.516628+00:00,40.28,34.21,62.6,21.95,86475,2.98,2747.62,1.55,SOL,3.32,RAIN,-5.01
2026-10-02T11:56:04.659665+00:00,40.87,35.29,62.79,21.95,86516,3.06,2749.95,1.66,SOL,3.5,RAIN,-4.93
2026-10-02T12:00:15.985154+00:00,40.18,33.91,62.79,21.95,86431,2.98,2746.9,1.49,SOL,3.32,RAIN,-5.04
2026-10-02T12:04:03.157649+00:00,39.31,32.16,62.79,21.95,86343,2.84,2744.35,1.42,SOL,3.2,RAIN,-5.13
2026-10-02T12:08:02.378795+00:00,39.87,33.28,62.79,21.95,86363,2.92,2744.77,1.49,SOL,3.3,RAIN,-4.4
2026-10-02T12:12:04.280495+00:00,39.88,33.44,62.57,21.95,86434,2.93,2747.31,1.5,SOL,3.38,RAIN,-4.38
2026-10-02T12:16:07.181997+00:00,39.7,33.09,62.57,21.95,86392,2.9,2745.48,1.45,SOL,3.41,RAIN,-4.48
2026-10-02T12:20:04.018875+00:00,40.82,35.32,62.57,21.95,86512,3.08,2748.32,1.58,SOL,3.55,RAIN,-4.57
2026-10-02T12:24:02.182965+00:00,41.32,36.31,62.57,21.95,86570,3.16,2748.24,1.57,SOL,3.64,RAIN,-4.57
2026-10-02T12:28:03.689900+00:00,41.84,36.13,64.64,21.95,86614,3.17,2747.15,1.48,SOL,3.6,RAIN,-4.71
2026-10-02T12:32:04.402998+00:00,43.83,40.1,64.64,21.95,86614,3.48,2749.71,1.79,SOL,3.83,RAIN,-4.43
2026-10-02T12:36:02.464067+00:00,43.13,38.7,64.64,21.95,86757,3.34,2752.1,1.7,SOL,3.9,RAIN,-4.59
2026-10-02T12:40:08.971779+00:00,44.36,41.16,64.64,21.95,86839,3.51,2757.81,1.95,SOL,4.01,RAIN,-4.46
2026-10-02T12:44:04.459011+00:00,43.23,38.13,65.92,21.95,86681,3.28,2752.04,1.73,SOL,3.73,RAIN,-4.55
2026-10-02T12:48:02.433173+00:00,42.87,37.4,65.92,21.95,86547,3.25,2743.64,1.59,SOL,3.74,RAIN,-4.58
2026-10-02T12:52:03.254799+00:00,44.35,40.37,65.92,21.95,86676,3.47,2747.95,1.77,SOL,4.03,RAIN,-4.37
2026-10-02T12:56:03.383363+00:00,45.14,41.95,65.92,21.95,86740,3.58,2750.52,1.93,SOL,4.15,RAIN,-4.27
2026-10-02T13:00:22.481097+00:00,47.0,44.0,66.9,24.68,86815,3.69,2753.85,2.27,SOL,4.4,RAIN,-4.03
2026-10-02T13:04:03.147916+00:00,48.3,46.6,66.9,24.68,86865,3.87,2756.3,2.55,SOL,4.72,RAIN,-3.93
2026-10-02T13:08:03.113749+00:00,48.84,47.67,66.9,24.68,86848,3.94,2756.69,2.56,SOL,4.85,RAIN,-3.98
2026-10-02T13:12:03.005301+00:00,48.45,46.9,66.9,24.68,86754,3.87,2753.51,2.45,SOL,4.89,RAIN,-4.08
2026-10-02T13:16:09.464252+00:00,48.19,46.3,67.01,24.68,86674,3.82,2750.31,2.41,SOL,4.83,RAIN,-4.02
2026-10-02T13:20:04.375585+00:00,47.94,45.8,67.01,24.68,86697,3.8,2750.13,2.38,SOL,4.74,RAIN,-3.98
2026-10-02T13:24:02.694679+00:00,47.68,45.28,67.01,24.68,86698,3.78,2751.46,2.42,SOL,4.58,RAIN,-4.07
2026-10-02T13:28:02.418813+00:00,48.31,46.55,67.01,24.68,86698,3.86,2751.53,2.52,SOL,4.64,RAIN,-3.88
2026-10-02T13:32:05.504972+00:00,47.53,45.28,66.51,24.68,86612,3.77,2749.91,2.46,SOL,4.48,RAIN,-3.97
2026-10-02T13:36:02.437006+00:00,47.79,45.8,66.51,24.68,86818,3.77,2759.78,2.65,SOL,4.58,RAIN,-3.97
2026-10-02T13:40:02.941592+00:00,48.15,46.53,66.51,24.68,87085,3.83,2766.52,2.65,SOL,4.7,RAIN,-4.09
2026-10-02T13:44:02.608796+00:00,47.26,44.74,66.51,24.68,86971,3.72,2763.37,2.54,SOL,4.46,RAIN,-4.11
2026-10-02T13:48:03.621681+00:00,46.62,43.14,67.05,24.68,86934,3.61,2762.3,2.39,SOL,4.32,RAIN,-4.19
2026-10-02T13:52:02.955669+00:00,46.75,43.39,67.05,24.68,86883,3.67,2758.72,2.37,SOL,4.25,RAIN,-4.22
2026-10-02T13:56:03.480927+00:00,45.06,40.02,67.05,24.68,86757,3.43,2751.18,2.04,SOL,3.91,RAIN,-4.4
2026-10-02T14:00:20.467397+00:00,43.82,37.54,67.05,24.68,86572,3.21,2745.14,1.86,SOL,3.61,RAIN,-4.5
2026-10-02T14:04:04.242881+00:00,45.77,40.41,67.46,26.62,86580,3.41,2745.16,2.1,ADA,4.06,RAIN,-4.38
2026-10-02T14:08:03.109241+00:00,46.68,42.24,67.46,26.62,86759,3.55,2747.87,2.2,ADA,4.23,RAIN,-4.23
2026-10-02T14:12:02.815208+00:00,44.05,36.97,67.46,26.62,86582,3.19,2740.48,1.73,SOL,3.56,RAIN,-4.64
2026-10-02T14:16:07.516552+00:00,43.69,36.25,67.46,26.62,86422,3.09,2737.34,1.73,ADA,3.79,RAIN,-4.65
2026-10-02T14:20:05.147126+00:00,42.61,34.07,67.51,26.62,86386,2.91,2736.93,1.61,SOL,3.41,RAIN,-4.57
2026-10-02T14:24:02.575848+00:00,45.08,39.0,67.51,26.62,86584,3.25,2742.03,1.99,ADA,4.15,RAIN,-4.24
2026-10-02T14:28:02.717894+00:00,42.5,33.85,67.51,26.62,86452,2.85,2737.11,1.55,SOL,3.59,RAIN,-4.7
2026-10-02T14:32:03.857908+00:00,39.69,28.23,67.51,26.62,86124,2.38,2730.14,1.2,SOL,3.33,RAIN,-5.15
2026-10-02T14:36:03.632590+00:00,38.84,26.36,68.63,25.37,86014,2.25,2724.86,1.04,SOL,3.02,RAIN,-5.2
2026-10-02T14:40:04.371151+00:00,37.15,22.97,68.63,25.37,85851,1.95,2722.12,0.9,SOL,2.78,RAIN,-5.17
2026-10-02T14:44:02.510218+00:00,39.32,27.31,68.63,25.37,85952,2.3,2724.95,1.22,SOL,3.11,RAIN,-5.06
2026-10-02T14:48:02.868587+00:00,39.27,27.21,68.63,25.37,85933,2.28,2725.81,1.21,SOL,3.18,RAIN,-4.98
2026-10-02T14:52:03.962179+00:00,40.85,30.87,69.09,23.43,85987,2.51,2726.96,1.55,ADA,4.12,RAIN,-4.89
2026-10-02T14:56:03.257788+00:00,38.05,25.27,69.09,23.43,85779,2.12,2719.1,1.03,ADA,3.46,RAIN,-5.08
2026-10-02T15:00:14.067350+00:00,37.59,24.35,69.09,23.43,85704,2.09,2710.08,0.86,ADA,3.23,RAIN,-5.19
2026-10-02T15:04:02.305241+00:00,37.01,23.2,69.09,23.43,85683,2.0,2710.64,0.81,ADA,3.14,RAIN,-5.14
2026-10-02T15:08:04.273871+00:00,34.94,19.17,68.92,23.43,85477,1.68,2702.92,0.57,ADA,2.67,RAIN,-5.15
2026-10-02T15:12:02.883301+00:00,36.31,21.9,68.92,23.43,85502,1.87,2704.32,0.8,ADA,3.26,RAIN,-4.94
2026-10-02T15:16:08.003478+00:00,35.78,20.84,68.92,23.43,85547,1.83,2704.6,0.66,ADA,2.89,RAIN,-5.18
2026-10-02T15:20:04.702565+00:00,34.1,17.48,68.92,23.43,85509,1.59,2702.84,0.4,ADA,2.32,RAIN,-5.37
2026-10-02T15:24:03.961830+00:00,33.46,17.3,67.09,23.43,85521,1.59,2701.97,0.35,ADA,2.19,RAIN,-5.38
2026-10-02T15:28:03.104350+00:00,32.81,16.0,67.09,23.43,85341,1.47,2697.48,0.33,SOL,1.89,RAIN,-5.02
2026-10-02T15:32:04.460837+00:00,35.24,20.85,67.09,23.43,85451,1.8,2701.51,0.74,ADA,2.84,RAIN,-3.37
2026-10-02T15:36:02.517643+00:00,36.28,22.93,67.09,23.43,85485,1.96,2700.64,0.95,ADA,2.99,RAIN,-3.21
2026-10-02T15:40:06.897657+00:00,35.16,20.32,67.72,23.43,85415,1.79,2695.52,0.64,ADA,2.68,RAIN,-3.17
2026-10-02T15:44:02.603502+00:00,34.73,19.46,67.72,23.43,85331,1.71,2693.05,0.6,ADA,2.53,RAIN,-3.33
2026-10-02T15:48:03.099112+00:00,34.74,19.49,67.72,23.43,85341,1.68,2695.39,0.67,ADA,2.68,RAIN,-3.23
2026-10-02T15:52:02.403098+00:00,33.17,16.34,67.72,23.43,85349,1.42,2696.1,0.52,SOL,2.22,RAIN,-3.34
2026-10-02T15:56:05.894407+00:00,33.24,16.82,67.15,23.43,85309,1.44,2695.78,0.53,SOL,2.29,RAIN,-3.36
2026-10-02T16:00:19.336519+00:00,33.18,16.7,67.15,23.43,85273,1.38,2695.58,0.53,HYPE,2.94,RAIN,-3.4
2026-10-02T16:04:02.814840+00:00,33.58,17.5,67.15,23.43,85415,1.45,2699.67,0.56,HYPE,2.8,RAIN,-3.28
2026-10-02T16:08:02.539881+00:00,33.17,16.69,67.15,23.43,85428,1.39,2701.01,0.48,HYPE,2.69,RAIN,-3.36
2026-10-02T16:12:03.272949+00:00,33.38,16.47,66.91,25.37,85286,1.35,2696.78,0.5,ADA,2.87,RAIN,-3.33
2026-10-02T16:16:08.006425+00:00,31.57,12.85,66.91,25.37,85203,1.05,2694.04,0.29,ADA,2.56,RAIN,-3.52
2026-10-02T16:20:04.201094+00:00,32.58,14.87,66.91,25.37,85280,1.17,2697.66,0.51,ADA,2.87,RAIN,-3.32
2026-10-02T16:24:02.549039+00:00,32.92,15.54,66.91,25.37,85294,1.19,2698.55,0.59,ADA,3.15,RAIN,-3.17
2026-10-02T16:28:03.958426+00:00,31.09,13.26,65.91,23.43,85195,1.06,2693.5,0.34,ADA,2.67,RAIN,-3.41
2026-10-02T16:32:03.908170+00:00,30.79,12.66,65.91,23.43,85184,1.05,2692.41,0.26,ADA,2.38,RAIN,-3.3
2026-10-02T16:36:02.431307+00:00,29.26,9.6,65.91,23.43,85181,0.79,2693.11,0.09,HYPE,2.08,RAIN,-3.59
2026-10-02T16:40:08.075083+00:00,31.15,13.39,65.91,23.43,85148,1.04,2692.29,0.36,HYPE,2.7,RAIN,-3.67
2026-10-02T16:44:03.977686+00:00,30.34,12.03,65.47,23.43,85074,0.96,2688.8,0.24,HYPE,2.6,RAIN,-3.94
2026-10-02T16:48:02.939257+00:00,31.01,13.38,65.47,23.43,85211,1.05,2692.71,0.32,HYPE,2.87,RAIN,-4.19
2026-10-02T16:52:03.658689+00:00,32.11,15.58,65.47,23.43,85253,1.24,2692.47,0.43,ADA,2.97,RAIN,-4.87
2026-10-02T16:56:03.583634+00:00,31.92,15.19,65.47,23.43,85161,1.21,2690.03,0.4,ADA,3.08,RAIN,-5.22
2026-10-02T17:00:16.751907+00:00,31.85,15.15,65.28,23.43,85177,1.21,2690.06,0.4,ADA,3.03,RAIN,-5.8
2026-10-02T17:04:02.365959+00:00,30.36,12.18,65.28,23.43,85204,1.0,2690.93,0.15,ADA,2.56,RAIN,-6.55
2026-10-02T17:08:02.597972+00:00,29.6,10.66,65.28,23.43,85189,0.9,2689.61,-0.01,ADA,2.22,RAIN,-6.75
2026-10-02T17:12:02.645647+00:00,29.06,9.57,65.28,23.43,85089,0.81,2687.37,-0.04,HYPE,2.06,RAIN,-7.48
2026-10-02T17:16:14.160618+00:00,27.67,7.0,64.94,23.43,85031,0.65,2684.91,-0.27,SOL,1.71,RAIN,-7.91
2026-10-02T17:20:04.214880+00:00,24.89,1.44,64.94,23.43,84808,0.17,2681.0,-0.53,FIGR_HELOC,1.53,RAIN,-8.56
2026-10-02T17:24:02.500272+00:00,25.29,2.25,64.94,23.43,84863,0.26,2682.69,-0.54,FIGR_HELOC,1.54,RAIN,-9.16
2026-10-02T17:28:02.507397+00:00,23.04,-2.26,64.94,23.43,84681,-0.11,2681.69,-0.81,FIGR_HELOC,1.76,RAIN,-9.51
2026-10-02T17:32:05.864769+00:00,22.28,-4.73,66.52,23.43,84638,-0.3,2681.88,-0.95,FIGR_HELOC,1.79,RAIN,-9.09
2026-10-02T17:36:02.534165+00:00,24.16,-0.96,66.52,23.43,84728,-0.06,2684.74,-0.61,FIGR_HELOC,2.21,RAIN,-7.87
2026-10-02T17:40:02.937720+00:00,22.25,-4.77,66.52,23.43,84688,-0.35,2683.89,-0.82,FIGR_HELOC,2.21,RAIN,-7.76
2026-10-02T17:44:02.747536+00:00,21.3,-6.68,66.52,23.43,84610,-0.48,2680.96,-0.99,FIGR_HELOC,2.21,RAIN,-7.7
2026-10-02T17:48:03.835427+00:00,21.27,-6.8,66.63,23.43,84599,-0.49,2680.46,-1.0,FIGR_HELOC,2.22,RAIN,-7.76
2026-10-02T17:52:02.905149+00:00,22.1,-5.15,66.63,23.43,84683,-0.38,2682.52,-0.83,FIGR_HELOC,2.22,RAIN,-7.69
2026-10-02T17:56:03.263872+00:00,23.55,-2.25,66.63,23.43,84770,-0.17,2684.3,-0.64,FIGR_HELOC,2.29,RAIN,-7.46
2026-10-02T18:00:03.861092+00:00,24.04,-1.28,66.63,23.43,84769,-0.09,2683.48,-0.58,FIGR_HELOC,2.28,RAIN,-7.49
2026-10-02T18:04:03.710141+00:00,24.81,1.22,66.11,21.84,84809,0.11,2685.83,-0.38,FIGR_HELOC,2.28,RAIN,-7.6
2026-10-02T18:08:02.266960+00:00,24.86,1.32,66.11,21.84,84818,0.11,2685.43,-0.34,FIGR_HELOC,2.29,RAIN,-7.42
2026-10-02T18:12:02.906245+00:00,24.05,-0.31,66.11,21.84,84814,0.01,2684.4,-0.47,FIGR_HELOC,2.28,RAIN,-7.03
2026-10-02T18:16:07.596572+00:00,23.94,-0.51,66.11,21.84,84826,-0.01,2684.76,-0.53,FIGR_HELOC,2.28,RAIN,-7.04
2026-10-02T18:20:06.930039+00:00,22.96,-2.35,65.89,21.84,84663,-0.12,2680.55,-0.7,FIGR_HELOC,2.28,RAIN,-7.59
2026-10-02T18:24:02.544401+00:00,22.03,-4.21,65.89,21.84,84640,-0.24,2679.03,-0.84,FIGR_HELOC,2.29,RAIN,-8.09
2026-10-02T18:28:03.176121+00:00,21.63,-5.0,65.89,21.84,84597,-0.29,2678.56,-0.85,FIGR_HELOC,2.02,RAIN,-8.18
2026-10-02T18:32:03.513413+00:00,21.92,-4.42,65.89,21.84,84593,-0.23,2678.64,-0.79,FIGR_HELOC,2.02,RAIN,-7.97
2026-10-02T18:36:03.864218+00:00,19.95,-7.74,64.91,21.72,84530,-0.45,2678.29,-0.99,FIGR_HELOC,2.02,RAIN,-8.05
2026-10-02T18:40:02.822225+00:00,17.43,-12.78,64.91,21.72,84471,-0.84,2676.71,-1.27,FIGR_HELOC,2.02,RAIN,-8.09
2026-10-02T18:44:02.841722+00:00,15.54,-16.56,64.91,21.72,84125,-1.0,2660.08,-1.73,FIGR_HELOC,2.02,RAIN,-8.32
2026-10-02T18:48:03.063810+00:00,15.03,-17.58,64.91,21.72,84041,-1.07,2658.02,-1.8,FIGR_HELOC,2.02,RAIN,-8.28
2026-10-02T18:52:04.031111+00:00,16.21,-15.31,65.06,21.72,83994,-0.86,2654.81,-1.68,FIGR_HELOC,2.02,RAIN,-7.95
2026-10-02T18:56:03.480067+00:00,17.65,-12.42,65.06,21.72,84177,-0.68,2661.31,-1.4,FIGR_HELOC,2.02,RAIN,-8.0
2026-10-02T19:00:13.307173+00:00,17.79,-12.15,65.06,21.72,84177,-0.67,2661.31,-1.36,FIGR_HELOC,2.02,RAIN,-8.04
2026-10-02T19:04:02.716368+00:00,18.91,-9.91,65.06,21.72,84288,-0.55,2667.97,-1.15,FIGR_HELOC,2.02,RAIN,-7.96
2026-10-02T19:08:03.972514+00:00,18.71,-10.53,65.06,22.3,84246,-0.61,2668.48,-1.15,FIGR_HELOC,2.02,RAIN,-7.98
2026-10-02T19:12:02.629420+00:00,17.13,-13.69,65.06,22.3,84118,-0.85,2667.28,-1.36,FIGR_HELOC,2.04,RAIN,-8.04
2026-10-02T19:16:08.420531+00:00,17.51,-12.93,65.06,22.3,84091,-0.76,2664.65,-1.35,FIGR_HELOC,2.04,RAIN,-7.97
2026-10-02T19:20:04.368971+00:00,16.58,-14.79,65.06,22.3,84003,-0.9,2658.99,-1.57,FIGR_HELOC,2.04,RAIN,-8.1
2026-10-02T19:24:03.904284+00:00,17.41,-12.71,65.64,20.35,84013,-0.75,2660.27,-1.4,FIGR_HELOC,2.01,RAIN,-7.94
2026-10-02T19:28:03.143213+00:00,18.44,-10.65,65.64,20.35,84124,-0.63,2665.18,-1.2,FIGR_HELOC,2.0,RAIN,-7.53
2026-10-02T19:32:03.955431+00:00,18.83,-9.86,65.64,20.35,84121,-0.6,2665.63,-1.06,FIGR_HELOC,2.02,RAIN,-7.42
2026-10-02T19:36:02.374369+00:00,18.25,-11.03,65.64,20.35,84089,-0.72,2665.1,-1.12,FIGR_HELOC,2.02,RAIN,-7.57
2026-10-02T19:40:04.061836+00:00,19.54,-8.49,65.71,20.35,84196,-0.49,2666.63,-1.04,FIGR_HELOC,2.01,RAIN,-7.66
2026-10-02T19:44:02.838711+00:00,19.43,-8.7,65.71,20.35,84219,-0.48,2666.78,-1.14,FIGR_HELOC,2.24,RAIN,-7.5
2026-10-02T19:48:02.969605+00:00,19.02,-9.52,65.71,20.35,84167,-0.53,2665.55,-1.18,FIGR_HELOC,2.31,RAIN,-7.48
2026-10-02T19:52:03.115280+00:00,18.76,-10.06,65.71,20.35,84181,-0.53,2665.13,-1.26,FIGR_HELOC,2.3,RAIN,-7.74
2026-10-02T19:56:04.998633+00:00,18.26,-9.79,65.73,17.17,84186,-0.51,2664.63,-1.25,FIGR_HELOC,2.3,RAIN,-7.85
2026-10-02T20:00:13.107654+00:00,18.46,-9.38,65.73,17.17,84234,-0.46,2666.22,-1.21,FIGR_HELOC,2.29,RAIN,-7.79
2026-10-02T20:04:03.194641+00:00,18.51,-9.29,65.73,17.17,84361,-0.45,2667.94,-1.26,FIGR_HELOC,2.3,RAIN,-7.82
2026-10-02T20:08:02.969872+00:00,18.13,-10.04,65.73,17.17,84362,-0.49,2666.85,-1.34,FIGR_HELOC,2.3,RAIN,-7.92
2026-10-02T20:12:04.258907+00:00,18.7,-9.53,66.77,17.17,84350,-0.47,2666.84,-1.23,FIGR_HELOC,2.3,RAIN,-7.82
2026-10-02T20:16:07.691679+00:00,18.75,-9.43,66.77,17.17,84362,-0.46,2667.69,-1.21,FIGR_HELOC,2.3,RAIN,-7.73
2026-10-02T20:20:04.000952+00:00,18.5,-9.93,66.77,17.17,84361,-0.48,2667.14,-1.3,FIGR_HELOC,2.31,RAIN,-7.81
2026-10-02T20:24:02.862554+00:00,18.35,-10.22,66.77,17.17,84359,-0.51,2667.41,-1.29,FIGR_HELOC,2.33,RAIN,-7.73
2026-10-02T20:28:03.912518+00:00,18.95,-8.92,66.59,17.17,84448,-0.41,2668.03,-1.26,FIGR_HELOC,2.33,RAIN,-7.76
2026-10-02T20:32:04.274718+00:00,18.69,-9.44,66.59,17.17,84344,-0.46,2666.45,-1.25,FIGR_HELOC,2.33,RAIN,-7.81
2026-10-02T20:36:02.328759+00:00,19.53,-7.77,66.59,17.17,84423,-0.34,2670.05,-1.09,FIGR_HELOC,2.33,RAIN,-7.69
2026-10-02T20:40:02.943681+00:00,19.54,-7.73,66.59,17.17,84414,-0.33,2668.6,-1.12,FIGR_HELOC,2.33,RAIN,-7.61
2026-10-02T20:44:04.027777+00:00,19.43,-7.84,66.37,17.17,84317,-0.33,2666.26,-1.13,FIGR_HELOC,2.35,RAIN,-7.77
2026-10-02T20:48:03.136297+00:00,18.83,-9.04,66.37,17.17,84237,-0.41,2662.1,-1.27,FIGR_HELOC,2.36,RAIN,-7.73
2026-10-02T20:52:03.274521+00:00,19.03,-8.64,66.37,17.17,84391,-0.31,2661.44,-1.43,FIGR_HELOC,2.35,RAIN,-7.85
2026-10-02T20:56:03.256595+00:00,19.74,-7.22,66.37,17.17,84442,-0.21,2663.31,-1.3,FIGR_HELOC,2.33,RAIN,-7.78
2026-10-02T21:00:05.387040+00:00,19.79,-7.7,67.35,17.17,84387,-0.24,2660.93,-1.35,FIGR_HELOC,2.28,RAIN,-7.84
2026-10-02T21:04:02.468731+00:00,20.75,-5.78,67.35,17.17,84491,-0.11,2664.53,-1.2,FIGR_HELOC,2.34,RAIN,-7.63
2026-10-02T21:08:02.430579+00:00,20.5,-6.28,67.35,17.17,84497,-0.14,2664.14,-1.23,FIGR_HELOC,2.35,RAIN,-7.67
2026-10-02T21:12:03.139425+00:00,20.63,-6.01,67.35,17.17,84493,-0.13,2663.53,-1.22,FIGR_HELOC,2.35,RAIN,-7.77
2026-10-02T21:16:09.296228+00:00,21.05,-5.3,67.54,17.17,84501,-0.1,2663.37,-1.17,FIGR_HELOC,2.35,RAIN,-7.8
2026-10-02T21:20:03.805533+00:00,21.15,-5.09,67.54,17.17,84494,-0.1,2663.28,-1.12,FIGR_HELOC,2.35,RAIN,-7.77
2026-10-02T21:24:02.560080+00:00,20.75,-5.88,67.54,17.17,84481,-0.15,2662.61,-1.19,FIGR_HELOC,2.37,RAIN,-7.78
